state,county,year,practiceArea,injuryType,resultType,amount,is_verdict,log_amount,source,description
Illinois,,2026,Medical Malpractice,Wrongful Death,settlement,363000000.0,0,19.709913394983946,News,$363.0 million settlement in a medical malpractice case in Illinois . The plaintiff sustained wrongful death and was awarded damages.
Illinois,,2026,Medical Malpractice,Other,verdict,281000000.0,1,19.45386523085674,News,$281.0 million jury verdict in a medical malpractice case in Illinois . The plaintiff sustained personal injury and was awarded damages.
Illinois,,2026,Other,Wrongful Death,verdict,241000000.0,1,19.300307495604308,News,$241.0 million jury verdict in Illinois . The plaintiff sustained wrongful death and was awarded damages.
Illinois,,2026,Premises Liability,Other,verdict,148190997.0,1,18.81401252674116,News,$148.2 million jury verdict in a premises liability case in Illinois . The plaintiff sustained personal injury and was awarded damages.
Illinois,,2026,Other,Other,settlement,145000000.0,0,18.7922443072814,News,$145.0 million settlement in Illinois . The plaintiff sustained personal injury and was awarded damages.
New York,,2026,Medical Malpractice,Other,settlement,120000000.0,0,18.603002309079653,News,$120.0 million settlement in a medical malpractice case in New York . The plaintiff sustained personal injury and was awarded damages.
New York,,2026,Bicycle Accident,Spinal Cord Injury,verdict,110174972.0,1,18.517580323627627,News,"$110,174,972.38 verdict for a cyclist who was paralyzed by a falling railroad tie during subway maintenance."
Illinois,,2026,Other,Wrongful Death,verdict,79850000.0,1,18.19566044514878,News,$79.8 million jury verdict in Illinois . The plaintiff sustained wrongful death and was awarded damages.
New York,,2026,Bus Accident,Other,settlement,65000000.0,0,17.989897843244528,News,$65.0 million settlement in a bus accident case in New York . The plaintiff sustained personal injury and was awarded damages.
Illinois,,2026,Other,Wrongful Death,settlement,60700000.0,0,17.921454272504192,News,$60.7 million settlement in Illinois . The plaintiff sustained wrongful death and was awarded damages.
New York,,2026,Other,Burns,verdict,60000000.0,1,17.909855136853043,News,Stroke treatment delay leads to biggest ever malpractice verdict in Westchester NY's High Court Widens Path for Emotional Distress Claim for Family Members Who Lost 2-Year-Old to Falling Debris | New York Law Journal $60 Million Awarded to N.Y. Student Engulfed in Flames in Chemistry Accident Beacon.
New York,,2026,Other,Other,settlement,56000000.0,0,17.840862266556567,News,Other settlement of $56 million in New York.
New York,,2026,Workplace Injury,Spinal Cord Injury,verdict,53500000.0,1,17.795192230557824,News,"$53,500,000 verdict in a Brooklyn case for a 43-year-old worker who suffered paralysis after a work site accident."
Illinois,,2026,Other,Wrongful Death,verdict,52182059.0,1,17.770249315621072,News,$52.2 million jury verdict in Illinois . The plaintiff sustained wrongful death and was awarded damages.
New Jersey,,2026,Medical Malpractice,Other,verdict,46700000.0,1,17.6592547440524,News,$46.7 million jury verdict in a medical malpractice case in New Jersey . The plaintiff sustained personal injury and was awarded damages.
Illinois,,2026,Car Accident,Other,settlement,45000000.0,0,17.622173069956816,News,$45.0 million settlement in a car accident case in Illinois . The plaintiff sustained personal injury and was awarded damages.
Illinois,,2026,Car Accident,Burns,settlement,35000000.0,0,17.370858648025116,News,Car Accident settlement of $35 million in Illinois.
New York,,2026,Car Accident,Traumatic Brain Injury,verdict,32756156.0,1,17.30460150237575,News,Verdict in a Long Island case for a Vietnam veteran who suffered severe life-threatening head injuries after he was hit by a driver impaired on drugs.
New Jersey,,2026,Medical Malpractice,Other,verdict,28600000.0,1,17.168917310755116,News,$28.6 million jury verdict in a medical malpractice case in New Jersey . The plaintiff sustained personal injury and was awarded damages.
Illinois,,2026,Other,Wrongful Death,verdict,28000000.0,1,17.147715103853763,News,$28.0 million jury verdict in Illinois . The plaintiff sustained wrongful death and was awarded damages.
New York,,2026,Workplace Injury,Other,settlement,25000000.0,0,17.034386422832473,News,"$25,000,000 settlement in a third party work injury case for a crane operator who sustained serious injuries after a construction site fall."
Illinois,,2026,Workplace Injury,Other,verdict,25000000.0,1,17.034386422832473,News,Verdict for severe injuries to a railroad worker in a yard.
New Jersey,,2026,Other,Other,settlement,25000000.0,0,17.034386422832473,News,$25.0 million settlement in New Jersey . The plaintiff sustained personal injury and was awarded damages.
Texas,,2026,Car Accident,Wrongful Death,settlement,23291950.72,0,16.9636184391223,News,"HERRMAN & HERRMAN PERSONAL INJURY CASE RESULTS Herrman & Herrman P.L.L.C., has represented thousands of clients with serious injuries."
Illinois,,2026,Car Accident,Wrongful Death,verdict,22000000.0,1,16.906553056777135,News,Teenager in stolen vehicle crashed into decedent's car during high-speed police pursuit on Chicago's West Side.
Illinois,,2026,Other,Other,verdict,21059014.0,1,16.862839292446196,News,$21.1 million jury verdict in Illinois . The plaintiff sustained personal injury and was awarded damages.
Illinois,,2026,Other,Other,settlement,20648337.0,0,16.843145389870784,News,$20.6 million settlement in Illinois . The plaintiff sustained personal injury and was awarded damages.
Illinois,,2026,Other,Wrongful Death,settlement,20500000.0,0,16.835935492889124,News,$20.5 million settlement in Illinois . The plaintiff sustained wrongful death and was awarded damages.
New York,,2026,Car Accident,Other,verdict,20181484.0,1,16.8202761578929,News,"$20,181,484 verdict for a man injured in a head-on collision caused by icy road conditions in Westchester County."
Illinois,,2026,Other,Other,settlement,19500000.0,0,16.785925074816024,News,$19.5 million settlement in Illinois . The plaintiff sustained personal injury and was awarded damages.
Illinois,,2026,Truck Accident,Other,verdict,17900000.0,1,16.700311326676903,News,$17.9 million jury verdict in a truck accident case in Illinois . The plaintiff sustained personal injury and was awarded damages.
New York,,2026,Other,Other,settlement,17675000.0,0,16.687661826323996,News,$17.7 million settlement in New York . The plaintiff sustained personal injury and was awarded damages.
Illinois,,2026,Bus Accident,Wrongful Death,verdict,17650000.0,1,16.6862463980008,News,"Read more Nursing Home Neglect $17.65 Million We represented the family of “Mary,” a 52-year-old woman with multiple sclerosis who entered a nursing home for full-time care. Tragically, over the next several years, Mary endured severe and ongoing neglect. She was frequently left sitting in her own w."
Illinois,,2026,Medical Malpractice,Wrongful Death,verdict,17000000.0,1,16.648723960844016,News,Verdict for the wrongful death of an infant due to medical malpractice.
Illinois,,2026,Other,Other,settlement,15750000.0,0,16.572350986727976,News,$15.8 million settlement in Illinois . The plaintiff sustained personal injury and was awarded damages.
Illinois,,2026,Other,Other,verdict,15228068.0,1,16.538650927601132,News,$15.2 million jury verdict in Illinois . The plaintiff sustained personal injury and was awarded damages.
Illinois,,2026,Medical Malpractice,Traumatic Brain Injury,verdict,15000000.0,1,16.52356082573315,News,"Read more Child Medical Malpractice $15 Million A 3 year-old boy was seen by two medical providers with a high fever yet he was discharged without any proper care and sent home. Two days later, the child fell into a coma from fluid buildup on his brain, suffered a stroke and was diagnosed with menin."
New York,,2026,Other,Wrongful Death,settlement,15000000.0,0,16.52356082573315,News,"$15,000,000 settlement in a wrongful death case for the surviving wife and five children of an HVAC technician who tragically died in an on-the-job accident."
New Jersey,,2026,Other,Other,verdict,14596000.0,1,16.496258145050394,News,$14.6 million jury verdict in New Jersey . The plaintiff sustained personal injury and was awarded damages.
New York,,2026,Other,Other,settlement,14500000.0,0,16.489659276356317,News,$14.5 million settlement in New York . The plaintiff sustained personal injury and was awarded damages.
Illinois,,2026,Medical Malpractice,Other,verdict,14000000.0,1,16.454567959008102,News,Medical Malpractice jury verdict of $14 million in Illinois.
New York,,2026,Truck Accident,Other,settlement,14000000.0,0,16.454567959008102,News,"$14,000,000 settlement in a Nassau County case for a 23-year-old man who suffered serious injuries after being hit by a truck while riding his motorcycle."
New Jersey,,2026,Medical Malpractice,Other,verdict,14000000.0,1,16.454567959008102,News,Trial Verdict; Medical Malpractice / Wrongful Birth.
New York,,2026,Car Accident,Traumatic Brain Injury,settlement,13500000.0,0,16.41820031748273,News,"$13,500,000 settlement for a woman who sustained Traumatic Brain Injury and multiple fractures after she was hit by a car while she was walking home at night. This is the highest reported personal injury settlement in Suffolk County."
Illinois,,2026,Medical Malpractice,Other,settlement,13000000.0,0,16.380459992348886,News,Settlement for birth injury caused by medical negligence during childbirth.
Illinois,,2026,Workplace Injury,Other,settlement,12560000.0,0,16.346027798622156,News,$12.6 million settlement in a workplace injury case in Illinois . The plaintiff sustained personal injury and was awarded damages.
New York,,2026,Truck Accident,Wrongful Death,settlement,12500000.0,0,16.341239282272525,News,"$27,500,000 verdict for a pedestrian struck by a bus. The pedestrian suffered the loss of her leg. This is the largest verdict for such an injury in New York State history."
Illinois,,2026,Other,Wrongful Death,settlement,12250000.0,0,16.32103657658766,News,Settlement for fatal railroad crossing accident involving negligence by railway operator.
Illinois,,2026,Truck Accident,Other,verdict,12208791.0,1,16.31766690589353,News,$12.2 million jury verdict in a truck accident case in Illinois . The plaintiff sustained personal injury and was awarded damages.
New York,,2026,Other,Other,settlement,12043500.0,0,16.304035736307323,News,$12.0 million settlement in New York . The plaintiff sustained personal injury and was awarded damages.
Illinois,,2026,Truck Accident,Wrongful Death,settlement,12000000.0,0,16.300417291085605,News,"Motor Vehicle Accidents $12 Million Our client’s wife was fatally struck by an 18-wheeler after her vehicle stalled on the road. While she was stopped with her hazard lights on, the truck driver failed to pay attention and never braked before colliding and killing our client’s wife. Our le."
New York,,2026,Other,Other,settlement,12000000.0,0,16.300417291085605,News,"$12,000,000 settlement for a victim who suffered serious neurologic and orthopedic injuries after an accident on the job in Manhattan."
New York,,2026,Other,Other,settlement,11638000.0,0,16.269786250124167,News,$11.6 million settlement in New York . The plaintiff sustained personal injury and was awarded damages.
New York,,2026,Workplace Injury,Other,settlement,11500000.0,0,16.257857680289998,News,"$11,500,000 settlement for a 35-year-old union construction worker who suffered injuries, including complex regional pain syndrome in his wrist, in a defective saw accident."
Illinois,,2026,Truck Accident,Wrongful Death,settlement,11500000.0,0,16.257857680289998,News,Settlement for fatal truck accident and severe injuries to mother and toddler after insurer’s bad faith negotiations.
Illinois,,2026,Other,Wrongful Death,verdict,11250000.0,1,16.23587877550359,News,$11.3 million jury verdict in Illinois . The plaintiff sustained wrongful death and was awarded damages.
New Jersey,,2026,Car Accident,Other,settlement,11175000.0,0,16.229189787949363,News,On a cumulative total of in five cases settled for occupants injured in unsafe cars.
Illinois,,2026,Other,Other,settlement,11050000.0,0,16.21794107642577,News,$11.1 million settlement in Illinois . The plaintiff sustained personal injury and was awarded damages.
New York,,2026,Other,Other,settlement,11000000.0,0,16.213405921671733,News,"$11,000,000 settlement in a Brooklyn case for a masonry foreman who was injured when he stepped on an unsecured temporary cover placed over a hole and fell three stories to the basement below."
Illinois,,2026,Truck Accident,Other,settlement,11000000.0,0,16.213405921671733,News,$11.0 million settlement in a truck accident case in Illinois . The plaintiff sustained personal injury and was awarded damages.
Illinois,,2026,Car Accident,Other,settlement,10800000.0,0,16.195056784687036,News,$10.8 million settlement in a car accident case in Illinois . The plaintiff sustained personal injury and was awarded damages.
New York,,2026,Truck Accident,Wrongful Death,settlement,10750000.0,0,16.190416405561198,News,"$26,000,000 settlement for the family of a 35-year-old woman who was a pedestrian struck and killed by a truck on 6th Ave. in Manhattan. This is believed to be the largest settlement in the history of New York for the wrongful death of one individual."
New York,,2026,Truck Accident,Wrongful Death,settlement,10500000.0,0,16.166885910365842,News,"$10,500,000 settlement in a wrongful death case for a union laborer who suffered fatal injuries when a defective saw he was provided kicked back and struck his neck."
New Jersey,,2026,Other,Wrongful Death,verdict,10500000.0,1,16.166885910365842,News,Other case in New Jersey. Wrongful Death resulting in a $10.5M award.
Illinois,,2026,Bus Accident,Wrongful Death,verdict,10000000.0,1,16.118095750958314,News,"Civil Rights $10 Million Shortly before 2 a.m., two Columbus, Ohio police officers responded to a non-emergency call about a parked car. At the same time, our client, a 47-year-old Black Lives Matter activist, was walking home from a friend’s house with his cell phone illuminated. The offi."
New York,,2026,Other,Spinal Cord Injury,verdict,9792412.0,1,16.09711846013239,News,"$9,792,412 verdict in a Bronx case for a man who suffered a stroke during surgery and suffered left arm and partial left foot paralysis."
Louisiana,,2026,Premises Liability,Back Injury,verdict,9342355.87,1,16.05006911991401,CourtListener,"B&P agreed to pay $2,500 in liquidated damages for each calendar day that the project was inexcusably delayed in meeting substantial completion."
New York,,2026,Car Accident,Back Injury,settlement,9263326.0,0,16.041573829351172,News,"$9,263,326 settlement for a taxi passenger who sustained lumbar spinal injuries and knee injuries after he was rear-ended by another vehicle."
Illinois,,2026,Other,Other,settlement,9000000.0,0,16.012735246411598,News,"Defective Medical Devices $9 Million Transvaginal mesh devices were not tested in women before receiving FDA approval. Because of this, many women that were treated with this device have suffered severe and even life-threatening complications. Our attorneys successfully group set."
Texas,,2026,Car Accident,Other,verdict,9000000.0,1,16.012735246411598,News,$9.0 million jury verdict in a car accident case in Texas . The plaintiff sustained personal injury and was awarded damages.
New York,,2026,Other,Other,settlement,9000000.0,0,16.012735246411598,News,"$9,000,000 settlement for a high school student who required multiple surgeries to his arm and elbow after he was injured when a wall collapsed on him."
New York,,2026,Pedestrian Accident,Traumatic Brain Injury,settlement,8800000.0,0,15.990262393084793,News,"$8,800,000 settlement for Queens woman who suffered a brain injury after a serious pedestrian accident."
New York,,2026,Other,Other,settlement,8300000.0,0,15.931766193248746,News,$8.3 million settlement in New York . The plaintiff sustained personal injury and was awarded damages.
New York,,2026,Other,Other,settlement,8000000.0,0,15.894952224644102,News,$8.0 million settlement in New York . The plaintiff sustained personal injury and was awarded damages.
Illinois,,2026,Premises Liability,Wrongful Death,verdict,8000000.0,1,15.894952224644102,News,Read more Premises Liability $8 Million We represented the family of a 48-year-old who was shot and killed by a security guard outside of a gas station. Our unarmed client got into an argument with the security over loud music when the situation escalated and the guard killed him. Read more.
New Jersey,,2026,Truck Accident,Traumatic Brain Injury,settlement,7982000.0,0,15.892699689872693,News,Settlement; Motor Vehicle Accident; Collision with Truck; Brain Injury.
New York,,2026,Car Accident,Wrongful Death,settlement,7525000.0,0,15.83374150148957,News,"$7,525,000 settlement in a wrongful death case for survivors of a tragic car crash that killed a mother and her son in Suffolk County."
New Jersey,,2026,Workplace Injury,Other,verdict,7346000.0,1,15.809666641490246,News,Verdict; Medical Negligence; Construction Accident.
New York,,2026,Workplace Injury,Broken Bones,settlement,7300000.0,0,15.803385043104912,News,"$7,300,000 settlement for a worker who sustained an arm amputation after a serious on-the-job accident in Brooklyn."
Illinois,,2026,Medical Malpractice,Burns,verdict,7250000.0,1,15.796512164761882,News,"Medical Malpractice $7.25 Million Our client, 13, was hospitalized due to behavior issues and administered Lamictal and Latuda daily with an increased dosage. He began showing signs of a severe reaction to the medication and yet the facility increased the dosage. Our client was subsequentl."
New Jersey,,2026,Medical Malpractice,Other,settlement,7250000.0,0,15.796512164761882,News,Settlement; Medical Malpractice; Failure to Diagnose & Treat Pneumothorax.
New York,,2026,Premises Liability,Wrongful Death,settlement,7000000.0,0,15.76142084987672,News,Premises Liability settlement of $7 million in New York.
Illinois,,2026,Other,Wrongful Death,verdict,7000000.0,1,15.76142084987672,News,Verdict for the wrongful death of a young Chicago student.
New Jersey,,2026,Other,Spinal Cord Injury,settlement,7000000.0,0,15.76142084987672,News,Settlement; Aviation Accident Resulting in Paralysis.
Michigan,,2026,Medical Malpractice,Traumatic Brain Injury,verdict,7000000.0,1,15.76142084987672,News,Hospital mismanagement of newborn after delivery caused cerebral palsy.
New York,,2026,Other,Other,verdict,6793881.0,1,15.731533059285718,News,"$6,793,881 verdict for a client with internal injuries after a work accident at a Brooklyn water treatment plant."
New York,,2026,Other,Other,settlement,6500000.0,0,15.687312888712007,News,"$6,500,000 settlement for a union mechanic who was injured when a catwalk collapsed, causing him to fall 18-20 feet at a Manhattan work site."
New Jersey,,2026,Medical Malpractice,Traumatic Brain Injury,settlement,6500000.0,0,15.687312888712007,News,Settlement; Medical Malpractice; Birth Injury; Cerebral Palsy.
North Carolina,NC (statewide list),2026,Truck Accident,Wrongful Death,settlement,6500000.0,0,15.687312888712007,NC Lawyers Weekly,Wrongful death settlement after a runaway trailer detached and killed a driver in a head-on crash on a North Carolina road.
New York,,2026,Workplace Injury,Traumatic Brain Injury,settlement,6400000.0,0,15.671808704579888,News,"$6,400,000 settlement in a Bronx case for a union ironworker who fell approximately 30 feet and suffered multiple injuries, including fractures, post-concussion syndrome, and bulging discs."
New York,,2026,Workplace Injury,Spinal Cord Injury,settlement,6250000.0,0,15.648092181712572,News,Settlement for a construction worker who suffered complete quadriplegia after a worksite fall.
New York,,2026,Other,Other,settlement,6080000.0,0,15.620515418416021,News,$6.1 million settlement in New York . The plaintiff sustained personal injury and was awarded damages.
New York,,2026,Premises Liability,Wrongful Death,settlement,6000000.0,0,15.607270193858982,News,Premises Liability settlement of $6 million in New York.
Illinois,,2026,Bus Accident,Other,settlement,6000000.0,0,15.607270193858982,News,"Read more Sex Abuse $6 Million Peter (name changed to protect privacy) was a young member of his local Boy Scouts troop when he was sexually abused by his scoutmaster. Over several years, the scoutmaster groomed him through gifts, dinners, and by stepping into a father-figure role at a time when Pet."
New Jersey,,2026,Medical Malpractice,Other,settlement,6000000.0,0,15.607270193858982,News,Medical Malpractice case in New Jersey. Other resulting in a $6.0M award.
Texas,,2026,Car Accident,Other,verdict,5920000.0,1,15.593847175779093,News,$5.9 million jury verdict in a car accident case in Texas . The plaintiff sustained personal injury and was awarded damages.
New Jersey,,2026,Medical Malpractice,Back Injury,settlement,5900000.0,0,15.59046307836746,News,Settlement; Medical Malpractice; Improperly Discontinued Antibiotic Therapy.
Illinois,,2026,Car Accident,Other,settlement,5600000.0,0,15.53827733427679,News,Settlement for pre-teen boy left quadriplegic after car crash.
New York,,2026,Other,Wrongful Death,settlement,5500000.0,0,15.520258832020865,News,Other settlement of $5.5 million in New York.
Illinois,,2026,Other,Other,settlement,5500000.0,0,15.520258832020865,News,Settlement for a medical negligence case.
North Carolina,Mecklenburg,2026,Car Accident,Traumatic Brain Injury,settlement,5490000.0,0,15.518438995635059,NC Lawyers Weekly,"Recovery for a retired couple injured in a crash on I-485 in the Charlotte area; one spouse sustained a traumatic brain injury with hemorrhage and a vertebral fracture, the other multiple rib fractures with pneumothorax."
Illinois,,2026,Other,Other,settlement,5250000.0,0,15.473738825043979,News,Settlement for patients affected by defective medical devices.
New York,,2026,Workplace Injury,Back Injury,verdict,5030572.0,1,15.431044452088925,News,"$5,030,572 verdict for a laborer who was hurt when a scaffold tipped over; a groundbreaking case involving the use of 3D video of a back surgery as evidence for the jury."
New York,,2026,Medical Malpractice,Other,verdict,5000000.0,1,15.424948670398354,News,Medical Malpractice jury verdict of $5 million in New York.
Illinois,,2026,Medical Malpractice,Wrongful Death,verdict,5000000.0,1,15.424948670398354,News,"Medical Malpractice $5 Million Our client, 34, was hospitalized due to a miscarriage resulting in a lot of blood loss. She required several blood transfusions and was then discharged home that same evening. Once home, she continued not to feel well, fever and felt faint so she returned to."
Texas,,2026,Car Accident,Wrongful Death,verdict,5000000.0,1,15.424948670398354,News,$5.0 million jury verdict in a car accident case in Texas . The plaintiff sustained wrongful death and was awarded damages.
New Jersey,,2026,Medical Malpractice,Traumatic Brain Injury,verdict,5000000.0,1,15.424948670398354,News,Trial Verdict; Medical Malpractice; Negligent Postoperative Care; Brain Injury.
New York,,2026,Workplace Injury,Other,settlement,4995000.0,0,15.423948170264971,News,"$4,995,000 settlement for a laborer who sustained elbow and ankle injuries in a construction site fall caused by unsteady flooring."
New Jersey,,2026,Other,Burns,settlement,4800000.0,0,15.38412668421143,News,$4.8 million settlement in New Jersey . The plaintiff sustained burns and was awarded damages.
Illinois,,2026,Medical Malpractice,Back Injury,settlement,4750000.0,0,15.373655386537118,News,"Read more Medical Malpractice $4.75 Million Denise (name changed to protect client) delivered her child with no complications, however it was later discovered that her doctor failed to diagnose her kidney damage before the birth. As a result of this medical malpractice, she suffered a heart attack."
New York,,2026,Truck Accident,Other,settlement,4750000.0,0,15.373655386537118,News,"$4,750,000 settlement for a 51-year-old union worker who was struck by an NYC sanitation vehicle, leading to various injuries that required multiple surgeries."
New Jersey,,2026,Medical Malpractice,Other,settlement,4750000.0,0,15.373655386537118,News,Confidential Settlement; Medical Malpractice; Labor & Delivery Negligence.
New Jersey,,2026,Other,Other,settlement,4600000.0,0,15.341567078850604,News,Other case in New Jersey. Other resulting in a $4.6M award.
Illinois,,2026,Medical Malpractice,Traumatic Brain Injury,settlement,4590000.0,0,15.339390799901627,News,"Medical Malpractice $4.5 Million Our client arrived at the hospital in active labor at 40 weeks, and her baby was delivered later that evening. Although meconium was present at birth, hospital staff failed to act or monitor the newborn appropriately. Soon after, the mother noticed her baby was unusu."
Illinois,,2026,Medical Malpractice,Wrongful Death,verdict,4550000.0,1,15.330638010707329,News,$4.5 million jury verdict in a medical malpractice case in Illinois . The plaintiff sustained wrongful death and was awarded damages.
New York,,2026,Premises Liability,Wrongful Death,settlement,4500000.0,0,15.319588176962746,News,"$5,500,000 settlement on behalf of the family of a man killed in the Pan Am 103 plane crash, which occurred in Lockerbie, Scotland."
New York,,2026,Other,Other,settlement,4375000.0,0,15.291417306345254,News,$4.4 million settlement in New York . The plaintiff sustained personal injury and was awarded damages.
Illinois,,2026,Medical Malpractice,Wrongful Death,settlement,4290000.0,0,15.271797524004405,News,"Read more Medical Malpractice $4.29 Million Emily (name changed to protect client) went to the hospital complaining of chest pains. She was admitted, but the hospital released her after a couple days without fully investigating the source of her pain. This client still had chest pains when she retur."
New York,,2026,Premises Liability,Wrongful Death,settlement,4200000.0,0,15.250595321348806,News,"Recovery to the widow of a Citibank employee who was killed in a plane crash in Brazil. The case was brought in New York against the foreign airline and the plane manufacturer. $4,500,000 recovery for victims of a defective diet drug."
New Jersey,,2026,Car Accident,Other,settlement,4197000.0,0,15.249880780581128,News,$4.2 million settlement in a car accident case in New Jersey . The plaintiff sustained personal injury and was awarded damages.
New York,,2026,Premises Liability,Wrongful Death,settlement,4000000.0,0,15.201805169084134,News,"$7,000,000 settlement on behalf of five people who suffered leg injuries in an elevator accident caused by negligent maintenance of the elevator support cable."
Illinois,,2026,Medical Malpractice,Wrongful Death,settlement,4000000.0,0,15.201805169084134,News,"Read more Medical Malpractice $4 Million Helen (name changed to protect client) went to the hospital to have a tracheotomy removed. After the procedure, she was observed for five minutes and released. Her son went to get his car to pick her up and when he got to her, she had collapsed. She was taken."
New York,,2026,Truck Accident,Wrongful Death,settlement,3975000.0,0,15.195535557642865,News,"$5,000,000 settlement in a construction accident case for a construction worker who fell from the roof of a building during a construction project and miraculously sustained only leg fractures."
New Jersey,,2026,Medical Malpractice,Other,settlement,3950000.0,0,15.18922639004183,News,Medical Malpractice case in New Jersey. Other resulting in a $4.0M award.
New York,,2026,Truck Accident,Wrongful Death,settlement,3925000.0,0,15.182877163975684,News,"Verdict in a construction accident case in New York County on behalf of a laborer who suffered burns after falling into a pit of scalding water. $3,975,000 settlement in New York County for a man who fell from a truck and was impaled by a piece of Rebar."
New York,,2026,Other,Other,settlement,3913000.0,0,15.179815156750912,News,$3.9 million settlement in New York . The plaintiff sustained personal injury and was awarded damages.
New Jersey,,2026,Car Accident,Wrongful Death,settlement,3750000.0,0,15.137266664613225,News,Settlement; Motor Vehicle Accident; Auto Product Liability; Wrongful Death.
New Jersey,,2026,Medical Malpractice,Other,settlement,3700000.0,0,15.123843647884687,News,Settlement; Medical Malpractice; Failure to Timely Diagnose and Treat Spinal Hematoma; Confidential Settlement.
Texas,,2026,Motorcycle Accident,Other,verdict,3650000.0,1,15.11023799953124,News,$3.6 million jury verdict in a motorcycle accident case in Texas . The plaintiff sustained personal injury and was awarded damages.
New Jersey,,2026,Workplace Injury,Other,settlement,3650000.0,0,15.11023799953124,News,$3.6 million settlement in a workplace injury case in New Jersey . The plaintiff sustained personal injury and was awarded damages.
Texas,,2026,Car Accident,Other,verdict,3600000.0,1,15.096444681204078,News,$3.6 million jury verdict in a car accident case in Texas . The plaintiff sustained personal injury and was awarded damages.
New York,,2026,Pedestrian Accident,Back Injury,settlement,3500000.0,0,15.068273812173887,News,"$3,500,000 settlement for a pedestrian who suffered hypothermia and herniated discs after falling 13 feet into an electrical vault."
New Jersey,,2026,Medical Malpractice,Other,settlement,3500000.0,0,15.068273812173887,News,Settlement; Medical Malpractice; Brachial Plexus Injury During Birth; Erbs Palsy.
New York,,2026,Other,Other,settlement,3479000.0,0,15.062255741572956,News,$3.5 million settlement in New York . The plaintiff sustained personal injury and was awarded damages.
Ohio,,2026,Medical Malpractice,Wrongful Death,settlement,3461349.73,0,15.05716945524681,CourtListener,"Based upon the jury’s verdict and the application of the statutory damages cap, the total judgment entered by the trial court against Avon Place amounted to $3,461."
Illinois,,2026,Medical Malpractice,Broken Bones,settlement,3350000.0,0,15.024471202308668,News,Medical Malpractice $3.3 Million Anna (name changed to protect client) had lasting health issues from childhood lymphoma. She was admitted to the hospital with leg pain which was wrongly attributed to neuralgia. Anna did not receive medical care until the next day when her legs were already turning.
New York,,2026,Truck Accident,Broken Bones,verdict,3258000.0,1,14.99662437508085,News,"$3,258,000 verdict for a 38-year-old delivery driver who suffered fractures as a result of being struck by a forklift."
New Jersey,,2026,Medical Malpractice,Spinal Cord Injury,settlement,3250000.0,0,14.99416586199818,News,Settlement; Medical Malpractice; Paraplegia Caused by Epidural Hematoma.
Illinois,,2026,Medical Malpractice,Spinal Cord Injury,settlement,3200000.0,0,14.978661680269907,News,"Medical Malpractice $3.2 Million Daniel (name changed to protect client) went to the hospital because he was light-headed. While there, he developed MERSA and bedsores due to the hospital’s negligence. He also is paralyzed from the waist down to a bedsore on his spine. This is a case of medical malp."
New York,,2026,Workplace Injury,Back Injury,settlement,3200000.0,0,14.978661680269907,News,"$3,200,000 settlement for a 50-year-old worker who suffered shoulder, elbow, and spine injuries when he fell after stepping on a scaffold plank that was not properly secured."
New Jersey,,2026,Medical Malpractice,Broken Bones,settlement,3100000.0,0,14.946912992035967,News,Settlement; Medical Malpractice; Failure to Diagnose Spinal Fracture; Contraindicated Medication.
New York,,2026,Car Accident,Wrongful Death,settlement,3000000.0,0,14.914123179965662,News,$3.0 million settlement in a car accident case in New York . The plaintiff sustained wrongful death and was awarded damages.
Illinois,,2026,Other,Back Injury,settlement,3000000.0,0,14.914123179965662,News,Civil Rights $3 Million Our client was wrongfully convicted of homicide and spent over two decades in prison. New evidence disclosed a key witness provided false testimony.
Texas,,2026,Pedestrian Accident,Wrongful Death,verdict,3000000.0,1,14.914123179965662,News,$3.0 million jury verdict in a pedestrian accident case in Texas . The plaintiff sustained wrongful death and was awarded damages.
New Jersey,,2026,Premises Liability,Other,settlement,2975000.0,0,14.905754933096265,News,Settlement; Premises Liability; Hazardous Condition of a Raquetball Court.
New York,,2026,Truck Accident,Wrongful Death,settlement,2950000.0,0,14.897316067298997,News,$3.0 million settlement in a truck accident case in New York . The plaintiff sustained wrongful death and was awarded damages.
New York,,2026,Other,Other,settlement,2909250.0,0,14.883406217701467,News,$2.9 million settlement in New York . The plaintiff sustained personal injury and was awarded damages.
Nevada,Clark,2026,Car Accident,Traumatic Brain Injury,verdict,2900000.0,1,14.88022163978423,Courtroom View Network trial coverage,"A driver intoxicated on alcohol and cannabis sped over a median in his Ford F-150 and struck a minivan carrying Autumn Carver and her four children. Carver claimed a severe traumatic brain injury among other injuries. Eighth Judicial District Court jury awarded just over $2.7 million in compensatory damages plus $200,000 punitive in January 2026, approximately $2.9 million total."
New Jersey,,2026,Other,Spinal Cord Injury,settlement,2850000.0,0,14.862829903121964,News,Settlement; Ice Hockey Accident Results in Paraplegia Injury.
Illinois,,2026,Other,Wrongful Death,settlement,2800000.0,0,14.845130332288226,News,Settlement for the wrongful death of a woman scalded by excessively hot water in the shower.
New Jersey,,2026,Medical Malpractice,Other,settlement,2800000.0,0,14.845130332288226,News,$2.8 million settlement in a medical malpractice case in New Jersey . The plaintiff sustained personal injury and was awarded damages.
New York,,2026,Truck Accident,Other,settlement,2750000.0,0,14.827111833279051,News,"$2,750,000 settlement for a 41-year-old woman who was driving on the Belt Parkway when she was struck and pushed off the road by a sanitation truck that struck an overpass."
Illinois,,2026,Other,Other,settlement,2750000.0,0,14.827111833279051,News,Settlement for severe injuries to man due to railroad’s unsafe work practices.
New Jersey,,2026,Medical Malpractice,Other,settlement,2750000.0,0,14.827111833279051,News,Settlement; Medical Malpractice; Hospital Administration.
New York,,2026,Truck Accident,Wrongful Death,settlement,2700000.0,0,14.80876270134486,News,"$3,975,000 settlement in New York County for a man who fell from a truck and was impaled by a piece of Rebar."
Illinois,,2026,Bus Accident,Other,verdict,2700000.0,1,14.80876270134486,News,"Read more Sex Abuse $2,700,000 Read more Defective Medical Devices."
Illinois,,2026,Other,Other,settlement,2626500.0,0,14.781163100110899,News,"Mesothelioma $2.6 Million This 75-year-old woman was diagnosed with mesothelioma due to asbestos exposure. She had not smoked for 20-30 years, but had been employed in the brakes division at BorgWarner for 15 years."
Illinois,,2026,Medical Malpractice,Other,verdict,2600000.0,1,14.77102238760702,News,"Read more Sex Abuse $2,600,000 Read more Medical Malpractice."
New York,,2026,Truck Accident,Wrongful Death,settlement,2500000.0,0,14.731801689838349,News,"$5,800,000 recovery for a New York construction worker who suffered a brain injury when a Hi-Lo struck a scaffold upon which he was working causing the scaffold to fall over."
Illinois,,2026,Truck Accident,Wrongful Death,settlement,2500000.0,0,14.731801689838349,News,Settlement for the family of a man killed in head-on crash with fatigued truck driver.
New Jersey,,2026,Medical Malpractice,Other,settlement,2500000.0,0,14.731801689838349,News,Settlement and Trial Verdict; Medical Malpractice; Wrongful Birth.
New York,,2026,Other,Other,settlement,2454000.0,0,14.713230311750873,News,$2.5 million settlement in New York . The plaintiff sustained personal injury and was awarded damages.
New Jersey,,2026,Workplace Injury,Wrongful Death,settlement,2438000.0,0,14.706688999195542,News,"Settlement; Unsafe Workplace, Negligent Design and Maintenance at Electrical Substation, Resulting in Electrocution Death."
New York,,2026,Other,Other,settlement,2400000.0,0,14.690979711984754,News,$2.4 million settlement in New York . The plaintiff sustained personal injury and was awarded damages.
New Jersey,,2026,Workplace Injury,Spinal Cord Injury,settlement,2400000.0,0,14.690979711984754,News,Settlement; Ironworker Paralyzed in Job Site Fall.
Texas,,2026,Car Accident,Other,verdict,2368000.0,1,14.677556697283242,News,$2.4 million jury verdict in a car accident case in Texas . The plaintiff sustained personal injury and was awarded damages.
New Jersey,,2026,Medical Malpractice,Other,settlement,2300000.0,0,14.648420115681892,News,Settlement; Medical Malpractice; Failure to Timely Treat Hemorrhaging.
Illinois,,2026,Bus Accident,Other,settlement,2250000.0,0,14.626441218624949,News,Sex Abuse $2.25 Million Michael (name changed to protect privacy) was the victim of sexual abuse by a priest from childhood until the age of 15 in the early 1980s. He first met the priest at a foster care facility run by the Archdiocese and then encountered the same priest at his local c.
New York,,2026,Premises Liability,Other,settlement,2250000.0,0,14.626441218624949,News,"$2,250,000 settlement for a Bronx woman who was injured when her ceiling collapse due to an untreated leak coming from the apartment upstairs."
New Jersey,,2026,Medical Malpractice,Other,settlement,2250000.0,0,14.626441218624949,News,Settlement; Medical Malpractice/Wrongful Birth Failure to Prenatally Diagnose Facial Structural Abnormalities; Treacher Collins Syndrome.
North Carolina,NC (statewide list),2026,Car Accident,Multiple Injuries,settlement,2250000.0,0,14.626441218624949,NC Lawyers Weekly,"Motor vehicle negligence settlement after a crash on the defendant's rural detour; injuries included a liver laceration, rib fractures, and a mediastinal hematoma."
New Jersey,,2026,Truck Accident,Other,verdict,2200000.0,1,14.603968372873895,News,$2.2 million jury verdict in a truck accident case in New Jersey . The plaintiff sustained personal injury and was awarded damages.
New York,,2026,Car Accident,Other,verdict,2150000.0,1,14.580978865220017,News,$2.1 million jury verdict in a car accident case in New York . The plaintiff sustained personal injury and was awarded damages.
Texas,,2026,Car Accident,Other,verdict,2127500.0,1,14.570458609464808,News,$2.1 million jury verdict in a car accident case in Texas . The plaintiff sustained personal injury and was awarded damages.
New Jersey,,2026,Medical Malpractice,Other,settlement,2100000.0,0,14.557448378884015,News,Settlement; Medical Malpractice; Medication Error.
New Jersey,,2026,Car Accident,Wrongful Death,settlement,2050000.0,0,14.53335083891935,News,Settlement; Inadequate Anesthesia Care Resulting In Brain Injury and Death.
Illinois,,2026,Medical Malpractice,Wrongful Death,verdict,2000000.0,1,14.508658238524095,News,Read more Civil Rights $2 Million A 17-year-old girl living in a residential facility for at-risk youth died at a Tennessee hospital four days after an altercation in which she was abused and violently restrained by multiple staff members. The State of Tennessee Autopsy Report identified her cause o.
Texas,,2026,Car Accident,Wrongful Death,verdict,2000000.0,1,14.508658238524095,News,$2.0 million jury verdict in a car accident case in Texas . The plaintiff sustained wrongful death and was awarded damages.
New York,,2026,Premises Liability,Back Injury,settlement,2000000.0,0,14.508658238524095,News,"$2,000,000 settlement for a dietary aide who injured his back when an elevator jerked, descended rapidly, and came to a sudden halt."
New Jersey,,2026,Medical Malpractice,Wrongful Death,settlement,2000000.0,0,14.508658238524095,News,Settlement; Medical Malpractice / Negligent Ambulance & Emergency Treatment Wrongful Death.
North Carolina,NC (statewide list),2026,Car Accident,Wrongful Death,settlement,2000000.0,0,14.508658238524095,NC Lawyers Weekly,Settlement for the estate of a North Carolina woman killed by an impaired driver; motor vehicle negligence claim with blunt force trauma causing death.
New Jersey,,2026,Other,Burns,settlement,1950000.0,0,14.48334044336031,News,Other case in New Jersey. Burns resulting in a $1.9M award.
New Jersey,,2026,Medical Malpractice,Wrongful Death,settlement,1940000.0,0,14.478199046503295,News,Settlement; Medication Error; Stevens Johnson Syndrome; Wrongful Death.
New Jersey,,2026,Medical Malpractice,Traumatic Brain Injury,settlement,1930000.0,0,14.47303107901565,News,Settlement; Medical Malpractice; Birth Injury; Cerebral Palsy.
Illinois,,2026,Premises Liability,Wrongful Death,settlement,1900000.0,0,14.45736497045232,News,Settlement for the wrongful death of a boy who drowned in an apartment complex’s pool.
New Jersey,,2026,Other,Other,settlement,1900000.0,0,14.45736497045232,News,$1.9 million settlement in New Jersey . The plaintiff sustained personal injury and was awarded damages.
New Jersey,,2026,Other,Wrongful Death,settlement,1875000.0,0,14.444119750719839,News,Settlement; Defective Design of Passenger Compartment; Wrongful Death.
New York,,2026,Workplace Injury,Back Injury,settlement,1850000.0,0,14.430696737594902,News,"$1,850,000 settlement for a worker who suffered rib, neck, and back injuries after he fell from a pipe scaffold while on the job."
New Jersey,,2026,Car Accident,Other,settlement,1850000.0,0,14.430696737594902,News,Settlement for Injuries Suffered in a Head on Motor Vehicle Collision.
New Jersey,,2026,Medical Malpractice,Other,settlement,1800000.0,0,14.403297778421795,News,Settlement; Medical Malpractice; Birth Injury.
New Jersey,,2026,Medical Malpractice,Other,settlement,1775000.0,0,14.389311544271775,News,Jury Verdict/Settlement; Medical Malpractice; Failure to Diagnose Aortic Rupture.
New Jersey,,2026,Car Accident,Other,settlement,1765000.0,0,14.383661814921611,News,Settlement; Motor Vehicle Accident Involving Commercial Vehicle.
Illinois,,2026,Other,Other,settlement,1750000.0,0,14.375126917328105,News,Settlement in medical negligence case for neck injury due to improper neck traction treatment.
New Jersey,,2026,Truck Accident,Other,settlement,1750000.0,0,14.375126917328105,News,Settlement; Motor Vehicle/Trucking Accident.
California,Riverside,2026,Medical Malpractice,Wrongful Death,settlement,1750000.0,0,14.375126917328105,News,"Woman died after urgent care providers failed to recognize sepsis symptoms across two separate visits, leading to fatal infection."
Texas,,2026,Truck Accident,Back Injury,verdict,1700000.0,1,14.346139397261565,News,$1.7 million jury verdict in a truck accident case in Texas . The plaintiff sustained back injury and was awarded damages.
New Jersey,,2026,Premises Liability,Wrongful Death,settlement,1700000.0,0,14.346139397261565,News,Settlement at Trial; Inadequate Hotel Security: Shooting/Wrongful Death.
New Jersey,,2026,Medical Malpractice,Wrongful Death,verdict,1665000.0,1,14.325336281997101,News,Jury Verdict; Medical Malpractice/Wrongful Death; Failure to Diagnose Allergy.
New Jersey,,2026,Car Accident,Other,settlement,1650000.0,0,14.316286451937186,News,$1.6 million settlement in a car accident case in New Jersey . The plaintiff sustained personal injury and was awarded damages.
New York,,2026,Other,Other,settlement,1600000.0,0,14.285514812209815,News,$1.6 million settlement in New York . The plaintiff sustained personal injury and was awarded damages.
Illinois,,2026,Truck Accident,Wrongful Death,settlement,1600000.0,0,14.285514812209815,News,$1.6 million settlement in a truck accident case in Illinois . The plaintiff sustained wrongful death and was awarded damages.
New Jersey,,2026,Medical Malpractice,Wrongful Death,settlement,1600000.0,0,14.285514812209815,News,Settlement; Medical Malpractice; Failure to Timely Treat Lung Cancer; Wrongful Death.
Illinois,,2026,Truck Accident,Other,settlement,1575000.0,0,14.269766465162304,News,Settlement for garbage truck driver injured in crash with improperly marked disabled tractor-trailer.
Illinois,,2026,Truck Accident,Wrongful Death,settlement,1520000.0,0,14.23422155071698,News,"$1,520,000. Will County, Illinois. Wrongful death, truck accident."
New Jersey,,2026,Car Accident,Other,settlement,1510000.0,0,14.227620871042543,News,$1.5 million settlement in a car accident case in New Jersey . The plaintiff sustained personal injury and was awarded damages.
New York,,2026,Premises Liability,Other,settlement,1500000.0,0,14.220976332738882,News,"$1,500,000 settlement for two workers who were injured when a freight elevator malfunctioned and fell."
Illinois,,2026,Other,Wrongful Death,settlement,1500000.0,0,14.220976332738882,News,Settlement for the wrongful death of a young Chicago woman who suffocated in an MRI machine.
New Jersey,,2026,Medical Malpractice,Wrongful Death,settlement,1500000.0,0,14.220976332738882,News,Settlement; Medical Malpractice; Death Following Spinal Injury; Wrongful Death.
New York,,2026,Truck Accident,Shoulder Injury,settlement,1475000.0,0,14.204169225721929,News,"$1,475,000 settlement for Brooklyn man who injured his head, neck, and shoulder after being struck by falling equipment."
Illinois,,2026,Other,Other,settlement,1450000.0,0,14.187074804051692,News,Settlement for medical negligence in delayed treatment of aortic dissection.
New Jersey,,2026,Workplace Injury,Other,settlement,1430000.0,0,14.173185701536545,News,$1.4 million settlement in a workplace injury case in New Jersey . The plaintiff sustained personal injury and was awarded damages.
New Jersey,,2026,Other,Other,settlement,1412000.0,0,14.160518405250372,News,Settlement for Young Adult with Developmental Disabilities Injured Following Birth from Late Diagnosed Viral Herpes Meningitis.
Vermont,,2026,Medical Malpractice,Wrongful Death,verdict,1400000.0,1,14.151983508870947,News,Delayed recognition of metastatic testicular cancer led to the patient's death.
Illinois,,2026,Other,Back Injury,settlement,1400000.0,0,14.151983508870947,News,"Nursing Home Neglect $1.4 Million Grace (name changed to protect client) was sent to a nursing home after knee surgery. While there, she developed a bedsore at the base of her spine that went undetected due to her nursing home staff’s neglect. It was not until she was moved to a new facility that th."
New Jersey,,2026,Workplace Injury,Other,settlement,1400000.0,0,14.151983508870947,News,Settlement; Construction Accident; Ironworker Falls from Second Story.
New Jersey,,2026,Car Accident,Other,verdict,1392000.0,1,14.14625283826705,News,$1.4 million jury verdict in a car accident case in New Jersey . The plaintiff sustained personal injury and was awarded damages.
Illinois,,2026,Bus Accident,Other,verdict,1350000.0,1,14.115615891155079,News,$1.4 million jury verdict in a bus accident case in Illinois . The plaintiff sustained personal injury and was awarded damages.
New Jersey,,2026,Other,Wrongful Death,settlement,1350000.0,0,14.115615891155079,News,Settlement; Product Liability Wrongful Death; Metabolife.
New Jersey,,2026,Other,Other,settlement,1325000.0,0,14.096923772119156,News,$1.3 million settlement in New Jersey . The plaintiff sustained personal injury and was awarded damages.
Illinois,,2026,Other,Other,settlement,1300000.0,0,14.077875591662238,News,Settlement for permanent brachial plexus injury to baby due to errors by obstetrician and delivery nurse.
New Jersey,,2026,Medical Malpractice,Wrongful Death,settlement,1275000.0,0,14.058457520888082,News,Settlement; Medical Malpractice/Post-procedure Bleeding/Wrongful Death.
Ohio,Lucas,2026,Car Accident,Traumatic Brain Injury,verdict,1272926.0,1,14.05682953104059,PR Newswire,"Lucas County jury verdict for a woman who suffered a mild traumatic brain injury, PTSD, and spinal injuries when a chain collision started by a City of Toledo dump truck struck her car."
Texas,,2026,Truck Accident,Back Injury,verdict,1258629.44,1,14.045534735385555,News,$1.3 million jury verdict in a truck accident case in Texas . The plaintiff sustained back injury and was awarded damages.
New York,,2026,Other,Other,settlement,1257000.0,0,14.044239283117017,News,$1.3 million settlement in New York . The plaintiff sustained personal injury and was awarded damages.
Pennsylvania,,2026,Premises Liability,Soft Tissue Injury,settlement,1250000.0,0,14.038654909278163,News,"Minor child bitten by neighbor's dog, suffering facial scarring requiring reconstructive treatment."
Illinois,,2026,Truck Accident,Broken Bones,settlement,1250000.0,0,14.038654909278163,News,Motor Vehicle Accident $1.25 Million Rhonda’s (name changed to protect client) family called our law firm after learning that Rhonda was struck by a bus as she was crossing the street in Chicago. She was pushing a shopping cart across the street on her way to the store to purchase gifts fo.
New York,,2026,Truck Accident,Back Injury,settlement,1250000.0,0,14.038654909278163,News,"$1,250,000 settlement for a health care worker who suffered serious neck and back injuries when a car struck the back of his vehicle in traffic."
New Jersey,,2026,Medical Malpractice,Shoulder Injury,settlement,1250000.0,0,14.038654909278163,News,Settlement; Shoulder Dystocia; Brachial Plexus Birth Injury.
California,,2026,Truck Accident,Wrongful Death,settlement,1250000.0,0,14.038654909278163,News,"Motorcycle v. Auto, Intersection Infrastructure Malfunction Our client was riding his motorcycle through an intersection, proceeding on a green light, when he was fatally struck by the defendant, who was making a left turn directly in his path. In the aftermath of the collision, significant questions remained regarding how the crash occurr."
New Jersey,,2026,Premises Liability,Other,settlement,1220000.0,0,14.014362236381235,News,Settlement; Motor Vehicle Accident; Premises Liability; Failure to properly maintain roadway; Icy condition.
New York,,2026,Workplace Injury,Wrongful Death,settlement,1200000.0,0,13.997832948091215,News,"$2,950,000 settlement in a construction accident case for the estate of a single woman who suffered injuries and later died as a result of falling from a defective scaffold at a construction site."
Illinois,,2026,Medical Malpractice,Wrongful Death,settlement,1200000.0,0,13.997832948091215,News,Settlement for the wrongful death of an infant boy due to nurse’s negligence at a Chicago hospital.
New Jersey,,2026,Medical Malpractice,Other,settlement,1200000.0,0,13.997832948091215,News,Settlement; Medical Malpractice; Failure to Properly Monitor; Medical Equipment Failure.
New Jersey,,2026,Bicycle Accident,Wrongful Death,settlement,1189000.0,0,13.988624016715459,News,Settlement; Motorcyclist Killed in Crash.
New Jersey,,2026,Medical Malpractice,Wrongful Death,settlement,1175000.0,0,13.976779556623864,News,Settlement; Medical Malpractice; Labor & Delivery Negligence; Birth Injury; Wrongful Death.
New Jersey,,2026,Medical Malpractice,Other,verdict,1165000.0,1,13.968232503350668,News,Verdict; Medical Malpractice; Medication Error; Failure to Timely Diagnose and Treat Intracranial Bleed.
Illinois,,2026,Other,Other,verdict,1100000.0,1,13.910821646859095,News,Jury verdict for injuries from surgeon’s error during gallbladder surgery.
New Jersey,,2026,Medical Malpractice,Other,settlement,1100000.0,0,13.910821646859095,News,Settlement; Medical Malpractice; Failure to Timely Diagnose and Treat Leukemia.
Texas,,2026,Pedestrian Accident,Wrongful Death,verdict,1080000.0,1,13.8924725250259,News,$1.1 million jury verdict in a pedestrian accident case in Texas . The plaintiff sustained wrongful death and was awarded damages.
New Jersey,,2026,Other,Other,settlement,1050000.0,0,13.864301674514206,News,Settlement; Monmouth County Man Injured in a Traffic Accident.
New York,,2026,Other,Other,settlement,1040000.0,0,13.854732232655556,News,$1.0 million settlement in New York . The plaintiff sustained personal injury and was awarded damages.
New York,,2026,Other,Other,settlement,1025000.0,0,13.840204146163925,News,$1.0 million settlement in New York . The plaintiff sustained personal injury and was awarded damages.
New York,,2026,Other,Other,settlement,1000000.0,0,13.815511557963774,News,$1.0 million settlement in New York . The plaintiff sustained personal injury and was awarded damages.
Illinois,,2026,Medical Malpractice,Other,settlement,1000000.0,0,13.815511557963774,News,"Nursing Home Neglect $1 Million William (name changed to protect client) was bedridden at his nursing home where he developed a bedsore, which the staff concealed from his family. Although he was on a feeding tube, his family often found him lying flat rather than propped up which can lead to aspira."
New Jersey,,2026,Other,Wrongful Death,verdict,1000000.0,1,13.815511557963774,News,Wrongful Death Recovery Following Anesthesia Error.
California,,2026,Other,Traumatic Brain Injury,settlement,1000000.0,0,13.815511557963774,News,"Mild Traumatic Brain Injury in Merced County Traumatic brain injuries are often called “invisible injuries.” Unlike broken bones or visible wounds, the symptoms can be subtle, complex, and frequently misunderstood. Unfortunately, that often leads to delays in diagnosis and significant challenges when pursuing legal accountability. In this case, our clie."
New York,,2026,Bus Accident,Other,settlement,975000.0,0,13.790193775620484,News,"$250,000 settlement on behalf of a middle-eastern man."
Illinois,,2026,Medical Malpractice,Other,settlement,950000.0,0,13.76421831620775,News,"Nursing Home Neglect $950,000 Adam (name changed to protect client) was admitted to the hospital after falling into a coma. While there, he developed a bedsore. He was subsequently sent to several nursing homes where his wound worsened and he developed a total of five bedsores due to their neglect."
Illinois,,2026,Bicycle Accident,Other,verdict,940000.0,1,13.753636218075409,News,"$940,000 jury verdict in a bicycle accident case in Illinois . The plaintiff sustained personal injury and was awarded damages."
Illinois,,2026,Car Accident,Other,settlement,937001.0,0,13.75044069569,News,"Nursing Home Neglect $937,001 This nursing home resident developed a large wound due to the negligence of the staff. He was regularly left to sit in his own bodily waste, which resulted in the sore developing."
Illinois,,2026,Premises Liability,Other,settlement,925000.0,0,13.73755009757506,News,"Nursing Home Neglect $925,000 An 84-year-old nursing home resident suffering with Alzheimer’s disease and dementia developed a stage 4 bedsore due to his nursing home’s neglect."
Illinois,,2026,Medical Malpractice,Other,settlement,917000.0,0,13.728863841750549,News,"Nursing Home Neglect $917,000 Daniel (name changed to protect client) was an elderly nursing home resident who sought treatment for a cancerous tumor near his stomach. His doctors determined that he was not strong enough to undergo surgery and prescribed a combination of chemotherapy and medication."
New York,,2026,Car Accident,Wrongful Death,verdict,900000.0,1,13.710151153416941,News,"$900,000 jury verdict in a car accident case in New York . The plaintiff sustained wrongful death and was awarded damages."
Illinois,,2026,Bicycle Accident,Burns,settlement,826000.0,0,13.624351263156136,News,"Bicycle Accident settlement of $826,000 in Illinois."
Illinois,,2026,Bus Accident,Burns,settlement,810000.0,0,13.60479076121576,News,"$810,000. Scott County, Iowa. Negligence, fire damage. A combined settlement was reached with multiple defendants in a complex litigation on behalf of two separate commercial tenants of an industrial warehouse complex, for damage and resulting business losses sustained as a result of a devastating fire. A lawsuit alleged that warehousemen and others, who were responsible for the safety and securit."
Illinois,,2026,Bus Accident,Other,settlement,800000.0,0,13.592368256649284,News,"Bus Accident settlement of $800,000 in Illinois."
Illinois,,2026,Medical Malpractice,Back Injury,settlement,775000.0,0,13.560619598657233,News,"Nursing Home Neglect $775,000 Jessica (name changed to protect client) suffered from dementia and took a fall that fractured her spine and put her in the hospital. She stayed there to recover, but once her Medicare ran out, she was sent to a nursing home. While there, she developed a bedsore the siz."
Texas,,2026,Car Accident,Other,verdict,766159.78,1,13.549147322259095,News,"$766,159.78 jury verdict in a car accident case in Texas . The plaintiff sustained personal injury and was awarded damages."
New York,,2026,Medical Malpractice,Other,settlement,750000.0,0,13.527829818844937,News,"$750,000 settlement in a medical malpractice case in New York . The plaintiff sustained personal injury and was awarded damages."
Illinois,,2026,Slip and Fall,Back Injury,settlement,750000.0,0,13.527829818844937,News,"$750,000 settlement for railroad carman requiring spinal fusion after a slip and fall on unsafe conditions."
Illinois,,2026,Car Accident,Burns,settlement,737500.0,0,13.511022723127397,News,"Cook County, Illinois. Automobile accident. Settlement for a client who suffered a shoulder injury with a rotator cuff tear as a result of a rear-end collision with heavy impact. The insurance carrier’s original offer to our client was $190,000. The client had initially retained another law firm, filed a lawsuit, and presented their case before a mediator. A “final” offer of set."
Illinois,,2026,Other,Other,settlement,700000.0,0,13.45883704259595,News,"$700,000 settlement for a teen boy requiring spinal surgery due to a pediatrician’s failure to diagnose scoliosis."
Texas,,2026,Truck Accident,Back Injury,verdict,680000.0,1,13.429849547739444,News,"$680,000 jury verdict in a truck accident case in Texas . The plaintiff sustained back injury and was awarded damages."
Illinois,,2026,Other,Traumatic Brain Injury,settlement,640000.0,0,13.369225017834633,News,"$640,000 settlement for a concrete finisher with a skull fracture and brain injury from a falling stanchion plate."
New York,,2026,Slip and Fall,Other,settlement,600000.0,0,13.304686600863562,News,"$600,000 settlement in a slip and fall case in New York . The plaintiff sustained personal injury and was awarded damages."
Illinois,,2026,Medical Malpractice,Other,settlement,600000.0,0,13.304686600863562,News,"Nursing Home Neglect $600,000 Our client, a 79-year-old stroke patient, entered a nursing home for rehabilitation but instead suffered a rapid decline in health. Due to poor care and neglect, he developed severe bedsores that progressed to a Stage IV pressure ulcer, exposing the bone. Despite surger."
Illinois,,2026,Other,Wrongful Death,settlement,595000.0,0,13.296318365198623,News,"$595,000 settlement for the wrongful death of a woman due to the failure of medical staff to diagnose her coronary artery disease."
Illinois,,2026,Car Accident,Back Injury,verdict,582841.0,1,13.275671416595378,News,"$582,840.68 jury verdict for retired soccer player with back and neck injuries from car crash requiring spinal injections."
Virginia,,2026,Motorcycle Accident,Wrongful Death,verdict,550000.0,1,13.217675375388819,News,"Defendant turned left into an oncoming motorcycle in Chesapeake, killing the rider."
Illinois,,2026,Slip and Fall,Other,settlement,550000.0,0,13.217675375388819,News,"$550,000 settlement in a slip and fall case in Illinois . The plaintiff sustained personal injury and was awarded damages."
Illinois,,2026,Premises Liability,Other,settlement,545000.0,0,13.208542908506082,News,"$545,000 settlement in a premises liability case in Illinois . The plaintiff sustained personal injury and was awarded damages."
Illinois,,2026,Workplace Injury,Other,settlement,515000.0,0,13.151924121391561,News,"$515,000 settlement for a railroad worker who developed respiratory issues due to chemical exposure in a workplace injury claim."
New York,,2026,Other,Other,settlement,500000.0,0,13.122365377402328,News,"$500,000 settlement in New York . The plaintiff sustained personal injury and was awarded damages."
Illinois,,2026,Medical Malpractice,Burns,settlement,500000.0,0,13.122365377402328,News,"$500,000. Dog Bite Settlement. Read More."
Illinois,,2026,Medical Malpractice,Burns,settlement,450000.0,0,13.017005083966255,News,"$450,000. Chicago, Illinois. Liquid Burn Injuries, Premises Liability. Settlement was reached by John Malm on behalf of a 4-year-old boy who suffered second and third degree burn injuries due to scalding to his hands. The incident occurred when the boy’s hands made contact with hot water in a bathroom sink in an apartment in Chicago, Illinois. An investigation revealed that hot water from the fauc."
Texas,,2026,Motorcycle Accident,Other,verdict,433620.0,1,12.979926159669112,News,"$433,620 jury verdict in a motorcycle accident case in Texas . The plaintiff sustained personal injury and was awarded damages."
New York,,2026,Bicycle Accident,Other,settlement,430000.0,0,12.971542813248437,News,"$430,000 settlement in a bicycle accident case in New York . The plaintiff sustained personal injury and was awarded damages."
Illinois,,2026,Car Accident,Traumatic Brain Injury,settlement,400000.0,0,12.899222326086994,News,"$400,000. Kane County, Illinois. Motor vehicle accident."
Illinois,,2026,Slip and Fall,Broken Bones,settlement,397000.0,0,12.891694078557842,News,"$397,000 settlement for a lawyer with an ankle fracture from a slip and fall on an icy railroad platform."
Illinois,,2026,Truck Accident,Wrongful Death,settlement,393020.0,0,12.881618324538298,News,"Truck Accident settlement of $393,020 in Illinois."
Texas,,2026,Motorcycle Accident,Wrongful Death,verdict,382057.27,1,12.853328415222798,News,"$382,057.27 jury verdict in a motorcycle accident case in Texas . The plaintiff sustained wrongful death and was awarded damages."
New York,,2026,Other,Broken Bones,settlement,375000.0,0,12.834683971615659,News,Our client was a 10 year old boy from Staten Island who was playing with a friend at a neighbor's.
Illinois,,2026,Truck Accident,Other,settlement,375000.0,0,12.834683971615659,News,"John J. Malm & Associates Wins $375,000 for Woman Struck by a Car in a Bolingbrook Grocery Store Parking Lot John J."
New York,,2026,Medical Malpractice,Other,settlement,350000.0,0,12.765691290604371,News,"After twisting her ankle late one evening, a client went to a Nassau County podiatrist complaining of pain."
Illinois,,2026,Other,Wrongful Death,settlement,350000.0,0,12.765691290604371,News,"John J. Malm & Associates Wins $350,000 Settlement for Young Boy Injured in an ATV Accident John J."
Illinois,,2026,Car Accident,Wrongful Death,settlement,341000.0,0,12.739640688812674,News,"$341,000 settlement in a car accident case in Illinois . The plaintiff sustained wrongful death and was awarded damages."
New York,,2026,Other,Broken Bones,settlement,320000.0,0,12.676079399771027,News,"$320,000 settlement in New York . The plaintiff sustained broken bones and was awarded damages."
New York,,2026,Workplace Injury,Wrongful Death,settlement,300000.0,0,12.611541086966115,News,"Settlement for a young tourist who fell on the tracks of the PATH train station on 14th street in Manhattan and was hit by two trains. She suffered life-altering injuries. $3,000,000 settlement for the victim of a train accident who suffered severe and permanent internal and spinal cord."
Illinois,,2026,Medical Malpractice,Wrongful Death,settlement,300000.0,0,12.611541086966115,News,"$300,000. Hamilton County, Indiana. Wrongful death, pedestrian accident, distracted driver. A settlement for the applicable wrongful death limits under Indiana Law was reached for the family of a 25-year-old man who was killed in Demotte, Indiana as he stood on the side of the highway with his disabled vehicle. The young man was struck by another driver who was distracted by his cell phone at the."
Illinois,,2026,Premises Liability,Back Injury,settlement,295000.0,0,12.59473402514672,News,"Premises Liability settlement of $295,000 in Illinois."
Illinois,,2026,Motorcycle Accident,Back Injury,settlement,285000.0,0,12.560247968016562,News,"$285,000. Kane County, Illinois. Dog attack, premises liability. Settlement was reached by Chicago dog bite lawyer, John Malm, against the dogs’ and property owner’s insurance carrier after two pit bulls, which had been kept on the property, attacked a woman causing in a fall down a set of stairs. In addition to suffering numerous bite injuries, my client suffered two ruptured cervical vertebrae a."
Florida,,2026,Truck Accident,Traumatic Brain Injury,settlement,284000.0,0,12.556733038263905,News,"Verdict MEET NATHAN C. Nathan was eating a meal with his wife and friends at a restaurant when an aluminum shroud that was improperly installed fell and struck him on the head. The incident caused a concussion and cervical disc herniation, which required surgery. Morgan & Morgan attorneys refused a."
Illinois,,2026,Motorcycle Accident,Back Injury,settlement,275000.0,0,12.524530013005734,News,"$275,000. Kane County, Illinois. Motorcycle accident. Settlement obtained for a client who suffered numerous injuries including a shoulder injury with labrum tear, and hand, wrist, knee and back injuries as a result of a motorcycle vs. car accident. The man, who was operating his Harley-Davidson motorcycle, was injured when a Geneva Police SUV suddenly turned in front of him without warning, causi."
Illinois,,2026,Motorcycle Accident,Wrongful Death,settlement,260000.0,0,12.468440756144114,News,"$260,000 settlement in a motorcycle accident case in Illinois . The plaintiff sustained wrongful death and was awarded damages."
New York,,2026,Other,Other,settlement,250000.0,0,12.429220196836383,News,"$250,000 settlement in New York . The plaintiff sustained personal injury and was awarded damages."
Illinois,,2026,Motorcycle Accident,Wrongful Death,settlement,250000.0,0,12.429220196836383,News,"$250,000 settlement in a motorcycle accident case in Illinois . The plaintiff sustained wrongful death and was awarded damages."
Illinois,,2026,Car Accident,Burns,settlement,245000.0,0,12.409017571151187,News,"Car Accident settlement of $245,000 in Illinois."
New York,,2026,Workplace Injury,Burns,settlement,240000.0,0,12.388398368982115,News,"$240,000 settlement in a workplace injury case in New York . The plaintiff sustained burns and was awarded damages."
Illinois,,2026,Motorcycle Accident,Other,settlement,235000.0,0,12.367345048436391,News,"John J. Malm & Associates Secures $235,000 Settlement for Client Injured in Chicago Motorcycle Accident John J."
Illinois,,2026,Pedestrian Accident,Other,verdict,230000.0,1,12.345838935721968,News,"$230,000 jury verdict in a pedestrian accident case in Illinois . The plaintiff sustained personal injury and was awarded damages."
Illinois,,2026,Slip and Fall,Shoulder Injury,verdict,225000.0,1,12.323860125621126,News,"$225,000 jury verdict in a slip and fall case in Illinois . The plaintiff sustained shoulder injury and was awarded damages."
Illinois,,2026,Medical Malpractice,Knee Injury,settlement,222500.0,0,12.312686874960354,News,"$222,500. Cook County, Illinois. Motorcycle accident, intersection accident with a car in suburban Chicago. Laceration injury to forearm, laceration injury to knee, hand and shoulder injuries. Settlement was reached in an motorcycle accident involving a left-turning automobile, which struck the Plaintiff. The Plaintiff, a 30 year old man, was struck and thrown approximately 35 feet from his motorc."
Illinois,,2026,Medical Malpractice,Soft Tissue Injury,settlement,220000.0,0,12.301387370778713,News,"$220,000. Will County, Illinois. Dog Bite Incident. A pre-suit settlement was obtained for a young girl who suffered facial lacerations as a result of a dog attack that occurred during a neighborhood gathering in Naperville, Illinois. The dog was leashed at the time of the incident. The girl underwent a surgical repair of her wounds, but has suffered permanent scarring as a result of the attack. S."
Illinois,,2026,Truck Accident,Back Injury,settlement,210000.0,0,12.25486757159303,News,"$210,000. DuPage County, Illinois. Rear-end Automobile Accident, Shoulder Injury. A pre-trial settlement was reached for a man who suffered serious injuries, including tearing of the labral cartilage in his left shoulder, as well as other head, neck, and back injuries, for which he sustained as a result of a heavy impact rear-end-type collision in Downers Grove, Illinois. The man, who was stopped."
New York,,2026,Medical Malpractice,Other,settlement,200000.0,0,12.206077645517674,News,"$200,000 settlement in a medical malpractice case in New York . The plaintiff sustained personal injury and was awarded damages."
Illinois,,2026,Medical Malpractice,Broken Bones,settlement,200000.0,0,12.206077645517674,News,"$200,000. DuPage County, Illinois. Motor Vehicle Accident, Underinsured Motorist Claim (UIM). Settlement was reached by Naperville accident attorney, John J. Malm, on behalf of a Burr Ridge, Illinois woman who suffered ankle injuries in an intersection collision that was caused by a driver who made a careless left turn. The client was hospitalized and underwent surgery to treat an ankle fracture a."
Illinois,,2026,Slip and Fall,Other,settlement,190000.0,0,12.154784614286667,News,"John J. Malm & Associates Secures $190,000 Settlement for Slip and Fall on Ice at an Apartment."
New York,,2026,Medical Malpractice,Back Injury,settlement,180000.0,0,12.100717685412471,News,Settlement by the Puerto Rico medical malpractice attorneys at for the family of a.
Illinois,,2026,Bus Accident,Back Injury,settlement,180000.0,0,12.100717685412471,News,"$180,000. Cook County, Illinois. Slip and Fall/Premises Liability. Settlement obtained for a client who suffered a lumbar disk herniation as a result of a fall down. A bag of salt had been left on a front step, causing the woman to lose her balance and fall backwards down the concrete steps. She underwent a right lumbar laminectomy and diskectomy."
New York,,2026,Pedestrian Accident,Back Injury,settlement,175000.0,0,12.07254696717504,News,"$175,000 settlement in a pedestrian accident case in New York . The plaintiff sustained back injury and was awarded damages."
Illinois,,2026,Bus Accident,Back Injury,settlement,175000.0,0,12.07254696717504,News,"Bus Accident settlement of $175,000 in Illinois."
Texas,,2026,Car Accident,Other,verdict,168803.94,1,12.036499126118613,News,"$168,803.94 jury verdict in a car accident case in Texas . The plaintiff sustained personal injury and was awarded damages."
Illinois,,2026,Bus Accident,Back Injury,settlement,150000.0,0,11.918397239722838,News,"$150,000. DuPage County, Illinois. A pre-trial settlement was reached on behalf of a passenger of a “party bus,” or limousine, who suffered a neck injury requiring a double layer cervical fusion. The woman was being transported, along with members of a wedding party, to a nearby banquet hall for a reception. The woman suffered injuries when the bus made a sudden stop, sending her to the floor. The."
Illinois,,2026,Premises Liability,Back Injury,settlement,140000.0,0,11.849404844423074,News,"$140,000. Kane County, Illinois. Lead Poisoning, Injuries to Minors & Children, Premises Liability. Settlement was reached on behalf of three minor children who suffered lead poisoning after exposure to lead-based paint in a rented home in Aurora, Illinois. Evidence obtained through discovery revealed that the home had been under investigation by authorities from Kane County after a previous ordin."
New York,,2026,Premises Liability,Knee Injury,settlement,135000.0,0,11.813037464800539,News,"$175,000 settlement on behalf of a child that was."
Illinois,,2026,Car Accident,Other,verdict,135000.0,1,11.813037464800539,News,"$135,000 jury verdict in a car accident case in Illinois . The plaintiff sustained personal injury and was awarded damages."
New York,,2026,Premises Liability,Knee Injury,settlement,130000.0,0,11.775297421715827,News,A man that tripped in the Staten Island store of a national electronics chain sustaining a torn meniscus was awarded.
Illinois,,2026,Medical Malpractice,Other,settlement,130000.0,0,11.775297421715827,News,"$130,000. Defective product. Confidential. Will County, Illinois. A confidential settlement was reached before trial on behalf of a couple who alleged that a local hospital mishandled the remains of their deceased baby. The lawsuit filed by Naperville personal injury lawyer, John Malm, alleged that hospital personnel failed to follow the family’s instructions that the remains be preserved for priv."
Illinois,,2026,Truck Accident,Shoulder Injury,settlement,125000.0,0,11.736077016252437,News,"$125,000. Will County, Illinois. Trip and fall injury; Premises Liability. Settlement obtained by Naperville personal injury lawyer, John Malm, for a client who suffered a shoulder injury as a result of a fall down in a parking lot. The lawsuit alleged that a pavement defect, along with poor lighting, contributed to the cause of the fall. The plaintiff required surgery to treat her injuries."
Illinois,,2026,Car Accident,Shoulder Injury,settlement,100000.0,0,11.51293546492023,News,"Kane County, Illinois. Motor vehicle accident. Settlement was reached by the Illinois personal injury law firm, John J. Malm & Associates, on behalf of a client who was injured in a rear end automobile accident. The Aurora, Illinois man suffered shoulder injuries, including a posterior labral tear, as a result of a rear-end collision. The client underwent a shoulder arthroscopy and Bankh."
New York,,2026,Other,Knee Injury,settlement,95000.0,0,11.461642696843066,News,"$95,000 settlement in New York . The plaintiff sustained knee injury and was awarded damages."
New York,,2026,Car Accident,Back Injury,settlement,90000.0,0,11.407576060361786,News,A man who slipped on ice in the parking lot of his office building and fractured his knee was awarded.
New York,,2026,Car Accident,Back Injury,settlement,88000.0,0,11.385103457032141,News,"A women who was hit by a car while walking across the street, causing a herniated disc in her lower."
Texas,,2026,Pedestrian Accident,Wrongful Death,verdict,87796.17,1,11.382784546757494,News,"$87,796.17 jury verdict in a pedestrian accident case in Texas . The plaintiff sustained wrongful death and was awarded damages."
New York,,2026,Truck Accident,Other,settlement,80000.0,0,11.289794413577894,News,"An $88,000 settlement was by the car accident attorneys at for a man who tore a."
Illinois,,2026,Medical Malpractice,Wrongful Death,settlement,55000.0,0,10.915106645867503,News,"Nursing Home Neglect $550,000 Brenda (name changed to protect client), suffered a minor stroke and went to a nursing home for continued care. While at the nursing home, she was not properly cared for and developed several large bedsores on her foot and hip. She eventually went to the hospital, where."
Texas,,2026,Truck Accident,Back Injury,verdict,49476.9,1,10.809281384215302,News,"$49,476.9 jury verdict in a truck accident case in Texas . The plaintiff sustained back injury and was awarded damages."
Tennessee,,2026,Medical Malpractice,Back Injury,verdict,48302.59,1,10.785261164000694,CourtListener,"Medical Malpractice jury verdict of $48,302.59 in Tennessee."
Texas,,2026,Motorcycle Accident,Wrongful Death,verdict,17813.29,1,9.787756223190172,News,"$17,813.29 jury verdict in a motorcycle accident case in Texas . The plaintiff sustained wrongful death and was awarded damages."
Utah,,2025,Medical Malpractice,Traumatic Brain Injury,verdict,951000000.0,1,20.67302462156119,News,Excessive Pitocin doses and a delayed C-section at Jordan Valley Medical Center caused permanent brain damage requiring lifelong care.
Texas,Webb,2025,Car Accident,Traumatic Brain Injury,verdict,831000000.0,1,20.538140354023092,News,Special education specialist catastrophically injured in motorcycle crash caused by intoxicated 18-year-old overserved at a bar. Jury found bar owner and establishment 90% liable.
Louisiana,,2025,Workplace Injury,Traumatic Brain Injury,verdict,411000000.0,1,19.8341037748936,News,"Worker struck by falling 20-pound metal bar at refinery, leaving him wheelchair-bound with severely limited speech. Largest single-plaintiff award in Louisiana history."
New York,,2025,Truck Accident,Wrongful Death,settlement,182000000.0,0,19.019517250535575,News,"In the aftermath of the Tribeca crane collapse, Plaintiff received a $272.5 million settlement, the largest crane accident recovery in New York history and among the most significant construction accident settlements ever achieved."
Colorado,,2025,Workplace Injury,Traumatic Brain Injury,verdict,145260000.0,1,18.794035805026503,News,Painter suffered traumatic brain injury after falling from a ladder. Insurer wrongfully denied inpatient rehabilitation coverage. Jury awarded $60 million in punitive damages.
District of Columbia,,2025,Premises Liability,Wrongful Death,verdict,104700000.0,1,18.466609685391862,CourtListener,"Plaintiffs, Civil Action No."
Ohio,Jefferson,2025,Truck Accident,Amputation,verdict,82105346.0,1,18.22351370019474,Law Firm Newswire,"Jury verdict for a motorcyclist who suffered traumatic amputation of his left arm and left leg after a commercial truck crash; includes $3,000,000 in loss-of-consortium damages to his wife. Reported as the largest trucking verdict on record in Ohio and the largest personal-injury verdict in Jefferson County history."
Michigan,,2025,Premises Liability,Burns,verdict,75000000.0,1,18.132998684833918,News,HVAC technician lost most of his hands in refrigerant explosion at Kroger store after company failed to maintain equipment and withheld incident reports.
Maryland,,2025,Premises Liability,Spinal Cord Injury,verdict,71390000.0,1,18.08366837548621,News,Premises Liability jury verdict of $71.4 million in Maryland.
Illinois,,2025,Truck Accident,Wrongful Death,verdict,67000000.0,1,18.020203192280615,News,Semi-truck caused fatal crash after employer failed to train driver on off-tracking prevention. Multiple victims sustained serious injuries.
Illinois,,2025,Medical Malpractice,Wrongful Death,verdict,56000000.0,1,17.840862266556567,News,"Woman underwent elective liposuction and internal bleeding was not recognized for hours, resulting in death."
Texas,,2025,Bicycle Accident,Traumatic Brain Injury,verdict,56000000.0,1,17.840862266556567,News,Bicycle Accident jury verdict of $56.0 million in Texas.
New York,,2025,Bus Accident,Spinal Cord Injury,verdict,53000000.0,1,17.78580249038432,News,"Former NYC Transit Authority bus operator injured in collision with another NYCTA bus, resulting in multiple injuries with permanent effects."
California,,2025,Premises Liability,Burns,verdict,50000000.0,1,17.72753358339242,News,Delivery driver suffered severe burns when improperly secured cup caddy spilled hot water at Starbucks drive-through. Jury assigned 100% liability to the company.
California,,2025,Car Accident,Back Injury,verdict,36400000.0,1,17.410079360079497,News,Woman injured in T-bone collision when defendant failed to yield at stop sign. Suffered traumatic hemoperitoneum and chronic pain. Award included $25M for future noneconomic damages.
Texas,,2025,Workplace Injury,Wrongful Death,verdict,35000000.0,1,17.370858648025116,News,Teenager killed in farm work program accident. Employer found liable for inadequate safety supervision of minor worker.
California,,2025,Car Accident,Spinal Cord Injury,verdict,32800000.0,1,17.305939103842178,News,Rear-end collision in Los Angeles causing traumatic brain and spinal cord injuries.
California,Los Angeles,2025,Car Accident,Spinal Cord Injury,verdict,32500000.0,1,17.296750678069195,News,"Woman injured when two vehicles collided, sending them into her path. She swerved, struck the median, and rolled her vehicle, requiring spinal fusion surgery."
California,,2025,Premises Liability,Wrongful Death,settlement,31000000.0,0,17.249497794707484,News,"Defective Pool Drain / Wrongful Death Dordick Law $31 million partial settlement for a fatal pool accident against multiple responsible parties, including property management, pool maintenance companies, and the product manufacturer, and uncovered a pattern of negligence that contributed to this tragedy."
California,,2025,Other,Burns,settlement,30900000.0,0,17.24626677423043,News,"Wildfire Caused by Negligence Dordick Law Corporation has 30.9 million dollar settlement for clients who suffered devastating losses in a Southern California wildfire. The blaze, which spread rapidly through a residential community, destroyed homes and tragically claimed lives. It was later determined that the fir."
California,,2025,Truck Accident,Other,settlement,30300000.0,0,17.226658303482896,News,"Multiple Vehicle Collision This case involved two successive roadway collisions. Our client, driving a commercial truck, was first struck by another vehicle, which required the parties to stop along the side of the road. While awaiting assistance, another vehicle veered out of its lane, causing a collision. Our client, who was standing between."
California,,2025,Bus Accident,Other,settlement,30000000.0,0,17.216707972959764,News,"Business Liability for Criminal Conduct Cases involving injuries caused by third-party criminal acts are among the most challenging to pursue. The law is generally unfavorable to plaintiffs in these situations, especially when establishing foreseeability and legal duty in the face of sudden, violent acts. From the outset, the defendant maintained that."
Illinois,,2025,Motorcycle Accident,Broken Bones,verdict,27500000.0,1,17.129696599000436,News,"Motorcyclist struck by pickup truck at intersection, suffering a compound leg fracture and torn ligaments requiring multiple surgeries."
California,,2025,Truck Accident,Traumatic Brain Injury,verdict,21300000.0,1,16.87421767762801,News,"Mother's minivan rear-ended by 37,000-pound big rig while waiting to turn. Impact caused severe head trauma with lasting memory loss and chronic pain."
South Carolina,,2025,Premises Liability,Wrongful Death,verdict,20000000.0,1,16.811242881518265,CourtListener,": In this wrongful death action involving a fatal drowning, Lack's Beach Service (Lack's) appeals a jury award of approximately $20 million in damages to Meswaet Abel and her four children."
Illinois,,2025,Medical Malpractice,Traumatic Brain Injury,settlement,18000000.0,0,16.705882371415992,News,Settlement reached the night before closing arguments. Infant developed HIE and cerebral palsy due to birth complications.
California,,2025,Slip and Fall,Other,settlement,17500000.0,0,16.677711496036597,News,Slip and Fall settlement of $17.5 million in California.
Illinois,,2025,Medical Malpractice,Wrongful Death,verdict,17100000.0,1,16.65458907995242,News,Signs of fetal distress were not addressed during delivery. The child died at nine months of age.
South Carolina,,2025,Medical Malpractice,Wrongful Death,verdict,16000000.0,1,16.588099342704055,News,Infant death after medical team waited 29 hours to perform emergency C-section despite fetal distress signs.
South Carolina,,2025,Medical Malpractice,Wrongful Death,verdict,16000000.0,1,16.588099342704055,News,Infant death after medical team waited 29 hours to perform emergency C-section despite clear fetal distress signs.
Illinois,,2025,Truck Accident,Wrongful Death,verdict,15000000.0,1,16.52356082573315,News,Passenger killed when semi-truck crossed into the opposing lane of traffic.
Nevada,,2025,Slip and Fall,Spinal Cord Injury,verdict,15000000.0,1,16.52356082573315,News,"Woman slipped on spilled drink at Las Vegas casino, developing Complex Regional Pain Syndrome."
Nevada,,2025,Slip and Fall,Spinal Cord Injury,verdict,15000000.0,1,16.52356082573315,News,"Woman slipped on spilled drink at Las Vegas casino, developing Complex Regional Pain Syndrome causing permanent disability."
Nevada,Clark,2025,Car Accident,Wrongful Death,verdict,15000000.0,1,16.52356082573315,Las Vegas Review-Journal,"Wrongful death verdict for the wife and son of Eric Echevarria, 52, killed in December 2020 when a driver traveling approximately 88 to 90 mph in a 35 mph zone near Fort Apache Road and Blue Diamond Road struck his car. The driver, a former college basketball recruit, had pleaded guilty criminally to reckless driving resulting in death and vehicular manslaughter. Clark County jury found negligence in May 2025 but declined punitive damages."
Florida,,2025,Car Accident,Traumatic Brain Injury,verdict,15000000.0,1,16.52356082573315,CourtListener,Car Accident jury verdict of $15 million in Florida.
Nevada,Clark,2025,Car Accident,Traumatic Brain Injury,verdict,14000000.0,1,16.454567959008102,Courtroom View Network trial coverage,"Compensatory award for a 2018 rear-end crash on I-15 in Las Vegas: Timothy Kuhn, stationary in traffic, was struck from behind and suffered a brain injury with concussion, neck and back injuries. The other driver was found 100 percent at fault; Kuhn's own uninsured motorist insurer delayed payment for years, and the same Clark County jury in January 2025 added $100 million in punitive damages against the insurer for bad faith (punitive award not included in this amount)."
Georgia,,2025,Pedestrian Accident,Traumatic Brain Injury,verdict,13275000.0,1,16.40139320042184,News,Seven-year-old struck by tow truck traveling at excessive speed in residential neighborhood. Jury found tow truck operator 45% at fault for neurological damage.
Washington,,2025,Car Accident,Spinal Cord Injury,verdict,12741034.0,1,16.36033844499687,News,"Father and 12-year-old son injured when TruGreen truck failed to yield. Father suffered severe spinal injuries, son sustained a fractured femur."
Florida,,2025,Medical Malpractice,Traumatic Brain Injury,verdict,12000000.0,1,16.300417291085605,CourtListener,"The jury returned a verdict finding Stevenson and Grayton were a legal cause of Israeli’s injuries, awarding $60,000 in past damages but finding that Israeli did not sustain any future damages."
Texas,,2025,Workplace Injury,Broken Bones,verdict,11000000.0,1,16.213405921671733,News,Construction worker injured by debris thrown from roof at condominium site. Jury found the construction company liable for failing to maintain a safe environment.
Illinois,,2025,Truck Accident,Wrongful Death,verdict,10500000.0,1,16.166885910365842,News,"Widower awarded damages after his wife, a kindergarten teacher, was fatally struck by a dump truck operated by an inexperienced driver with unsecured debris."
Illinois,,2025,Other,Burns,verdict,9000000.0,1,16.012735246411598,News,Retired firefighter suffered severe chemical burns from wet concrete due to inadequate product warnings.
California,,2025,Truck Accident,Back Injury,settlement,8500000.0,0,15.955576839107596,News,"Auto v. Pedestrian During an off-road outing, our client was struck by a reckless driver and suffered life-altering injuries. The defense attempted to avoid responsibility by arguing “primary assumption of risk,” but our team at Dordick Law Corporation refused to back down. Through strategic advocacy and relentless commitment, Plaintiff received an $8.5 mil."
New York,Westchester,2025,Car Accident,Back Injury,verdict,8000000.0,1,15.894952224644102,News,$8.0 million jury verdict in a car accident case in New York . The plaintiff sustained back injury and was awarded damages.
California,,2025,Premises Liability,Spinal Cord Injury,verdict,7250000.0,1,15.796512164761882,News,Premises Liability jury verdict of $7.3 million in California.
Georgia,,2025,Medical Malpractice,Wrongful Death,verdict,7200000.0,1,15.789591722875162,CourtListener,"Among other damages not at issue here, the jury awarded approximately $."
Virginia,,2025,Truck Accident,Wrongful Death,settlement,7029256.0,0,15.76559156830085,CourtListener,"Plaintiffs Below, Respondents MEMORANDUM DECISION Petitioner F&R Cargo Express, LLC (“F&R Cargo”) appeals the circuit court’s denial of its renewed motion for judgment as a matter of law or new trial following a jury trial that resulted in a judgment against it for $7,029."
Virginia,,2025,Truck Accident,Wrongful Death,verdict,7000000.0,1,15.76142084987672,CourtListener,"The jury subsequently returned a verdict in favor Al-Saray and awarded her $7,000."
Colorado,,2025,Slip and Fall,Other,verdict,6900000.0,1,15.747032114495013,News,"Slip-&-Fall Verdict: Jared Mazzei & Jessica McBryant share their winning strategy with Colorado Trial Lawyer Connection podcast July 30, 2025."
Florida,Okeechobee,2025,Premises Liability,Spinal Cord Injury,verdict,6486717.0,1,15.685267259691775,News,"Walmart employee negligently struck a shopper with a pallet jack, causing spinal injuries requiring fusion surgery."
Virginia,,2025,Motorcycle Accident,Broken Bones,verdict,6000000.0,1,15.607270193858982,News,"Motorcyclist hit by a vehicle that failed to yield, resulting in a below-knee amputation."
Missouri,,2025,Premises Liability,Wrongful Death,verdict,5788000.0,1,15.571297539504748,CourtListener,Premises Liability jury verdict of $5.8 million in Missouri.
Virginia,,2025,Medical Malpractice,Wrongful Death,verdict,5021000.0,1,15.429139874180336,News,Patient died from a pulmonary embolism after prolonged dental surgery.
California,,2025,Car Accident,Traumatic Brain Injury,settlement,4500000.0,0,15.319588176962746,News,Car Accident settlement of $4.5 million in California.
Utah,,2025,Car Accident,Broken Bones,settlement,4300000.0,0,15.274125813221904,News,Freeway rear-end collision causing long-term physical impairment and emotional trauma.
California,,2025,Other,Other,settlement,4200000.0,0,15.250595321348806,News,Student vs School District Dordick Law Corporation represented a client injured due to a school’s failure to provide appropriate accommodations for its special needs students. Contributing to the incident was the fact that sports equipment on campus had not been according to the manufacturer’s specifications. Although the defense initially o.
California,,2025,Premises Liability,Other,settlement,3800000.0,0,15.150511887854474,News,"Premises Work Accident, Disputed Liability While working at a manufacturing plant, our client suffered serious orthopedic injuries to his lower leg when a dangerously loaded trailer failed and burst open. Despite navigating multiple defendants, complex indemnity claims, and persistent defense motions, our team ultimately $3.8 million settl."
Indiana,,2025,Medical Malpractice,Traumatic Brain Injury,verdict,3700000.0,1,15.123843647884687,CourtListener,Medical Malpractice jury verdict of $3.7 million in Indiana.
Virginia,,2025,Car Accident,Spinal Cord Injury,verdict,3460000.0,1,15.056779436051206,News,T-bone collision caused C5-C6 fractures and vertebral artery dissection.
Washington,,2025,Premises Liability,Soft Tissue Injury,settlement,3250000.0,0,14.99416586199818,News,"Woman attacked by police K-9 dog, causing permanent injuries."
Washington,,2025,Premises Liability,Soft Tissue Injury,settlement,3250000.0,0,14.99416586199818,News,Woman attacked by police K-9 dog causing permanent injuries requiring extensive medical treatment.
Washington,,2025,Premises Liability,Other,verdict,3200000.0,1,14.978661680269907,News,Teacher engaged in grooming behavior and the school failed to act on reports. Settlement for sexual abuse survivor.
New York,,2025,Car Accident,Wrongful Death,settlement,3000000.0,0,14.914123179965662,News,$3.0 million settlement in a car accident case in New York . The plaintiff sustained wrongful death and was awarded damages.
California,,2025,Medical Malpractice,Other,settlement,3000000.0,0,14.914123179965662,News,Neurological Damage The Dordick Law Corporation team $3 million partial settlement in a medical malpractice case in Southern California involving a patient who suffered neurological damage that was not diagnosed or treated promptly. The delay in care resulted in permanent neurological injury. Contributing factors in.
Illinois,,2025,Medical Malpractice,Broken Bones,verdict,2860000.0,1,14.866332532446323,News,"Unnecessary foot surgeries were performed on an osteoporosis patient, resulting in permanent disability."
California,,2025,Car Accident,Back Injury,settlement,2800000.0,0,14.845130332288226,News,"Auto v Auto Bodily Injuries, Disputed Liability Dordick Law Corporation represented a client whose life was turned upside down when a negligent driver caused a devastating crash that left them with serious injuries. Despite the responsible party’s repeated denials of liability, the Dordick Law Corporation team refused to back down. Through fearless."
Utah,,2025,Medical Malpractice,Knee Injury,settlement,2700000.0,0,14.80876270134486,CourtListener,"LUTHY, Judge: ¶1 Jaime Lynette Terry and her then husband, Craig Lewis Terry, received a joint settlement of $2,700,000 for personal injury claims arising from a motorcycle accident."
California,,2025,Car Accident,Back Injury,settlement,2600000.0,0,14.77102238760702,News,"Auto v Auto, T-boned, Neck Pain and Back Pain Dordick Law Corporation $2.6 million settlement for clients injured in a high-impact vehicle collision. The case involved complex liability issues and ongoing disputes over the severity of the injuries and the necessity of long-term treatment. Through persistent advocacy and careful case developm."
California,,2025,Pedestrian Accident,Traumatic Brain Injury,settlement,2500000.0,0,14.731801689838349,News,Two pedestrians struck in a marked crosswalk in La Jolla after a driver making a left turn failed to yield. Brain injuries were supported by diffusion tensor imaging and one victim underwent spinal surgery.
Georgia,,2025,Medical Malpractice,Shoulder Injury,verdict,2500000.0,1,14.731801689838349,CourtListener,"After bifurcated deliberations, the jury reached verdicts in Garcia’s favor of $."
California,,2025,Car Accident,Other,settlement,2250000.0,0,14.626441218624949,News,Car Accident settlement of $2.3 million in California.
New Jersey,,2025,Car Accident,Back Injury,verdict,2000000.0,1,14.508658238524095,News,Car Accident jury verdict of $2.0 million in New Jersey.
California,,2025,Car Accident,Other,settlement,2000000.0,0,14.508658238524095,News,"Bodily Injuries, Disputed Damages Dordick Law Corporation took over a car accident case; before that, the defense disputed the damages and had offered $800,000 during mediation. Once we stepped in, our team went to work preparing the case for trial and served a 998 offer, which the defense ultimately accepted. Through strategic litigation and."
California,,2025,Premises Liability,Burns,verdict,2000000.0,1,14.508658238524095,News,Hotel guest attacked by bed bugs in room. Management ignored online reviews warning about infestation.
Utah,,2025,Medical Malpractice,Broken Bones,verdict,2000000.0,1,14.508658238524095,CourtListener,"Herzog prevailed on both claims at trial, and the jury awarded her over $2 million in damages."
California,,2025,Car Accident,Traumatic Brain Injury,settlement,1970000.0,0,14.493544608328255,News,"Mild Traumatic Brain Injury caused by Car Crash Case Summary: Our client was rear-ended at high speed while stopped in a funeral procession, causing their vehicle to flip over. They sustained head and orthopedic injuries requiring surgery and were diagnosed with traumatic brain injury and post-concussive syndrome, resulting in ongoing symptoms aff."
California,,2025,Pedestrian Accident,Traumatic Brain Injury,settlement,1950000.0,0,14.48334044336031,News,Pedestrian Accident settlement of $1.9 million in California.
South Carolina,,2025,Medical Malpractice,Back Injury,settlement,1760000.0,0,14.38082493519599,CourtListener,Medical Malpractice settlement of $1.8 million in South Carolina.
California,,2025,Truck Accident,Back Injury,settlement,1530000.0,0,14.240778946963175,News,Truck Accident settlement of $1.5 million in California.
California,,2025,Truck Accident,Shoulder Injury,settlement,1500000.0,0,14.220976332738882,News,"Motorcycle Towing Accident, Disputed Liability Plaintiff received a police officer whose motorcycle suffered a flat tire. The tow truck company dispatched to assist him negligently dropped the motorcycle on top of him, causing serious shoulder and wrist injuries that ultimately prevented him from returning to work. Because liability was disputed, we had."
California,,2025,Car Accident,Traumatic Brain Injury,settlement,1350000.0,0,14.115615891155079,News,"MTBI, Disputed Damages Dordick Law Corporation represented a client who sustained a mild traumatic brain injury after the vehicle he was riding in was T-boned by the defendant. Around the same time, he was diagnosed with an unrelated chest tumor, which delayed any head-injury or TBI-related treatment for nearly two years. Although he."
California,,2025,Bus Accident,Traumatic Brain Injury,settlement,1325000.0,0,14.096923772119156,News,"Pedestrian v. School Bus. MTBI, Bodily Injuries, Contested Damages, Pre-Existing Condition We were brought into the case late, and only after the defense made an unreasonably low offer at mediation. Our client rightfully rejected that offer and retained us to take the case to trial. We immediately engaged top-tier experts and aggressively pursue."
Ohio,,2025,Slip and Fall,Knee Injury,verdict,1300000.0,1,14.077875591662238,CourtListener,"On February 12, 2024, the jury awarded Trout $1,300,000 in noneconomic damages."
California,,2025,Car Accident,Other,settlement,1250000.0,0,14.038654909278163,News,"Auto v Auto In an auto v. auto case in Southern California, the defendant failed to yield the right-of-way to the Plaintiff, causing a collision and rollover that left our client with serious injuries. Dordick Law Corporation $1.25 million settlement through determined advocacy to ensure our client received the compensation she."
Texas,,2025,Medical Malpractice,Soft Tissue Injury,verdict,1230000.0,1,14.0225255403564,News,Provider negligence during a routine treatment caused permanent injuries to the patient with lasting complications.
Alaska,,2025,Premises Liability,Wrongful Death,verdict,1200000.0,1,13.997832948091215,CourtListener,Premises Liability jury verdict of $1.2 million in Alaska.
Florida,,2025,Medical Malpractice,Wrongful Death,verdict,1200000.0,1,13.997832948091215,News,Unrecognized bowel perforations during hysterectomy resulted in patient death from peritonitis and sepsis.
Colorado,,2025,Car Accident,Other,verdict,1100000.0,1,13.910821646859095,News,"How to Win a Motor Vehicle Accident Case: Lessons from a $1.1 Million Verdict July 31, READ MORE."
Oregon,,2025,Car Accident,Back Injury,settlement,1000000.0,0,13.815511557963774,News,Rear-end collision victim suffered herniated discs requiring fusion surgery. Seven-figure settlement reached after conservative treatment failed.
California,,2025,Truck Accident,Traumatic Brain Injury,settlement,1000000.0,0,13.815511557963774,News,"Auto v. Auto, TBI, Disputed Damages Our client suffered a traumatic brain injury after her car was struck head-on by the defendant’s truck. Despite significant challenges, including a long gap in treatment and several preexisting medical conditions, the Dordick Law Corporation team remained steadfast in pursuing justice on her behalf. Through strategic."
District of Columbia,,2025,Truck Accident,Knee Injury,settlement,1000000.0,0,13.815511557963774,CourtListener,"Following that authorization, on November 28, Kragouras informed Bussman’s counsel Damien Smith over the phone that Farmers would compensate Bussman $1,000,000 to settle his claims."
Florida,,2025,Premises Liability,Back Injury,settlement,1000000.0,0,13.815511557963774,CourtListener,"The ALJ accepted the evidence from Palacios,unrebutted by AHCA, establishing the gross value of his damages (both economic and non-economic) to be $1,000."
California,,2025,Medical Malpractice,Traumatic Brain Injury,verdict,952000.0,1,13.766321364193118,News,"Physician missed diagnosis of a ruptured aneurysm, leaving the patient non-verbal and requiring 24-hour care for the rest of her life."
Ohio,,2025,Medical Malpractice,Knee Injury,settlement,945491.56,0,13.75946129819723,CourtListener,"Medical Malpractice settlement of $945,491.56 in Ohio."
Virginia,,2025,Medical Malpractice,Wrongful Death,verdict,875000.0,1,13.681980308196241,News,Pregnant woman with undiagnosed diabetic ketoacidosis suffered fetal death.
Colorado,,2025,Slip and Fall,Other,verdict,800000.0,1,13.592368256649284,News,"$800,000 jury verdict in a slip and fall case in Colorado . The plaintiff sustained personal injury and was awarded damages."
South Carolina,,2025,Medical Malpractice,Wrongful Death,settlement,640000.0,0,13.369225017834633,CourtListener,"Medical Malpractice settlement of $640,000 in South Carolina."
Texas,,2025,Motorcycle Accident,Burns,verdict,636336.0,1,13.363483576202325,CourtListener,"The jury assigned 65% fault to TxDOT and 35% to Smithson and awarded $636,336 in damages to Smithson."
Colorado,,2025,Car Accident,Whiplash,verdict,514047.0,1,13.150071925291183,News,"Rear-end collision causing trigeminal palsy symptoms, joint dysfunction, head injury, and disc herniations."
Florida,,2025,Medical Malpractice,Wrongful Death,verdict,504966.0,1,13.132248359587665,News,Post-operative bowel perforation from robotic-assisted hysterectomy led to peritonitis and death from sepsis.
Florida,,2025,Truck Accident,Back Injury,verdict,437186.0,1,12.988116300167231,CourtListener,"Truck Accident jury verdict of $437,186 in Florida."
New York,,2025,Other,Back Injury,settlement,400000.0,0,12.899222326086994,News,"$400,000 settlement in New York . The plaintiff sustained back injury and was awarded damages."
Florida,,2025,Car Accident,Soft Tissue Injury,verdict,308839.0,1,12.640578622422751,News,"Rear-end crash in rainy conditions. Jury awarded medical expenses only, finding no compensable pain and suffering."
Minnesota,,2025,Truck Accident,Back Injury,verdict,280507.0,1,12.544357524037295,CourtListener,"In addition to workers’ compensation benefits, Verros recovered $50,000 pursuant to the limits of the motorcyclist’s (i."
Pennsylvania,,2025,Truck Accident,Back Injury,verdict,255000.0,1,12.449022745701502,CourtListener,"Truck Accident jury verdict of $255,000 in Pennsylvania."
North Carolina,,2025,Bus Accident,Back Injury,verdict,250000.0,1,12.429220196836383,CourtListener,"Bus Accident jury verdict of $250,000 in North Carolina."
California,Los Angeles,2025,Bicycle Accident,Broken Bones,verdict,229500.0,1,12.343662665771719,News,"Cyclist thrown over handlebars due to a road defect, suffering fractures, cuts, and bruising. City of Los Angeles found liable."
Delaware,,2025,Motorcycle Accident,Other,settlement,200000.0,0,12.206077645517674,CourtListener,"Plaintiff previously filed a Motion for Summary Judgment arguing that he was entitled to the $100,000 under the automobile policy because Liberty Mutual agreed to tender that policy, and Plaintiff accepted the tender of that policy."
Florida,,2025,Medical Malpractice,Wrongful Death,verdict,193176.11,1,12.171362715480582,CourtListener,"The arbitration resulted in a defense verdict and determination that Palm Garden was entitled to its costs, after which the arbitration panel awarded Palm Garden $193."
Ohio,,2025,Car Accident,Back Injury,verdict,168433.28,1,12.034300923019606,CourtListener,": Pro se defendant-appellant, Cheick Kaba (“Cheick”), appeals a judgment, rendered following a bench trial, awarding monetary damages in the amount of $161."
Colorado,,2025,Premises Liability,Broken Bones,verdict,161000.0,1,11.989165855127435,News,"Ladder slid on hardwood floor in apartment loft, causing fractures."
Pennsylvania,,2025,Bus Accident,Back Injury,settlement,157701.28,0,11.968464230677942,CourtListener,"On January 10, 2023, Benjamin Tropp (but not Jessica Tropp) initiated arbitration proceedings against both MA-SA and Aslansan seeking damages of $149."
Virginia,,2025,Premises Liability,Wrongful Death,verdict,125000.0,1,11.736077016252437,News,"Nursing home stroke patient developed a bedsore that became septic, leading to death."
Virginia,,2025,Medical Malpractice,Shoulder Injury,verdict,109476.12,1,11.603470856633958,CourtListener,"Starliper appeals the circuit court’s May 27, 2024, order denying his motion for judgment as a matter of law or, alternatively, a new trial following a jury trial that resulted in a judgment against him for $109."
Delaware,,2025,Truck Accident,Back Injury,verdict,100000.0,1,11.51293546492023,CourtListener,"Mitchell and Robert Mitchell, ) ) Plaintiff, ) ) C."
Texas,,2025,Medical Malpractice,Shoulder Injury,verdict,96250.0,1,11.474714641706449,CourtListener,"E-206651 __________________________________________________________________ MEMORANDUM OPINION In this personal injury suit, Appellant Jermaine Anthony Vallier Jr."
Mississippi,,2025,Medical Malpractice,Shoulder Injury,verdict,90000.0,1,11.407576060361786,CourtListener,"Medical Malpractice jury verdict of $90,000 in Mississippi."
Ohio,,2025,Medical Malpractice,Spinal Cord Injury,verdict,75000.0,1,11.225256725762893,CourtListener,": Appellant Greater Cleveland Regional Transit Authority (“GCRTA”) challenges a jury verdict awarding appellee Terry King-Bey (“King-Bey”) $75,000 in noneconomic damages as a result of injuries sustained as a passenger on a GCRTA paratransit vehicle."
Florida,,2025,Medical Malpractice,Knee Injury,verdict,75000.0,1,11.225256725762893,CourtListener,"Following a jury trial, Plaintiff was awarded $22,500, far below her asserted damages."
Vermont,,2025,Slip and Fall,Broken Bones,verdict,59240.0,1,10.98936914872542,News,"Delivery worker slipped on snow-covered debris, suffering fractures."
Vermont,,2025,Car Accident,Soft Tissue Injury,verdict,50000.0,1,10.819798284210286,News,Plaintiff struck from behind by an underinsured motorist.
Delaware,,2025,Truck Accident,Burns,verdict,25000.0,1,10.12667110305036,CourtListener,"After further deliberation, the jury awarded Morabito $25,000 in damages and found that Morabito and Zigler were each 50% at fault for the accident."
Pennsylvania,,2025,Slip and Fall,Back Injury,verdict,16906.75,1,9.735527375677202,CourtListener,Lamberson claimed that she sustained serious and disabling injuries as a result of the fall.
Ohio,,2025,Bus Accident,Back Injury,settlement,15992.0,0,9.67990640549087,CourtListener,The court awarded the victim $6.
Utah,,2025,Car Accident,Soft Tissue Injury,verdict,10300.0,1,9.239996256883693,News,Cedar City rear-end collision with modest medical bills.
New York,,2025,Premises Liability,Wrongful Death,verdict,10000.0,1,9.210440366976517,CourtListener,"The judgment, insofar as appealed from, upon a decision of the same court dated March 23, 2023, made after a nonjury trial, awarded the claimant the principal sum of only $10,000 for past pain and suffering."
Texas,,2025,Premises Liability,Wrongful Death,verdict,10000.0,1,9.210440366976517,CourtListener,Appellant contends that the evidence was insufficient to support the jury’s rejection of his self-defense claim and that the trial court erred by overruling his objection to the State’s question about whether he had “prison shanked” his victim.
Nevada,,2024,Other,Other,verdict,5230000000.0,1,22.377677115214446,TopVerdict,Largest personal injury verdict in the US in 2024. Consumer product liability involving failure to warn and fraud.
Nevada,,2024,Other,Other,verdict,3090471832.0,1,21.851589612962854,TopVerdict,Second largest personal injury verdict in the US in 2024. Consumer product liability involving failure to warn.
Pennsylvania,,2024,Other,Other,verdict,2250000000.0,1,21.534196053607186,TopVerdict,Toxic exposure from a defective Monsanto product. Failure to warn about health risks.
California,,2024,Workplace Injury,Other,verdict,900000000.0,1,20.617905322399697,TopVerdict,"Workplace sexual assault, harassment, and wrongful imprisonment resulted in a $900 million jury verdict."
Pennsylvania,,2024,Workplace Injury,Other,verdict,725500000.0,1,20.402371631666878,TopVerdict,Toxic exposure from defective Exxon products caused occupational injury and industrial product liability.
Nevada,Clark,2024,Car Accident,Wrongful Death,verdict,550000000.0,1,20.125428838008972,Courtroom View Network trial coverage,"Damages-only trial after summary judgment on liability: an intoxicated driver traveling 107 mph in a 45 mph zone struck the Escobias' car at a Las Vegas intersection in 2019, killing Marcial Escobia. Clark County jury awarded $50 million compensatory and $500 million punitive damages in October 2024, one of the largest verdicts in Nevada history. The driver was separately convicted criminally."
Illinois,,2024,Medical Malpractice,Other,verdict,535000000.0,1,20.09777730672944,TopVerdict,Sexual assault at a behavioral health facility due to negligent supervision and failure to protect patients.
Missouri,,2024,Other,Traumatic Brain Injury,verdict,495000000.0,1,20.020068322553165,TopVerdict,Defective medical product caused brain injury. Manufacturer misrepresented product safety and failed to warn.
New Mexico,,2024,Medical Malpractice,Other,verdict,412005149.0,1,19.836546407235677,TopVerdict,"Medical center overmedicated patient without informed consent, resulting in gross negligence verdict."
Virginia,,2024,Premises Liability,Other,verdict,360000000.0,1,19.701614592192207,TopVerdict,"Child abuse and sexual abuse at a hospital due to negligent hiring, supervision, and failure to protect."
New York,,2024,Motorcycle Accident,Wrongful Death,verdict,287946737.0,1,19.47828608349717,TopVerdict,Defective motorcycle design caused a fatal single-vehicle crash with bone fractures.
New York,,2024,Motorcycle Accident,Wrongful Death,verdict,287000000.0,1,19.474992777208215,News,"Defective traction control system caused motorcycle crash, resulting in catastrophic injuries to the rider and death of his girlfriend. Included $240M in punitive damages."
Oregon,,2024,Other,Other,verdict,260000000.0,1,19.376192192825954,TopVerdict,Asbestos and talc exposure from consumer products caused mesothelioma.
Kentucky,,2024,Truck Accident,Spinal Cord Injury,verdict,163973761.0,1,18.91521698518418,TopVerdict,"Truck rear-ended a car at a red light, causing quadriplegia and paraplegia."
New York,,2024,Premises Liability,Other,verdict,160000000.0,1,18.8906843794481,TopVerdict,Sexual abuse and assault at a school due to government negligence. Involved a minor student.
Alabama,,2024,Truck Accident,Spinal Cord Injury,verdict,160000000.0,1,18.8906843794481,TopVerdict,Defective truck product caused a rollover collision resulting in quadriplegia and permanent disability.
Indiana,,2024,Truck Accident,Spinal Cord Injury,verdict,159000000.0,1,18.884414766473814,TopVerdict,Head-on collision with an impaired truck driver caused quadriplegia and permanent disability.
Missouri,,2024,Premises Liability,Wrongful Death,verdict,158800000.0,1,18.883156113074538,TopVerdict,Murder on a railroad due to negligent security and failure to protect. Gunshot wound caused wrongful death.
Florida,,2024,Truck Accident,Traumatic Brain Injury,verdict,141549000.0,1,18.76815651192045,TopVerdict,"Truck rear-ended a car due to negligent hiring and supervision, causing brain and spinal injuries."
Nevada,,2024,Other,Other,verdict,129080238.0,1,18.67594477671124,TopVerdict,Toxic exposure from a defective consumer product. Manufacturer failed to warn and test.
Louisiana,,2024,Pedestrian Accident,Wrongful Death,verdict,129000000.0,1,18.675322970077882,TopVerdict,Pedestrian struck and killed near a school due to dangerous conditions and failure to supervise.
Florida,,2024,Premises Liability,Other,verdict,123000000.0,1,18.627694921466773,TopVerdict,Assault and battery at a youth center due to negligent supervision and hiring.
Michigan,,2024,Medical Malpractice,Traumatic Brain Injury,verdict,120654000.0,1,18.60843751152442,TopVerdict,Delayed childbirth caused cerebral palsy and permanent brain injury to a newborn at Henry Ford Hospital.
Michigan,,2024,Medical Malpractice,Traumatic Brain Injury,verdict,120000000.0,1,18.603002309079653,News,"Over two hours passed before a C-section was performed, causing severe asphyxiation and cerebral palsy in the infant."
California,,2024,Premises Liability,Other,settlement,115800000.0,0,18.567375131738746,TopVerdict,Civil rights settlement involving government negligence at a federal facility in California.
Nevada,,2024,Car Accident,Traumatic Brain Injury,verdict,108000000.0,1,18.497641794347754,TopVerdict,"Insurance bad faith case involving a pedestrian struck by a vehicle, causing brain injury and bone fractures."
Florida,,2024,Other,Burns,verdict,104590162.0,1,18.465560061195628,TopVerdict,"Defective auto product caused burn injuries, amputation, spinal injury, and permanent disability."
Florida,,2024,Car Accident,Wrongful Death,verdict,100000001.0,1,18.420680763952365,TopVerdict,Hit and run collision caused wrongful death in Florida.
Florida,,2024,Medical Malpractice,Other,verdict,100000000.0,1,18.420680753952364,TopVerdict,Surgical error and unlicensed medical activity caused severe injuries. Failure to disclose and refer.
Washington,,2024,Premises Liability,Other,verdict,100000000.0,1,18.420680753952364,TopVerdict,"Toxic exposure from a defective product at a school caused injuries, resulting in a product liability verdict."
Louisiana,,2024,Workplace Injury,Burns,verdict,91741370.0,1,18.334483991429742,TopVerdict,Gas explosion at a packaging facility caused severe burn injuries to workers due to failure to warn and workplace negligence.
Hawaii,,2024,Other,Other,verdict,91000000.0,1,18.326370075470134,TopVerdict,"Tobacco product liability case involving failure to warn about health risks, resulting in a consumer protection verdict."
New York,,2024,Pedestrian Accident,Other,verdict,90000000.0,1,18.31532023940565,TopVerdict,Railroad accident caused amputation and permanent disability to a pedestrian.
California,,2024,Truck Accident,Broken Bones,verdict,83803500.0,1,18.243985342622594,TopVerdict,Impaired truck driver struck a car causing brachial plexus injury and bone fractures.
Georgia,,2024,Car Accident,Wrongful Death,verdict,82709239.0,1,18.230841882894158,TopVerdict,Stop sign violation caused a two-vehicle collision resulting in wrongful death.
Illinois,,2024,Car Accident,Wrongful Death,verdict,79850000.0,1,18.19566044514878,News,Family of 10-year-old girl killed following an unauthorized police pursuit in Chicago. Highest reported Illinois verdict for a police pursuit crash.
Illinois,,2024,Medical Malpractice,Traumatic Brain Injury,verdict,75800000.0,1,18.143608863805213,News,Young girl suffered brain injury and severe physical injuries at birth due to medical negligence.
Texas,,2024,Workplace Injury,Wrongful Death,verdict,72000000.0,1,18.09217669086922,News,Three workers on a scissor lift when a boom lift collided with it. One worker died from a 30-foot fall at the Irving facility.
Illinois,,2024,Medical Malpractice,Wrongful Death,verdict,66000000.0,1,18.005165315142214,News,39-year-old mother of four bled to death following a negligent surgical procedure. Highest verdict against a plastic surgeon in Illinois.
Texas,,2024,Workplace Injury,Other,settlement,65000000.0,0,17.989897843244528,TopVerdict,Electrician injured due to a dangerous condition and workplace negligence at a facility.
Texas,,2024,Medical Malpractice,Spinal Cord Injury,verdict,59900000.0,1,17.90818707978017,News,"Delays in reviewing MRI results caused a cervical spine mass to go untreated, resulting in permanent paralysis."
Missouri,,2024,Workplace Injury,Wrongful Death,verdict,51000000.0,1,17.747336210296442,CourtListener,"On each count, Love requested damages in excess of $51 million for Redmond’s conscious pain and suffering prior to his death and Love’s loss of Redmond’s economic support and pecuniary services, among other damages."
Georgia,,2024,Truck Accident,Wrongful Death,verdict,47082972.0,1,17.667421986196086,TopVerdict,"Truck accident caused wrongful death due to negligent supervision, hiring, and retention."
Georgia,,2024,Medical Malpractice,Other,verdict,47000000.0,1,17.665658180950928,TopVerdict,Delayed treatment and failure to diagnose caused amputation and permanent disability.
Georgia,,2024,Medical Malpractice,Other,verdict,46993500.0,1,17.6655198735175,TopVerdict,Hospital medical malpractice caused severe injuries.
California,,2024,Car Accident,Traumatic Brain Injury,verdict,45000000.0,1,17.622173069956816,TopVerdict,Head-on collision caused brain injury and bone fractures. Insurance bad faith case.
Indiana,,2024,Motorcycle Accident,Traumatic Brain Injury,verdict,42500000.0,1,17.565014657424058,News,"Tesla employee made an illegal left turn into a motorcyclist, causing severe brain injury and amputation."
California,,2024,Motorcycle Accident,Spinal Cord Injury,settlement,42500000.0,0,17.565014657424058,TopVerdict,Motorcyclist suffered permanent disability due to a dangerous road condition maintained by Caltrans.
Georgia,,2024,Motorcycle Accident,Other,verdict,42000000.0,1,17.553180200057167,TopVerdict,Truck vs. motorcycle collision caused amputation and bone fractures.
Illinois,,2024,Medical Malpractice,Traumatic Brain Injury,verdict,41149942.0,1,17.53273309991021,TopVerdict,"Hospital medication error caused brain injury, paralysis, and permanent disability due to failure to monitor."
Illinois,,2024,Medical Malpractice,Traumatic Brain Injury,verdict,41000000.0,1,17.529082649058825,News,"Lawyer suffered a catastrophic stroke from Coumadin mismanagement, resulting in left-side paralysis."
Texas,,2024,Truck Accident,Spinal Cord Injury,verdict,40145909.0,1,17.50803112517313,TopVerdict,"Truck rollover at a left turn caused quadriplegia, paralysis, bone fractures, and spinal injury."
North Carolina,,2024,Car Accident,Wrongful Death,verdict,40000000.0,1,17.50439003707821,CourtListener,"At the conclusion of the trial, the estate of the deceased victim was awarded $40 million in compensatory and punitive damages from two defendants: the intoxicated driver of the other vehicle and the owner of that other vehicle."
California,,2024,Pedestrian Accident,Wrongful Death,verdict,40000000.0,1,17.50439003707821,News,Pedestrian Accident jury verdict of $40.0 million in California.
Missouri,,2024,Workplace Injury,Wrongful Death,settlement,40000000.0,0,17.50439003707821,CourtListener,"The jury found in favor of Mabie and awarded her $40,000,000 in damages."
Illinois,,2024,Medical Malpractice,Traumatic Brain Injury,verdict,39916273.0,1,17.502294668378052,TopVerdict,Medical malpractice involving failure to test and medication error caused brain injury.
Illinois,,2024,Medical Malpractice,Traumatic Brain Injury,verdict,39900000.0,1,17.50188690692275,News,37-year-old male suffered permanent disability from failure to treat stroke symptoms in Hoffman Estates. Record Illinois stroke verdict.
Illinois,,2024,Other,Wrongful Death,verdict,39081142.0,1,17.481150632408184,TopVerdict,Mesothelioma from asbestos exposure caused wrongful death.
Texas,,2024,Truck Accident,Wrongful Death,verdict,37500000.0,1,17.439851517607305,News,"Distracted driver of Oncor electric delivery truck struck a disabled 18-wheeler, pinning and killing the victim."
New York,Westchester,2024,Medical Malpractice,Traumatic Brain Injury,verdict,35600000.0,1,17.387856223912145,News,Medical Malpractice jury verdict of $35.6 million in New York.
Missouri,,2024,Car Accident,Other,verdict,35000000.0,1,17.370858648025116,TopVerdict,Impaired driver ran a red light causing a left turn collision resulting in permanent disability.
Nevada,,2024,Other,Other,verdict,34020000.0,1,17.342459174326464,TopVerdict,Wrongful conviction and imprisonment due to police misconduct and false evidence.
New York,,2024,Premises Liability,Knee Injury,verdict,32100000.0,1,17.284366619252893,News,Hotel door fell onto guest causing cartilage and ligament damage to her knee and back injuries requiring ongoing treatment.
California,,2024,Bicycle Accident,Other,settlement,32000000.0,0,17.281246492014,TopVerdict,Bicyclist suffered amputation and permanent disability after being struck by a commercial truck.
California,,2024,Premises Liability,Traumatic Brain Injury,settlement,31000000.0,0,17.249497794707484,TopVerdict,Student suffered traumatic brain injury due to negligent maintenance at a school facility.
Texas,,2024,Workplace Injury,Spinal Cord Injury,settlement,30190000.0,0,17.22302133480657,TopVerdict,Employee suffered gross negligence resulting in bone fractures and spinal injury.
Texas,,2024,Truck Accident,Spinal Cord Injury,settlement,30000000.0,0,17.216707972959764,TopVerdict,Head-on collision with a truck caused spinal injury.
Florida,Hillsborough,2024,Medical Malpractice,Wrongful Death,verdict,30000000.0,1,17.216707972959764,News,Medical Malpractice jury verdict of $30.0 million in Florida.
Colorado,,2024,Workplace Injury,Other,verdict,30000000.0,1,17.216707972959764,TopVerdict,"Worker suffered amputation and permanent disability from a dangerous condition at a workplace, resulting in strict liability verdict."
Georgia,,2024,Premises Liability,Other,verdict,29400000.0,1,17.196505266322514,TopVerdict,"Sexual assault at a hotel due to negligent supervision and hiring, involving a minor."
Oregon,,2024,Premises Liability,Other,verdict,29153000.0,1,17.18806841571905,TopVerdict,Utility company negligence caused a wildfire resulting in property damage and emotional distress.
California,,2024,Medical Malpractice,Traumatic Brain Injury,verdict,28724350.0,1,17.173255787884237,News,Failed intubation during throat surgery caused anoxic brain injury. Original verdict reduced to $9M by California MICRA cap.
Georgia,,2024,Car Accident,Wrongful Death,verdict,28000000.0,1,17.147715103853763,TopVerdict,Head-on collision caused wrongful death.
Texas,,2024,Truck Accident,Traumatic Brain Injury,settlement,28000000.0,0,17.147715103853763,TopVerdict,T-bone collision with a commercial truck caused traumatic brain injury due to gross negligence.
Michigan,,2024,Motorcycle Accident,Other,verdict,27512500.0,1,17.13015104116397,TopVerdict,Motorcyclist suffered amputation and permanent disability after a car vs. motorcycle collision.
California,,2024,Other,Spinal Cord Injury,settlement,25000000.0,0,17.034386422832473,TopVerdict,Excessive force by law enforcement resulted in paralysis from a gunshot wound.
Illinois,,2024,Other,Other,verdict,24400000.0,1,17.010093731247036,TopVerdict,Worker developed mesothelioma from asbestos and talc exposure through workplace product liability.
Illinois,,2024,Medical Malpractice,Traumatic Brain Injury,verdict,23070000.0,1,16.954043673496273,TopVerdict,Delayed childbirth caused cerebral palsy and brain injury to a newborn.
Michigan,,2024,Truck Accident,Traumatic Brain Injury,verdict,20075000.0,1,16.8149858676103,TopVerdict,"Truck struck a pedestrian due to negligent entrustment, causing brain injury, bone fractures, and spinal injury."
Nebraska,,2024,Truck Accident,Spinal Cord Injury,verdict,19607486.0,1,16.791422041057135,News,"Truck driver employed by a concrete company made an improper right turn, causing vehicle overturn and collision that partially severed the plaintiff's spinal cord."
Texas,,2024,Workplace Injury,Other,settlement,18650000.0,0,16.7413567576734,TopVerdict,"Worker fell due to negligent maintenance at a work premises, causing severe injuries."
New York,,2024,Medical Malpractice,Traumatic Brain Injury,settlement,18500000.0,0,16.733281344102608,News,$18.5 million settlement in a medical malpractice case in New York . The plaintiff sustained traumatic brain injury and was awarded damages.
Texas,,2024,Truck Accident,Other,settlement,17250000.0,0,16.663322759412655,TopVerdict,Head-on collision with a disconnected trailer caused amputation and permanent disability.
California,,2024,Car Accident,Other,settlement,17200000.0,0,16.660419999923214,TopVerdict,Emergency vehicle collision caused by government negligence in Los Angeles County.
Texas,,2024,Premises Liability,Soft Tissue Injury,verdict,17000000.0,1,16.648723960844016,News,Survivor of mass shooting sued restaurant that failed to prevent the shooter from leaving the premises. Verdict later overturned on appeal.
California,,2024,Truck Accident,Traumatic Brain Injury,settlement,16500000.0,0,16.61887099947687,TopVerdict,T-bone collision involving a truck caused traumatic brain injury due to negligent road maintenance in Modesto.
Washington,,2024,Bicycle Accident,Traumatic Brain Injury,verdict,16000000.0,1,16.588099342704055,News,"Cyclist struck while attempting to avoid a hazardous speed bump on a university campus, suffering a traumatic brain injury."
Ohio,Montgomery,2024,Car Accident,Wrongful Death,settlement,16000000.0,0,16.588099342704055,WDTN via Yahoo News,"Settlement in Montgomery County Common Pleas Court after an impaired driver rear-ended a pickup truck on I-70 near the Dayton airport, killing four people and seriously injuring a fifth."
Michigan,,2024,Truck Accident,Spinal Cord Injury,settlement,16000000.0,0,16.588099342704055,News,"Semi truck rear-ended a car, leaving a 25-year-old man with quadriplegic paralysis and spinal cord injury."
California,,2024,Car Accident,Spinal Cord Injury,settlement,15990000.0,0,16.587474147349223,TopVerdict,Rear-end collision caused paraplegia due to negligent supervision of a commercial vehicle.
California,,2024,Motorcycle Accident,Traumatic Brain Injury,settlement,15000000.0,0,16.52356082573315,TopVerdict,Motorcyclist suffered traumatic brain injury after collision with a commercial truck.
Illinois,,2024,Medical Malpractice,Wrongful Death,verdict,14087000.0,1,16.460763015229876,News,Mother at 33 weeks experienced placental abruption that was not properly managed. The child died at age four.
North Carolina,NC (statewide list),2024,Car Accident,Multiple Injuries,verdict,13787334.0,1,16.439260975110546,TopVerdict,"Impaired-driving head-on two-vehicle collision causing serious nonfatal injuries, with gross negligence at issue. Ranked No. 58 on TopVerdict's Top 100 Motor Vehicle Accident Verdicts in the United States in 2024."
Louisiana,,2024,Medical Malpractice,Wrongful Death,settlement,13500000.0,0,16.41820031748273,CourtListener,Medical Malpractice settlement of $13.5 million in Louisiana.
California,,2024,Truck Accident,Traumatic Brain Injury,settlement,12500000.0,0,16.341239282272525,TopVerdict,Truck collision caused traumatic brain injury due to gross negligence of the commercial driver.
Illinois,,2024,Car Accident,Spinal Cord Injury,verdict,12208790.0,1,16.317666823985345,News,"Tractor-trailer driver hit by pickup truck, developing a cervical syrinx that required multiple surgeries."
Illinois,,2024,Car Accident,Spinal Cord Injury,verdict,12000000.0,1,16.300417291085605,News,"Semi-truck driver rear-ended by pickup truck, resulting in a permanent cervical syrinx and lasting disability."
Florida,,2024,Truck Accident,Back Injury,verdict,12000000.0,1,16.300417291085605,News,"Verdict MEET YVETTE T. In 2024, a Philadelphia jury awarded $12 million to Yvette Torres, who suffered severe neck and back injuries after being struck by a commercial truck. Morgan & Morgan attorneys Alex Hyder, Clancy Boylan, and Hannah Molitoris fought for her justice. 5x Insurance Offer."
California,,2024,Pedestrian Accident,Traumatic Brain Injury,settlement,12000000.0,0,16.300417291085605,TopVerdict,"Pedestrian struck by a company vehicle, resulting in brain injury and bone fractures."
Texas,,2024,Truck Accident,Burns,verdict,12000000.0,1,16.300417291085605,CourtListener,Truck Accident jury verdict of $12 million in Texas.
California,,2024,Truck Accident,Other,settlement,11700000.0,0,16.275099485238066,TopVerdict,Highway rear-end collision involving a commercial truck caused severe injuries.
California,,2024,Premises Liability,Spinal Cord Injury,settlement,11500000.0,0,16.257857680289998,TopVerdict,"Pedestrian tripped and fell due to a dangerous condition at a retail premises, suffering spinal injury."
Ohio,,2024,Bus Accident,Wrongful Death,verdict,11151311.21,1,16.227067735941347,CourtListener,": Plaintiffs-Appellants, : No."
Pennsylvania,,2024,Other,Soft Tissue Injury,verdict,11000000.0,1,16.213405921671733,News,Accidental discharge of a Sig Sauer P320 handgun caused a gunshot wound to the plaintiff.
Ohio,Hamilton,2024,Bus Accident,Wrongful Death,settlement,10000000.0,0,16.118095750958314,WCPO Cincinnati,Settlement between the Southwest Ohio Regional Transit Authority and the estate of an 87-year-old woman struck and killed in a marked crosswalk by a Cincinnati Metro bus; the agreement also required new driver-training measures.
California,,2024,Pedestrian Accident,Spinal Cord Injury,settlement,10000000.0,0,16.118095750958314,TopVerdict,"Pedestrian struck by a vehicle, resulting in spinal injury and psychological harm."
New York,,2024,Medical Malpractice,Wrongful Death,verdict,9973001.0,1,16.11539219992545,CourtListener,"The jury awarded the plaintiff damages in the total sum of $9,973."
California,,2024,Bus Accident,Traumatic Brain Injury,settlement,9550000.0,0,16.072051817168948,TopVerdict,T-bone collision at a stop sign involving a bus caused traumatic brain injury.
Georgia,,2024,Medical Malpractice,Wrongful Death,verdict,9200000.0,1,16.034714150714915,CourtListener,"Following trial, the jury entered a verdict in Turner’s favor, awarding her approximately $."
Texas,,2024,Truck Accident,Wrongful Death,verdict,9000000.0,1,16.012735246411598,CourtListener,Truck Accident jury verdict of $9 million in Texas.
California,,2024,Bicycle Accident,Other,settlement,9000000.0,0,16.012735246411598,TopVerdict,Bicyclist injured due to negligent road maintenance by the city of San Francisco.
California,,2024,Car Accident,Broken Bones,settlement,8800000.0,0,15.990262393084793,TopVerdict,Head-on collision with an inattentive driver caused bone fractures.
Michigan,,2024,Medical Malpractice,Traumatic Brain Injury,verdict,8500000.0,1,15.955576839107596,News,"Undiagnosed kidney cancer spread to the brain, causing a traumatic brain injury."
Texas,,2024,Slip and Fall,Other,settlement,8250000.0,0,15.925723879522977,TopVerdict,Customer slipped and fell at a grocery store due to failure to maintain the premises.
New York,,2024,Medical Malpractice,Traumatic Brain Injury,verdict,8200000.0,1,15.919644834185693,News,"Emergency C-section delayed after signs of fetal distress, resulting in hypoxic-ischemic encephalopathy. Infant required CPR and intubation at birth."
Michigan,,2024,Medical Malpractice,Traumatic Brain Injury,verdict,8000000.0,1,15.894952224644102,News,Infant stopped breathing during skin-to-skin contact and developed HIE (hypoxic-ischemic encephalopathy) and cerebral palsy.
Texas,,2024,Premises Liability,Spinal Cord Injury,settlement,8000000.0,0,15.894952224644102,TopVerdict,Shooting victim suffered paraplegia due to negligent security at an apartment complex.
California,,2024,Other,Broken Bones,settlement,8000000.0,0,15.894952224644102,TopVerdict,Scooter rider suffered bone fractures and emotional distress after collision with a pipeline company vehicle.
Texas,,2024,Car Accident,Traumatic Brain Injury,settlement,7800000.0,0,15.86963441986494,TopVerdict,Rear-end collision caused by an impaired driver resulted in traumatic brain injury.
California,,2024,Bus Accident,Traumatic Brain Injury,verdict,7600000.0,1,15.843658936835498,News,"VERDICT Verdict $7.6 Million Pedestrian vs Business Premises, Mechanical Failure, Mild Traumatic Brain Injury, Contested Liability This workplace MTBI case was challenging as it wasn't easy to explain to the jury. The pedestrian employee, who had a history of multiple previous TBIs, was hit by a malfunctioning gate arm on a traffic control gate. Though the impact appeared minor, this."
California,,2024,Workplace Injury,Other,settlement,7250000.0,0,15.796512164761882,TopVerdict,Worker suffered amputation and permanent disability in a workplace accident.
California,,2024,Car Accident,Other,settlement,7000000.0,0,15.76142084987672,TopVerdict,Head-on collision with an emergency vehicle caused severe injuries.
California,,2024,Premises Liability,Traumatic Brain Injury,settlement,6950000.0,0,15.754252361425857,TopVerdict,Fall from height at a premises caused brain and spinal injuries.
Florida,,2024,Medical Malpractice,Wrongful Death,settlement,6534700.0,0,15.692637150359452,CourtListener,"Tamar, found Lawnwood was vicariously liable for those two physicians’ negligence, and found the personal representative was entitled to recover $6,534,700 in damages for the decedent’s estate."
Texas,,2024,Pedestrian Accident,Wrongful Death,settlement,6500000.0,0,15.687312888712007,TopVerdict,"Pedestrian struck by a vehicle, resulting in wrongful death."
California,,2024,Workplace Injury,Traumatic Brain Injury,settlement,6500000.0,0,15.687312888712007,TopVerdict,Worker suffered traumatic brain injury from a falling object at a workplace.
Illinois,,2024,Medical Malpractice,Other,verdict,6470000.0,1,15.682686821036576,News,58-year-old male suffered debilitating injuries from a malpositioned hip implant. 10-day trial in Cook County.
Illinois,,2024,Medical Malpractice,Other,verdict,6350000.0,1,15.663965528349177,News,"Coronary test results were not followed up on, leading to the patient requiring an emergency heart transplant seven months later."
California,,2024,Other,Burns,settlement,6200000.0,0,15.64006001130563,TopVerdict,Electrical injury caused by utility negligence involving Pacific Gas and Electric.
Pennsylvania,,2024,Car Accident,Traumatic Brain Injury,verdict,6000000.0,1,15.607270193858982,News,Car Accident jury verdict of $6.0 million in Pennsylvania.
California,,2024,Car Accident,Spinal Cord Injury,settlement,6000000.0,0,15.607270193858982,TopVerdict,Rear-end freeway collision caused spinal injury to the driver.
Texas,,2024,Truck Accident,Spinal Cord Injury,settlement,6000000.0,0,15.607270193858982,TopVerdict,Truck accident caused spinal injury and emotional distress.
Ohio,,2024,Premises Liability,Wrongful Death,settlement,6000000.0,0,15.607270193858982,CourtListener,"-2- After hearing the evidence, the jury found Kastle liable for 40% of the damages and awarded Westfield $2,400."
California,,2024,Motorcycle Accident,Other,settlement,5988858.0,0,15.60541146780699,TopVerdict,Motorcycle accident caused by an impaired driver resulted in severe injuries.
California,,2024,Bus Accident,Traumatic Brain Injury,settlement,5500000.0,0,15.520258832020865,TopVerdict,Bus accident in San Francisco caused traumatic brain injury to a passenger.
Texas,,2024,Truck Accident,Spinal Cord Injury,settlement,5300000.0,0,15.483217567201578,TopVerdict,Box truck accident caused spinal injury due to gross negligence.
Illinois,,2024,Medical Malpractice,Wrongful Death,verdict,5000000.0,1,15.424948670398354,News,Hospital discharged a high-suicide-risk patient who then died by suicide.
Florida,Miami-Dade,2024,Bicycle Accident,Wrongful Death,settlement,5000000.0,0,15.424948670398354,News,Woman riding a bicycle struck and killed by a company employee's vehicle. The settlement provided compensation to the victim's family.
California,,2024,Car Accident,Other,settlement,5000000.0,0,15.424948670398354,TopVerdict,T-bone collision caused by a red light violation resulted in severe injuries.
California,,2024,Car Accident,Spinal Cord Injury,settlement,4992350.0,0,15.423417499059592,TopVerdict,Rear-end collision caused spinal injury to the plaintiff.
Texas,,2024,Car Accident,Spinal Cord Injury,settlement,4925000.0,0,15.409835035633991,TopVerdict,Motor vehicle accident involving a commercial operator caused spinal injury.
Texas,,2024,Workplace Injury,Other,settlement,4900000.0,0,15.404745967162468,TopVerdict,Worker suffered occupational injury due to workplace negligence.
California,,2024,Premises Liability,Other,settlement,4850000.0,0,15.394489469099211,TopVerdict,"Defective product at a nursery fell on a customer, causing severe injuries."
California,,2024,Pedestrian Accident,Traumatic Brain Injury,settlement,4500000.0,0,15.319588176962746,TopVerdict,Pedestrian accident on premises caused traumatic brain injury.
Texas,,2024,Car Accident,Broken Bones,settlement,4400000.0,0,15.29711532616119,TopVerdict,Motor vehicle collision with a distracted driver caused bone fractures.
California,,2024,Premises Liability,Spinal Cord Injury,settlement,4390000.0,0,15.29484001284176,TopVerdict,Fall from height at a restaurant caused paraplegia.
California,,2024,Car Accident,Other,settlement,4229172.0,0,15.257517023633994,TopVerdict,Rear-end collision caused by a single-vehicle accident resulted in severe injuries.
Texas,,2024,Other,Wrongful Death,settlement,4180000.0,0,15.24582204373536,TopVerdict,"Product liability case involving a defective tire that caused wrongful death, brain injury, and quadriplegia."
California,,2024,Car Accident,Spinal Cord Injury,settlement,4125000.0,0,15.232576820175131,TopVerdict,Red light violation caused a collision resulting in spinal injury.
New York,,2024,Car Accident,Other,settlement,4000000.0,0,15.201805169084134,News,$4.0 million settlement in a car accident case in New York . The plaintiff sustained personal injury and was awarded damages.
California,,2024,Car Accident,Broken Bones,settlement,4000000.0,0,15.201805169084134,TopVerdict,Motor vehicle collision with a delivery service driver caused bone fractures.
Texas,,2024,Workplace Injury,Spinal Cord Injury,settlement,4000000.0,0,15.201805169084134,TopVerdict,Falling cargo caused spinal injury to a truck driver due to negligent loading.
Texas,,2024,Car Accident,Spinal Cord Injury,settlement,3988592.0,0,15.198949095097964,TopVerdict,Rear-end collision caused spinal injury.
Colorado,,2024,Premises Liability,Broken Bones,verdict,3750000.0,1,15.137266664613225,News,"Wheelchair rolled off an unpainted curb outside a movie theater in darkness. Plaintiff was hospitalized for 83 days with shoulder, wrist, and forearm fractures."
California,,2024,Truck Accident,Spinal Cord Injury,settlement,3700000.0,0,15.123843647884687,TopVerdict,Truck accident caused spinal injury to the plaintiff.
Texas,,2024,Truck Accident,Traumatic Brain Injury,settlement,3652262.0,0,15.11085753343808,TopVerdict,Truck accident caused traumatic brain injury due to an impaired commercial driver.
Illinois,,2024,Medical Malpractice,Traumatic Brain Injury,verdict,3599000.0,1,15.09616686491609,News,Patient suffered a stroke after cervical manipulation. The chiropractor failed to recognize the symptoms.
California,,2024,Medical Malpractice,Other,settlement,3555000.0,0,15.083865902513391,TopVerdict,Delayed medical diagnosis led to worsened condition and additional treatment.
Texas,,2024,Premises Liability,Wrongful Death,settlement,3500000.0,0,15.068273812173887,News,Apartment resident killed in a robbery due to a missing access gate in a documented high-crime area. Complex found liable for negligent security.
California,,2024,Car Accident,Other,settlement,3500000.0,0,15.068273812173887,TopVerdict,Emergency vehicle rear-end collision on a California highway.
Virginia,,2024,Car Accident,Wrongful Death,verdict,3333000.0,1,15.019383657319835,News,Passenger killed in a collision with an Amazon delivery vehicle.
California,,2024,Slip and Fall,Broken Bones,settlement,3300000.0,0,15.009433329466965,TopVerdict,Slip and fall at a commercial premises caused bone fractures.
Virginia,,2024,Workplace Injury,Wrongful Death,verdict,3250000.0,1,14.99416586199818,News,Workplace Injury jury verdict of $3.3 million in Virginia.
Texas,,2024,Car Accident,Traumatic Brain Injury,settlement,3250000.0,0,14.99416586199818,TopVerdict,Motor vehicle accident caused traumatic brain injury.
California,,2024,Truck Accident,Other,settlement,3250000.0,0,14.99416586199818,TopVerdict,Truck accident caused injuries to the plaintiff.
Illinois,,2024,Medical Malpractice,Traumatic Brain Injury,verdict,3023000.0,1,14.921760604558761,News,"ER diagnosed the patient with a migraine, but the patient actually had a stroke causing permanent brain damage."
Florida,,2024,Premises Liability,Broken Bones,settlement,3000000.0,0,14.914123179965662,News,"Professional fisherman suffered spinal fractures, skull fracture, and PTSD after a Cessna 402B made an emergency water landing."
California,,2024,Car Accident,Spinal Cord Injury,settlement,3000000.0,0,14.914123179965662,TopVerdict,Head-on collision caused spinal injury.
Texas,,2024,Workplace Injury,Spinal Cord Injury,settlement,3000000.0,0,14.914123179965662,TopVerdict,"Worker fell from height at a construction site, suffering spinal injury."
California,,2024,Motorcycle Accident,Traumatic Brain Injury,settlement,2989755.0,0,14.910702336685802,TopVerdict,Left turn collision caused traumatic brain injury to a motorcyclist.
California,,2024,Car Accident,Other,settlement,2949500.0,0,14.897146561465725,TopVerdict,Rear-end collision caused injuries to the motorist.
Texas,,2024,Truck Accident,Traumatic Brain Injury,settlement,2925384.0,0,14.888936653918048,TopVerdict,Truck accident caused brain and spinal injuries.
California,,2024,Truck Accident,Other,settlement,2925000.0,0,14.888805380528378,TopVerdict,Truck accident caused injuries to the plaintiff.
Florida,Palm Beach,2024,Car Accident,Back Injury,verdict,2903984.0,1,14.881594489624227,TopVerdict,"Rear-end collision on I-95 in West Palm Beach where the plaintiff's stopped vehicle was struck from behind, causing spinal injuries. Verdict March 28, 2024, case no. 50-2020-CA-001174."
Colorado,,2024,Premises Liability,Broken Bones,verdict,2900000.0,1,14.88022163978423,News,"Woman in manual wheelchair fell face-first from an unpainted curb at a movie theater in darkness, fracturing her shoulder, wrist, and forearm. Hospitalized 83 days."
California,,2024,Car Accident,Other,settlement,2875000.0,0,14.871563580039615,TopVerdict,Motor vehicle accident involving a company driver caused injuries.
California,,2024,Slip and Fall,Broken Bones,settlement,2820000.0,0,14.852247797524162,TopVerdict,Slip and fall at a residential complex caused bone fractures.
California,,2024,Car Accident,Spinal Cord Injury,settlement,2800000.0,0,14.845130332288226,TopVerdict,Rear-end collision caused spinal injury.
Texas,,2024,Truck Accident,Traumatic Brain Injury,settlement,2750000.0,0,14.827111833279051,TopVerdict,Truck accident caused traumatic brain injury and emotional distress.
California,,2024,Car Accident,Other,settlement,2750000.0,0,14.827111833279051,TopVerdict,Government negligence caused a motor vehicle accident in Los Angeles County.
California,,2024,Car Accident,Broken Bones,settlement,2625000.0,0,14.78059183496017,TopVerdict,Hit and run with a falling object caused bone fractures.
California,,2024,Premises Liability,Other,settlement,2600000.0,0,14.77102238760702,TopVerdict,School negligence and sexual assault caused emotional distress.
Colorado,,2024,Truck Accident,Traumatic Brain Injury,verdict,2570000.0,1,14.759416845976386,News,Truck Accident jury verdict of $2.6 million in Colorado.
Texas,,2024,Car Accident,Broken Bones,settlement,2502500.0,0,14.732801189771832,TopVerdict,Car accident caused by an illegal turn resulted in bone fractures.
Texas,,2024,Car Accident,Traumatic Brain Injury,settlement,2500000.0,0,14.731801689838349,TopVerdict,Head-on collision with a van caused brain and spinal injuries.
California,,2024,Medical Malpractice,Wrongful Death,settlement,2500000.0,0,14.731801689838349,TopVerdict,Anesthesia error during a medical procedure led to wrongful death.
Indiana,,2024,Medical Malpractice,Traumatic Brain Injury,verdict,2500000.0,1,14.731801689838349,CourtListener,"Following trial, the jury awarded Cochrane $."
California,,2024,Premises Liability,Other,settlement,2450000.0,0,14.711598990684092,TopVerdict,Assault at a CVS Pharmacy due to negligent security.
New York,,2024,Bus Accident,Shoulder Injury,verdict,2442000.0,1,14.708328343153113,News,"Passenger in a stopped vehicle was hit from behind by an MTA bus, causing a shoulder SLAP tear and disc herniations requiring treatment."
Washington,,2024,Motorcycle Accident,Broken Bones,verdict,2400000.0,1,14.690979711984754,News,Motorcycle crash caused by brush fire smoke obscuring the road. National Guard negligence contributed to the accident.
California,,2024,Car Accident,Spinal Cord Injury,settlement,2400000.0,0,14.690979711984754,TopVerdict,Rear-end collision with a company vehicle caused spinal injury.
California,,2024,Car Accident,Spinal Cord Injury,settlement,2375000.0,0,14.680508416503422,TopVerdict,T-bone collision with a water company vehicle caused spinal injury.
Texas,,2024,Car Accident,Spinal Cord Injury,settlement,2375000.0,0,14.680508416503422,TopVerdict,Rear-end collision caused spinal injury to a passenger.
California,,2024,Motorcycle Accident,Wrongful Death,settlement,2350000.0,0,14.669926311652166,TopVerdict,Motorcycle accident resulted in wrongful death.
Florida,Orange,2024,Car Accident,Herniated Disc,verdict,2316992.0,1,14.655780782261914,News,"Rear-end collision while stopped on SR 408 causing C6-7, L4-5, and L5-S1 herniations and a SLAP tear. The jury found the injuries permanent and awarded $1,260,792 in medical damages plus $1,056,200 non-economic."
Texas,,2024,Other,Other,settlement,2250000.0,0,14.626441218624949,TopVerdict,Product liability case involving a design defect that caused a rollover accident.
California,,2024,Pedestrian Accident,Other,settlement,2250000.0,0,14.626441218624949,TopVerdict,Pedestrian struck by an emergency vehicle in Los Angeles County.
Texas,,2024,Motorcycle Accident,Other,settlement,2225000.0,0,14.615267923020578,TopVerdict,Left turn collision caused injuries to a motorcyclist.
California,,2024,Premises Liability,Other,settlement,2225000.0,0,14.615267923020578,TopVerdict,Sexual abuse at a school due to negligent supervision.
Texas,,2024,Motorcycle Accident,Other,settlement,2200000.0,0,14.603968372873895,TopVerdict,Stop sign violation by a commercial vehicle driver caused a motorcycle accident.
California,,2024,Medical Malpractice,Other,settlement,2200000.0,0,14.603968372873895,TopVerdict,Dental malpractice involving anesthesia error at a health facility.
California,,2024,Pedestrian Accident,Other,settlement,2100000.0,0,14.557448378884015,TopVerdict,Pedestrian struck by a vehicle.
California,,2024,Motorcycle Accident,Other,settlement,2020000.0,0,14.51860856442677,TopVerdict,Motorcycle accident resulted in amputation.
Texas,,2024,Premises Liability,Other,settlement,2000000.0,0,14.508658238524095,TopVerdict,Negligent maintenance at a repair facility caused injuries.
California,,2024,Medical Malpractice,Traumatic Brain Injury,settlement,2000000.0,0,14.508658238524095,TopVerdict,Birth injury resulting in cerebral palsy due to medical malpractice.
California,,2024,Car Accident,Spinal Cord Injury,settlement,1999999.0,0,14.508657738524219,TopVerdict,Rear-end collision caused spinal injury.
Texas,,2024,Premises Liability,Other,settlement,1995000.0,0,14.506155109559108,TopVerdict,Residential premises liability due to negligent maintenance caused injuries.
California,,2024,Truck Accident,Other,settlement,1993180.0,0,14.505242412933757,TopVerdict,"Truck ran a stop sign, injuring a pregnant passenger."
California,,2024,Car Accident,Spinal Cord Injury,settlement,1968475.0,0,14.492770197267221,TopVerdict,Rear-end collision caused spinal injury.
California,,2024,Other,Other,settlement,1950000.0,0,14.48334044336031,TopVerdict,Police brutality involving excessive force.
Florida,,2024,Other,Wrongful Death,verdict,1933024.72,1,14.474597063844318,CourtListener,Weiss on the breach of contract counterclaim and awarded him $810.
California,,2024,Slip and Fall,Broken Bones,settlement,1925000.0,0,14.470437045184406,TopVerdict,Trip and fall on public premises in San Diego.
California,,2024,Car Accident,Spinal Cord Injury,settlement,1920090.0,0,14.46788313871415,TopVerdict,Rear-end collision caused spinal injury.
Florida,Brevard,2024,Car Accident,Back Injury,verdict,1900878.0,1,14.45782696873462,TopVerdict,Rear-end collision caused disc herniations and torn tendons. Insurance company denied the claim for nearly five years before jury trial.
California,,2024,Car Accident,Wrongful Death,settlement,1900000.0,0,14.45736497045232,TopVerdict,Car accident resulted in wrongful death.
Texas,,2024,Car Accident,Other,settlement,1850000.0,0,14.430696737594902,TopVerdict,Gross negligence in a sideswipe collision caused severe injuries.
California,,2024,Slip and Fall,Traumatic Brain Injury,settlement,1785000.0,0,14.394929533419809,TopVerdict,Slip and fall at an entertainment venue caused traumatic brain injury.
Illinois,,2024,Medical Malpractice,Wrongful Death,verdict,1772000.0,1,14.38761997448109,News,"Patient discharged from ICU despite heart attack signs, died from left ventricular rupture."
South Carolina,,2024,Other,Other,verdict,1750000.0,1,14.375126917328105,News,Maintenance worker exposed to asbestos gaskets in the 1970s developed fatal mesothelioma.
Texas,,2024,Premises Liability,Spinal Cord Injury,settlement,1750000.0,0,14.375126917328105,TopVerdict,Premises liability incident at a commercial business caused spinal injury.
California,,2024,Truck Accident,Spinal Cord Injury,settlement,1750000.0,0,14.375126917328105,TopVerdict,Collision with a UPS truck caused spinal injury.
Texas,,2024,Medical Malpractice,Wrongful Death,settlement,1745000.0,0,14.372265686684402,News,"Hospice care facility failed to reconcile medications before administering morphine, leading to the patient's death from medication error."
California,,2024,Car Accident,Other,settlement,1700000.0,0,14.346139397261565,TopVerdict,U-turn accident caused permanent disability.
Florida,,2024,Workplace Injury,Wrongful Death,verdict,1700000.0,1,14.346139397261565,CourtListener,"(“NBIS”), the third-party administrator and managing general agent of the in- surer of the crane’s owner, recovered over $."
California,,2024,Car Accident,Spinal Cord Injury,settlement,1699000.0,0,14.345550989235415,TopVerdict,Left turn accident caused spinal injury.
Texas,,2024,Car Accident,Spinal Cord Injury,settlement,1688019.0,0,14.33906680240908,TopVerdict,Rear-end collision caused spinal injury.
Georgia,,2024,Truck Accident,Wrongful Death,verdict,1655647.0,1,14.319703030946707,CourtListener,"After a trial, the jury returned a verdict finding Jesperson liable for the accident and awarding $1,655,647 in damages to Irish."
California,,2024,Car Accident,Other,settlement,1650000.0,0,14.316286451937186,TopVerdict,Stop sign violation caused a two-vehicle collision.
California,,2024,Bicycle Accident,Other,settlement,1625000.0,0,14.301018989130402,TopVerdict,Left turn collision caused injuries to a bicyclist.
Texas,,2024,Workplace Injury,Spinal Cord Injury,settlement,1615000.0,0,14.29484613383375,TopVerdict,Electrical injury at a construction site caused spinal injury due to workplace negligence.
Michigan,,2024,Car Accident,Broken Bones,settlement,1600000.0,0,14.285514812209815,News,"Head-on auto collision caused shoulder, hip, and facial injuries to a woman."
California,,2024,Medical Malpractice,Other,settlement,1600000.0,0,14.285514812209815,TopVerdict,Paramedic malpractice caused by government negligence.
Texas,,2024,Premises Liability,Traumatic Brain Injury,settlement,1600000.0,0,14.285514812209815,TopVerdict,Fall from height at an apartment complex caused brain and spinal injuries.
Texas,,2024,Pedestrian Accident,Spinal Cord Injury,settlement,1510002.0,0,14.2276221955441,TopVerdict,"Pedestrian struck by a backing vehicle, suffering spinal injury."
Texas,,2024,Car Accident,Spinal Cord Injury,settlement,1505025.0,0,14.224320731763397,TopVerdict,Rear-end collision caused spinal injury.
Texas,,2024,Workplace Injury,Wrongful Death,settlement,1505000.0,0,14.22430412061672,TopVerdict,Construction accident involving a fall from a ladder caused wrongful death.
California,,2024,Car Accident,Other,settlement,1505000.0,0,14.22430412061672,TopVerdict,Red light T-bone collision caused injuries.
Texas,,2024,Car Accident,Traumatic Brain Injury,settlement,1500000.0,0,14.220976332738882,TopVerdict,Rear-end collision caused traumatic brain injury.
California,,2024,Car Accident,Other,settlement,1500000.0,0,14.220976332738882,TopVerdict,Scooter struck by a vehicle.
California,,2024,Car Accident,Other,settlement,1499996.0,0,14.220973666070439,TopVerdict,Head-on freeway collision caused severe injuries.
California,,2024,Car Accident,Broken Bones,settlement,1450000.0,0,14.187074804051692,TopVerdict,Stop sign violation caused bone fractures.
California,,2024,Car Accident,Spinal Cord Injury,settlement,1420000.0,0,14.166168133802548,TopVerdict,Rear-end car accident caused spinal injury.
Texas,,2024,Car Accident,Spinal Cord Injury,settlement,1402500.0,0,14.153767629391211,TopVerdict,Red light violation caused spinal injury to a vehicle passenger.
California,,2024,Pedestrian Accident,Other,settlement,1400000.0,0,14.151983508870947,TopVerdict,Emergency vehicle struck a pedestrian in Los Angeles.
Texas,,2024,Car Accident,Spinal Cord Injury,settlement,1400000.0,0,14.151983508870947,TopVerdict,Motor vehicle accident caused bone fractures and spinal injury.
California,,2024,Pedestrian Accident,Other,settlement,1375000.0,0,14.13396501635527,TopVerdict,Rideshare driver struck a pedestrian making a left turn.
California,,2024,Car Accident,Other,settlement,1325000.0,0,14.096923772119156,TopVerdict,T-bone collision with a commercial vehicle.
California,,2024,Medical Malpractice,Other,settlement,1300000.0,0,14.077875591662238,TopVerdict,Hospital delayed diagnosis caused worsened kidney condition.
Texas,,2024,Car Accident,Spinal Cord Injury,settlement,1300000.0,0,14.077875591662238,TopVerdict,Rear-end collision caused spinal injury.
California,,2024,Workplace Injury,Other,settlement,1280000.0,0,14.062371417145494,TopVerdict,Product liability case involving defective workplace equipment.
California,,2024,Car Accident,Other,settlement,1265000.0,0,14.05058347065728,TopVerdict,Stop sign T-bone collision caused injuries.
Texas,,2024,Pedestrian Accident,Other,settlement,1250000.0,0,14.038654909278163,TopVerdict,"Pedestrian struck by a backing vehicle, causing permanent disability."
California,,2024,Car Accident,Other,settlement,1249999.0,0,14.038654109278484,TopVerdict,Red light T-bone collision.
California,,2024,Car Accident,Other,settlement,1225000.0,0,14.018452218287162,TopVerdict,Car accident caused by an inattentive driver.
New Jersey,,2024,Car Accident,Wrongful Death,verdict,1200000.0,1,13.997832948091215,News,Car Accident jury verdict of $1.2 million in New Jersey.
Texas,,2024,Car Accident,Spinal Cord Injury,settlement,1200000.0,0,13.997832948091215,TopVerdict,Impaired driving caused permanent spinal injury.
California,,2024,Truck Accident,Other,settlement,1200000.0,0,13.997832948091215,TopVerdict,Truck rear-end collision caused injuries.
Texas,,2024,Truck Accident,Other,settlement,1195000.0,0,13.993657580167481,TopVerdict,Truck rear-end collision at a red light caused injuries.
California,,2024,Slip and Fall,Other,settlement,1175000.0,0,13.976779556623864,TopVerdict,Slip and fall at a restaurant.
Texas,,2024,Truck Accident,Spinal Cord Injury,settlement,1170000.0,0,13.972515161474428,TopVerdict,Truck accident caused bone fractures and spinal injury to an underinsured motorist.
California,,2024,Slip and Fall,Other,settlement,1150000.0,0,13.955273369904273,TopVerdict,Retail slip and fall caused injuries.
Texas,,2024,Motorcycle Accident,Other,settlement,1150000.0,0,13.955273369904273,TopVerdict,Motorcycle accident caused bodily injury.
California,,2024,Pedestrian Accident,Other,settlement,1125000.0,0,13.933294482509151,TopVerdict,Left turn collision struck a pedestrian.
California,,2024,Bicycle Accident,Wrongful Death,settlement,1100000.0,0,13.910821646859095,TopVerdict,Bicycle accident resulted in wrongful death.
Texas,,2024,Truck Accident,Other,settlement,1094836.0,0,13.906116051704732,TopVerdict,Truck sideswipe collision due to gross negligence.
California,,2024,Car Accident,Wrongful Death,settlement,1075000.0,0,13.887832149776026,TopVerdict,Rear-end collision resulted in wrongful death.
California,,2024,Other,Burns,settlement,1073312.0,0,13.88626068457366,TopVerdict,Fireworks accident caused burns due to government negligence.
Texas,,2024,Car Accident,Other,settlement,1046600.0,0,13.861058328394659,TopVerdict,Red light violation due to gross negligence caused a collision.
Texas,,2024,Car Accident,Other,settlement,1042832.0,0,13.857451606110393,TopVerdict,T-bone collision involving a rideshare vehicle caused injuries.
Texas,,2024,Car Accident,Other,settlement,1035319.0,0,13.85022111563967,TopVerdict,Rear-end collision with a commercial motorist caused injuries.
California,,2024,Pedestrian Accident,Other,settlement,1030000.0,0,13.845070331079134,TopVerdict,Pedestrian accident resulted in amputation.
Texas,,2024,Premises Liability,Other,settlement,1005000.0,0,13.820499094499693,TopVerdict,Pedestrian fell due to a negligent repair crew at a premises.
Texas,,2024,Car Accident,Traumatic Brain Injury,settlement,1002500.0,0,13.818008435668599,TopVerdict,Motor vehicle accident caused brain and spinal injuries.
Arizona,,2024,Other,Burns,verdict,1000000.0,1,13.815511557963774,News,"Custom-made candle flashover with flames two feet high caused third-degree burns to the right hand, requiring a skin graft."
New York,,2024,Bus Accident,Burns,verdict,1000000.0,1,13.815511557963774,CourtListener,Bus Accident jury verdict of $1 million in New York.
Florida,,2024,Motorcycle Accident,Back Injury,settlement,1000000.0,0,13.815511557963774,CourtListener,"Heikka alleged that Safeco acted in bad faith by failing to settle her claim against Safeco’s insured, which resulted in a judgment of over $1 million against the insured."
California,,2024,Pedestrian Accident,Other,settlement,999970.0,0,13.815481557543766,TopVerdict,Emergency vehicle left turn struck a pedestrian.
Virginia,,2024,Car Accident,Wrongful Death,verdict,950000.0,1,13.76421831620775,News,Disabled taxi passenger died in a motor vehicle accident.
Vermont,,2024,Workplace Injury,Broken Bones,verdict,893453.0,1,13.70285012932404,News,Safety latch failure on a 2-ton electric hoist caused a hand and finger crush injury.
Georgia,Georgia,2024,Car Accident,Back Injury,verdict,859191.0,1,13.663747691706424,TopVerdict,T-bone collision causing spinal injuries. Listed on TopVerdict's 2024 Georgia Top 50 verdicts.
Virginia,,2024,Truck Accident,Broken Bones,verdict,855685.0,1,13.659658765398168,News,"Vehicle rear-ended by a tractor-trailer on I-66, resulting in 11 rib fractures."
North Carolina,,2024,Truck Accident,Back Injury,verdict,760035.44,1,13.541121658481497,CourtListener,The jury awarded Plaintiff $760.
California,,2024,Premises Liability,Shoulder Injury,settlement,750000.0,0,13.527829818844937,News,"Off-duty detective violently assaulted by security officers at a concert, suffering a dislocated shoulder and fractures."
Georgia,Georgia,2024,Car Accident,Herniated Disc,verdict,750000.0,1,13.527829818844937,TopVerdict,Rear-end collision causing spinal injuries. Listed on TopVerdict's 2024 Georgia Top 50 verdicts.
Georgia,Georgia,2024,Car Accident,Traumatic Brain Injury,verdict,725000.0,1,13.493928313146206,TopVerdict,Rear-end collision causing brain and spinal injuries. Listed on TopVerdict's 2024 Georgia Top 50 verdicts.
Texas,,2024,Medical Malpractice,Back Injury,settlement,706313.78,0,13.467816281130213,CourtListener,"CC-19-01718-E MEMORANDUM OPINION Before Justices Partida-Kipness, Nowell, and Carlyle Opinion by Justice Nowell This appeal stems from a car accident in which a jury awarded appellee Gabriella Estrada $678."
New York,,2024,Slip and Fall,Shoulder Injury,settlement,650000.0,0,13.384729180332174,News,"$650,000 settlement in a slip and fall case in New York . The plaintiff sustained shoulder injury and was awarded damages."
Illinois,,2024,Bicycle Accident,Personal Injury,verdict,620000.0,1,13.3374763699232,TopVerdict Illinois 2024 Top 100 Verdicts list,Illinois jury verdict for a bicyclist struck by a car; listed at rank 53 on TopVerdict's Illinois Top 100 verdicts of 2024.
New York,,2024,Slip and Fall,Other,settlement,600000.0,0,13.304686600863562,News,"$600,000 settlement in a slip and fall case in New York . The plaintiff sustained personal injury and was awarded damages."
Virginia,,2024,Medical Malpractice,Wrongful Death,verdict,550000.0,1,13.217675375388819,News,"Physician failed to diagnose malaria, and the patient died from the untreated infection."
Illinois,,2024,Car Accident,Brain and Spinal Injury,verdict,505937.0,1,13.134169411117965,TopVerdict Illinois 2024 Top 100 Verdicts list,Rear-end collision producing brain and spinal injuries; Illinois jury verdict listed on TopVerdict's Illinois Top 100 of 2024.
Virginia,,2024,Car Accident,Traumatic Brain Injury,verdict,500000.0,1,13.122365377402328,News,Mild TBI from a car accident caused persistent vision and concentration problems.
New Jersey,,2024,Car Accident,Back Injury,verdict,500000.0,1,13.122365377402328,News,Middlesex County jury verdict for neck and back injuries from a motor vehicle collision.
Ohio,,2024,Medical Malpractice,Wrongful Death,verdict,500000.0,1,13.122365377402328,CourtListener,"Medical Malpractice jury verdict of $500,000 in Ohio."
Missouri,,2024,Medical Malpractice,Shoulder Injury,verdict,500000.0,1,13.122365377402328,CourtListener,"Medical Malpractice jury verdict of $500,000 in Missouri."
Illinois,,2024,Car Accident,Personal Injury,verdict,458000.0,1,13.034626646500051,TopVerdict Illinois 2024 Top 100 Verdicts list,Car-to-car collision with a corporate defendant; Illinois jury verdict listed on TopVerdict's Illinois Top 100 of 2024.
Illinois,,2024,Car Accident,Personal Injury,verdict,453000.0,1,13.023649611968253,TopVerdict Illinois 2024 Top 100 Verdicts list,Left-turn collision; Illinois jury verdict listed on TopVerdict's Illinois Top 100 of 2024.
New York,,2024,Other,Other,settlement,450000.0,0,13.017005083966255,News,"$450,000 settlement in New York . The plaintiff sustained personal injury and was awarded damages."
New York,,2024,Slip and Fall,Other,settlement,430000.0,0,12.971542813248437,News,"$430,000 settlement in a slip and fall case in New York . The plaintiff sustained personal injury and was awarded damages."
Ohio,,2024,Medical Malpractice,Spinal Cord Injury,verdict,420331.82,1,12.948802105025228,CourtListener,"Medical Malpractice jury verdict of $420,331.82 in Ohio."
Colorado,,2024,Premises Liability,Traumatic Brain Injury,verdict,404103.0,1,12.90942754955754,News,"Wheelchair user struck an exposed tree well grate at Walmart, was thrown from chair, and suffered brain injuries and MS exacerbation."
Texas,,2024,Medical Malpractice,Knee Injury,settlement,400000.0,0,12.899222326086994,CourtListener,"Medical Malpractice settlement of $400,000 in Texas."
Illinois,,2024,Car Accident,Personal Injury,verdict,390131.0,1,12.874240422379104,TopVerdict Illinois 2024 Top 100 Verdicts list,Head-on collision involving an impaired driver; Illinois jury verdict listed on TopVerdict's Illinois Top 100 of 2024.
Pennsylvania,Allegheny,2024,Car Accident,Neck Injury,verdict,375000.0,1,12.834683971615659,News,"A teenager hurt in an intersection collision north of Pittsburgh suffered a concussion and cervical injuries that eventually required fusion surgery. The Allegheny County jury awarded $375,000, including $150,000 in past medical expenses."
Illinois,,2024,Bicycle Accident,Personal Injury,verdict,333957.0,1,12.718770515548838,TopVerdict Illinois 2024 Top 100 Verdicts list,Car-versus-bicycle crash; Illinois jury verdict listed on TopVerdict's Illinois Top 100 of 2024.
Tennessee,,2024,Car Accident,Back Injury,verdict,320000.0,1,12.676079399771027,CourtListener,"Haddon $320,000 in total damages."
Washington,,2024,Car Accident,Back Injury,verdict,310906.0,1,12.647249111071604,News,"Car Accident jury verdict of $310,906 in Washington."
Illinois,,2024,Car Accident,Personal Injury,verdict,300000.0,1,12.611541086966115,TopVerdict Illinois 2024 Top 100 Verdicts list,Sideswipe collision; Illinois jury verdict listed on TopVerdict's Illinois Top 100 of 2024.
Ohio,,2024,Truck Accident,Wrongful Death,settlement,300000.0,0,12.611541086966115,CourtListener,"] COURT OF APPEALS OF OHIO EIGHTH APPELLATE DISTRICT COUNTY OF CUYAHOGA STATE FARM MUTUAL AUTOMOBILE : INSURANCE COMPANY, : Plaintiff-Appellee, No."
Minnesota,,2024,Bus Accident,Wrongful Death,settlement,292340.03,0,12.58567631073187,CourtListener,The jury awarded Scheurer $292.
Illinois,,2024,Bus Accident,Traumatic Brain Injury,verdict,279655.22,1,12.541316342090708,CourtListener,"Bus Accident jury verdict of $279,655.22 in Illinois."
Mississippi,,2024,Truck Accident,Burns,verdict,263443.39,1,12.481597581047447,CourtListener,The jury found Empire liable and awarded Eason Propane $263.
Pennsylvania,,2024,Premises Liability,Other,verdict,261000.0,1,12.472279517715116,News,Sexual assault at an office building due to inadequate security measures.
Florida,,2024,Car Accident,Back Injury,verdict,256860.0,1,12.456290361530845,News,Rear-ended while attempting left turn. Multiple herniated discs across several spinal levels requiring extensive therapy.
Tennessee,,2024,Medical Malpractice,Back Injury,verdict,250000.0,1,12.429220196836383,CourtListener,"Medical Malpractice jury verdict of $250,000 in Tennessee."
New Jersey,,2024,Car Accident,Broken Bones,verdict,245000.0,1,12.409017571151187,News,Stop sign accident in Edison caused a wrist injury.
Florida,,2024,Bus Accident,Back Injury,verdict,241460.0,1,12.39446324835051,CourtListener,The plaintiff was awarded total compensatory damages of $241.
Illinois,,2024,Car Accident,Personal Injury,verdict,226697.0,1,12.33137401422468,TopVerdict Illinois 2024 Top 100 Verdicts list,Stop-sign violation crash; Illinois jury verdict listed on TopVerdict's Illinois Top 100 of 2024.
Florida,Duval,2024,Car Accident,Soft Tissue,verdict,208879.0,1,12.24951520337301,News,"High-speed I-75 rear-end collision. The jury awarded $108,879 past and $100,000 future medical damages but zero pain and suffering, finding no permanent injury under Florida's threshold."
Illinois,,2024,Car Accident,Spinal Injury,verdict,200000.0,1,12.206077645517674,TopVerdict Illinois 2024 Top 100 Verdicts list,Left-turn collision with spinal injury; Illinois jury verdict listed on TopVerdict's Illinois Top 100 of 2024.
Florida,Osceola,2024,Slip and Fall,Shoulder Injury,settlement,200000.0,0,12.206077645517674,News,"Woman slipped on water in the produce aisle, tearing her shoulder and requiring surgery to repair the damage."
Missouri,,2024,Premises Liability,Back Injury,verdict,200000.0,1,12.206077645517674,CourtListener,"Following a four-day jury trial, the circuit court entered judgment awarding Roark $200,000 in compensatory damages."
Illinois,,2024,Car Accident,Personal Injury,verdict,193750.0,1,12.174329108492596,TopVerdict Illinois 2024 Top 100 Verdicts list,Police emergency vehicle collision at a red light with a municipal defendant; Illinois jury verdict listed on TopVerdict's Illinois Top 100 of 2024.
Oklahoma,,2024,Car Accident,Broken Bones,verdict,190000.0,1,12.154784614286667,News,Two minors who were passengers suffered significant physical injuries in accident with State Farm insured vehicle.
Illinois,,2024,Truck Accident,Personal Injury,verdict,176500.0,1,12.081081821061819,TopVerdict Illinois 2024 Top 100 Verdicts list,T-bone truck-versus-car collision; Illinois jury verdict listed on TopVerdict's Illinois Top 100 of 2024.
Texas,,2024,Truck Accident,Burns,verdict,173130.0,1,12.06180381236291,CourtListener,The investigating officer concluded that Trinh caused the accident by failing to control her speed.
Maryland,,2024,Car Accident,Soft Tissue Injury,verdict,168135.0,1,12.032528454707249,News,"Uninsured driver hit plaintiff vehicle head-on. Under UIM coverage, jury awarded compensation for pain and suffering plus past medical expenses."
Virginia,Prince George,2024,Personal Injury,Other,verdict,150000.0,1,11.918397239722838,STATE_COURT,"Virginia District Court Motion for Judgment, (Prince George), plaintiff represented by BLANK & MARCUS LLC, judgment for other, total 150,000"
Colorado,,2024,Car Accident,Back Injury,verdict,140000.0,1,11.849404844423074,News,Plaintiff with State Farm UIM coverage sought damages after settling with at-fault driver.
Illinois,,2024,Car Accident,Personal Injury,verdict,136200.0,1,11.821887014814502,TopVerdict Illinois 2024 Top 100 Verdicts list,"U-turn crash involving a truck and car at a stop sign, tried against the insurer; Illinois jury verdict listed on TopVerdict's Illinois Top 100 of 2024."
South Dakota,,2024,Medical Malpractice,Traumatic Brain Injury,verdict,125000.0,1,11.736077016252437,CourtListener,"At the conclusion of the trial, the jury awarded Braun $125,000 in damages, a much lower amount than what she had requested."
Florida,,2024,Car Accident,Soft Tissue Injury,settlement,120000.0,0,11.695255355062795,News,Rear-ended and forced into tree by unknown fleeing driver. Case involved UIM coverage dispute with State Farm.
Texas,,2024,Car Accident,Burns,settlement,113098.0,0,11.636018820332144,CourtListener,"Car Accident settlement of $113,098 in Texas."
Illinois,,2024,Car Accident,Personal Injury,verdict,112500.0,1,11.630717389475995,TopVerdict Illinois 2024 Top 100 Verdicts list,Car-to-car collision; Illinois jury verdict listed on TopVerdict's Illinois Top 100 of 2024.
Illinois,,2024,Car Accident,Spinal Injury,verdict,109600.0,1,11.604601777542019,TopVerdict Illinois 2024 Top 100 Verdicts list,T-bone collision at a red light with spinal injury; Illinois jury verdict listed on TopVerdict's Illinois Top 100 of 2024.
Illinois,,2024,Car Accident,Personal Injury,verdict,101477.0,1,11.527597305202097,TopVerdict Illinois 2024 Top 100 Verdicts list,T-bone collision at a red light; Illinois jury verdict listed on TopVerdict's Illinois Top 100 of 2024.
Illinois,,2024,Car Accident,Personal Injury,verdict,101070.0,1,11.52357851915254,TopVerdict Illinois 2024 Top 100 Verdicts list,Rear-end collision; Illinois jury verdict listed on TopVerdict's Illinois Top 100 of 2024.
Iowa,,2024,Medical Malpractice,Other,settlement,100546.76,0,11.518388117478757,CourtListener,"Medical Malpractice settlement of $100,546.76 in Iowa."
New York,,2024,Car Accident,Back Injury,settlement,100000.0,0,11.51293546492023,News,Minor passenger struck guardrail. Suffered facial laceration and neck and back injuries.
Florida,,2024,Truck Accident,Back Injury,settlement,100000.0,0,11.51293546492023,CourtListener,"This concurrence will specifically discuss the language of the insurance contract, small claims rules of procedure, and the pleadings and procedure utilized during the litigation of this matter."
New York,,2024,Premises Liability,Soft Tissue Injury,verdict,75000.0,1,11.225256725762893,News,Minor suffered a guillotine-type finger injury from a defective Walmart folding chair that collapsed during normal use.
Pennsylvania,,2024,Premises Liability,Soft Tissue Injury,verdict,70000.0,1,11.156264806643742,News,"Plaintiff attacked by an unsecured dog, sustaining bite injuries."
Georgia,,2024,Workplace Injury,Soft Tissue Injury,settlement,66000.0,0,11.097425172408931,CourtListener,"The jury returned a $66,000 verdict in Marilyn’s favor and apportioned five percent The parties point us to nothing in the record indicating whether Marilyn Martin and Dontavius Martin are related."
South Carolina,,2024,Car Accident,Back Injury,verdict,65000.0,1,11.082157933374816,News,"Plaintiff rear-ended in traffic, sustaining neck and back injuries."
Louisiana,,2024,Truck Accident,Traumatic Brain Injury,settlement,55000.0,0,10.915106645867503,CourtListener,"Additionally, we find Plaintiff’s general damages total $55."
Virginia,Stafford,2024,Personal Injury,Other,verdict,50113.0,1,10.822055689154324,STATE_COURT,"Virginia District Court Motion for Judgment, (Stafford), plaintiff represented by ALLEN ALLEN ALLEN & ALLEN, judgment for plaintiff, total 50,113"
Virginia,Hanover,2024,Personal Injury,Other,verdict,50055.0,1,10.820897657678199,STATE_COURT,"Virginia District Court Motion for Judgment, (Hanover), plaintiff represented by MARKS & HARRISON, total 50,055, notes: TRANFERRED TO CIRCUIT COURT PER MOTION"
Virginia,Richmond,2024,Personal Injury,Other,verdict,50052.0,1,10.820837723006973,STATE_COURT,"Virginia District Court Motion for Judgment, (Richmond), plaintiff represented by TRONFELD, WEST, total 50,052, notes: AGREED TRANSFER TO CHESTERFIELD GENERAL DISTRICT COURT"
Virginia,Richmond,2024,Personal Injury,Other,verdict,50052.0,1,10.820837723006973,STATE_COURT,"Virginia District Court Motion for Judgment, (Richmond), plaintiff represented by MARKS & HARRISON, judgment for transfer/change of venue, total 50,052"
Virginia,Richmond,2024,Personal Injury,Other,verdict,50052.0,1,10.820837723006973,STATE_COURT,"Virginia District Court Motion for Judgment, (Richmond), plaintiff represented by TRONFELD, WEST, total 50,052"
Virginia,Richmond,2024,Personal Injury,Other,verdict,50052.0,1,10.820837723006973,STATE_COURT,"Virginia District Court Motion for Judgment, (Richmond), plaintiff represented by ALLEN, ALLEN, judgment for other, total 50,052"
Virginia,Richmond,2024,Personal Injury,Other,verdict,50052.0,1,10.820837723006973,STATE_COURT,"Virginia District Court Motion for Judgment, (Richmond), plaintiff represented by TRONFELD, WEST, total 50,052, notes: TRANSFERED TO HENIRCO GENERAL DISTRICT COURT"
Virginia,Richmond,2024,Personal Injury,Other,verdict,50052.0,1,10.820837723006973,STATE_COURT,"Virginia District Court Motion for Judgment, (Richmond), plaintiff represented by TRONFELD, WEST, judgment for transfer/change of venue, total 50,052"
Virginia,Richmond,2024,Personal Injury,Other,verdict,50052.0,1,10.820837723006973,STATE_COURT,"Virginia District Court Motion for Judgment, (Richmond), plaintiff represented by ALLEN, ALLEN, total 50,052"
Virginia,Richmond,2024,Personal Injury,Other,verdict,50052.0,1,10.820837723006973,STATE_COURT,"Virginia District Court Motion for Judgment, (Richmond), plaintiff represented by ALLEN, ALLEN, judgment for defendant, total 50,052"
Virginia,Richmond,2024,Personal Injury,Other,verdict,50052.0,1,10.820837723006973,STATE_COURT,"Virginia District Court Motion for Judgment, (Richmond), plaintiff represented by TRONFELD, WEST, judgment for transfer/change of venue, total 50,052, notes: CHANGE OF VENUE TO DINWIDDIE GDC PER ORDER"
Virginia,Richmond,2024,Personal Injury,Other,verdict,50052.0,1,10.820837723006973,STATE_COURT,"Virginia District Court Motion for Judgment, (Richmond), plaintiff represented by ALLEN, ALLEN, judgment for transfer/change of venue, total 50,052"
Virginia,Richmond,2024,Personal Injury,Other,verdict,50052.0,1,10.820837723006973,STATE_COURT,"Virginia District Court Motion for Judgment, (Richmond), plaintiff represented by JOEL BIEBER FIRM, total 50,052, notes: REMOVED TO RICHMOND CIRCUIT COURT"
Virginia,Richmond,2024,Personal Injury,Other,verdict,50052.0,1,10.820837723006973,STATE_COURT,"Virginia District Court Motion for Judgment, (Richmond), plaintiff represented by MARKS & HARRISON, judgment for plaintiff, total 50,052"
Virginia,Richmond,2024,Personal Injury,Other,verdict,50052.0,1,10.820837723006973,STATE_COURT,"Virginia District Court Motion for Judgment, (Richmond), plaintiff represented by PENDLETON & ASSOC, judgment for defendant, total 50,052"
Virginia,Richmond,2024,Personal Injury,Other,verdict,50052.0,1,10.820837723006973,STATE_COURT,"Virginia District Court Motion for Judgment, (Richmond), plaintiff represented by MARKS & HARRISON, total 50,052"
Virginia,Richmond,2024,Personal Injury,Other,verdict,50052.0,1,10.820837723006973,STATE_COURT,"Virginia District Court Motion for Judgment, (Richmond), plaintiff represented by MARKS & HARRISON, total 50,052"
Virginia,Richmond,2024,Personal Injury,Other,verdict,50052.0,1,10.820837723006973,STATE_COURT,"Virginia District Court Motion for Judgment, (Richmond), plaintiff represented by TRONFELD, WEST, judgment for other, total 50,052"
Virginia,Richmond,2024,Personal Injury,Other,verdict,50052.0,1,10.820837723006973,STATE_COURT,"Virginia District Court Motion for Judgment, (Richmond), plaintiff represented by BLANK & MARCUS, judgment for transfer/change of venue, total 50,052"
Virginia,Richmond,2024,Personal Injury,Other,verdict,50052.0,1,10.820837723006973,STATE_COURT,"Virginia District Court Motion for Judgment, (Richmond), plaintiff represented by TRONFELD, WEST, judgment for transfer/change of venue, total 50,052, notes: TRANSFERRED TO HENRICO COUNTY GDC"
Virginia,Richmond,2024,Personal Injury,Other,verdict,50052.0,1,10.820837723006973,STATE_COURT,"Virginia District Court Motion for Judgment, (Richmond), plaintiff represented by TRONFELD, WEST, judgment for transfer/change of venue, total 50,052"
Virginia,Richmond,2024,Personal Injury,Other,verdict,50052.0,1,10.820837723006973,STATE_COURT,"Virginia District Court Motion for Judgment, (Richmond), plaintiff represented by ALLEN, ALLEN, judgment for transfer/change of venue, total 50,052, notes: TRANSFERRED TO HENRICO GENERAL DISTRICT COURT"
Virginia,Richmond,2024,Personal Injury,Other,verdict,50052.0,1,10.820837723006973,STATE_COURT,"Virginia District Court Motion for Judgment, (Richmond), plaintiff represented by TRONFELD, WEST, judgment for other, total 50,052"
Virginia,Greene,2024,Personal Injury,Other,verdict,50052.0,1,10.820837723006973,STATE_COURT,"Virginia District Court Motion for Judgment, (Greene), plaintiff represented by MARKS & HARRISON, judgment for other, total 50,052"
Virginia,Henrico,2024,Personal Injury,Other,verdict,50052.0,1,10.820837723006973,STATE_COURT,"Virginia District Court Motion for Judgment, (Henrico), plaintiff represented by ALLEN & ALLEN, judgment for plaintiff, total 50,052"
Virginia,Chesterfield,2024,Personal Injury,Other,verdict,50050.0,1,10.820797764563748,STATE_COURT,"Virginia District Court Motion for Judgment, (Chesterfield), plaintiff represented by THE JOEL BIEBER FIRM, total 50,050"
Virginia,Chesterfield,2024,Personal Injury,Other,verdict,50050.0,1,10.820797764563748,STATE_COURT,"Virginia District Court Motion for Judgment, (Chesterfield), plaintiff represented by THE JOEL BIEBER FIRM, total 50,050"
Virginia,Stafford,2024,Personal Injury,Other,verdict,50000.0,1,10.819798284210286,STATE_COURT,"Virginia District Court Motion for Judgment, (Stafford), plaintiff represented by ALLEN ALLEN ALLEN & ALLEN, judgment for transfer/change of venue, total 50,000"
Virginia,Staunton,2024,Personal Injury,Other,verdict,50000.0,1,10.819798284210286,STATE_COURT,"Virginia District Court Motion for Judgment, (Staunton), plaintiff represented by MARKS & HARRISON, judgment for other, total 50,000"
Virginia,Stafford,2024,Personal Injury,Other,verdict,50000.0,1,10.819798284210286,STATE_COURT,"Virginia District Court Motion for Judgment, (Stafford), plaintiff represented by ALLEN, ALLEN, ALLEN & ALLEN, total 50,000"
Ohio,,2024,Car Accident,Back Injury,verdict,50000.0,1,10.819798284210286,CourtListener,"Car Accident jury verdict of $50,000 in Ohio."
Washington,,2024,Car Accident,Soft Tissue Injury,verdict,49476.0,1,10.809263194110516,News,"Plaintiffs rejected State Farm $15,000 settlement offer and recovered more at trial after rear-end collision."
Virginia,Louisa,2024,Personal Injury,Other,verdict,45081.0,1,10.716238332741906,STATE_COURT,"Virginia District Court Motion for Judgment, (Louisa), plaintiff represented by MARKS & HARRISON P.C., judgment for plaintiff, total 45,081"
Virginia,Chesterfield,2024,Personal Injury,Other,verdict,45066.0,1,10.715905550345243,STATE_COURT,"Virginia District Court Motion for Judgment, (Chesterfield), plaintiff represented by ALLEN ALLEN ALLEN & ALLEN, judgment for plaintiff, total 45,066"
New York,,2024,Slip and Fall,Other,settlement,45000.0,0,10.714439990727769,News,"$45,000 settlement in a slip and fall case in New York . The plaintiff sustained personal injury and was awarded damages."
Maryland,,2024,Pedestrian Accident,Soft Tissue Injury,verdict,40960.0,1,10.620375673477872,News,Driver hit pedestrian wearing bright orange vest in parking lot.
Virginia,Loudoun,2024,Personal Injury,Other,verdict,40958.0,1,10.620326845352862,STATE_COURT,"Virginia District Court Motion for Judgment, (Loudoun), plaintiff represented by THE JOEL BIEBER FIRM, judgment for plaintiff, total 40,957.61"
Nevada,,2024,Car Accident,Soft Tissue Injury,verdict,38726.0,1,10.56429231017482,News,Infant injured in car accident caused by GEICO insured driver.
Virginia,Richmond,2024,Personal Injury,Other,verdict,38061.0,1,10.546971688076972,STATE_COURT,"Virginia District Court Motion for Judgment, (Richmond), plaintiff represented by ALLEN, ALLEN, judgment for plaintiff, total 38,061"
Virginia,Richmond,2024,Personal Injury,Other,verdict,37052.0,1,10.520104599106125,STATE_COURT,"Virginia District Court Motion for Judgment, (Richmond), plaintiff represented by JOEL BIEBER FIRM, judgment for plaintiff, total 37,052"
Virginia,Stafford,2024,Personal Injury,Other,verdict,34854.0,1,10.4589518779205,STATE_COURT,"Virginia District Court Motion for Judgment, (Stafford), plaintiff represented by ALLEN, ALLEN, ALLEN & ALLEN, judgment for plaintiff, total 34,854.18"
Pennsylvania,,2024,Car Accident,Traumatic Brain Injury,verdict,34500.0,1,10.448743588106625,News,Left-turn collision resulted in post-concussion syndrome.
Texas,,2024,Truck Accident,Wrongful Death,verdict,34307.49,1,10.443148124391437,CourtListener,"DC-19-08024 MEMORANDUM OPINION Before Chief Justice Burns, Justice Miskel, and Justice Breedlove Opinion by Justice Breedlove Appellants Deborah Moody and Linda Daniels sued appellees Ronoequis Tinnon and Blitz Express, LLC for damages arising from a vehicle collision."
Virginia,Chesterfield,2024,Personal Injury,Other,verdict,32060.0,1,10.375395617193007,STATE_COURT,"Virginia District Court Motion for Judgment, (Chesterfield), plaintiff represented by MARKS & HARRISON, judgment for plaintiff, total 32,060, notes: NO PLEADINGS ORDERED"
Virginia,Henrico,2024,Personal Injury,Other,verdict,30052.0,1,10.31071776859096,STATE_COURT,"Virginia District Court Motion for Judgment, (Henrico), plaintiff represented by ALLEN & ALLEN, judgment for plaintiff, total 30,052, notes: GDSRCV'D 6/14/24"
Texas,,2024,Medical Malpractice,Shoulder Injury,verdict,30000.0,1,10.308985993422082,CourtListener,"Appellant filed a combined motion to modify the judgment and motion for new trial arguing that the jury’s answer to the damages’ question was so against the overwhelming weight of the evidence as to be manifestly unjust, shock the conscience, or clearly demonstrate bias because the only evidence."
Virginia,Accomack,2024,Personal Injury,Other,verdict,29567.0,1,10.294447974441411,STATE_COURT,"Virginia District Court Motion for Judgment, (Accomack), plaintiff represented by KALFUS & NACHMAN, judgment for plaintiff, total 29,567.33"
Virginia,Stafford,2024,Personal Injury,Other,verdict,28712.0,1,10.265105260864017,STATE_COURT,"Virginia District Court Motion for Judgment, (Stafford), plaintiff represented by MARKS & HARRISON, judgment for plaintiff, total 28,711.87"
Virginia,Fairfax,2024,Personal Injury,Other,verdict,27440.0,1,10.219793524324475,STATE_COURT,"Virginia District Court Motion for Judgment, (Fairfax), plaintiff represented by HUSTON & ANGUS, judgment for plaintiff, total 27,440.05"
Virginia,Chesterfield,2024,Personal Injury,Other,verdict,27102.0,1,10.207399701847889,STATE_COURT,"Virginia District Court Motion for Judgment, (Chesterfield), plaintiff represented by MARKS & HARRISON, judgment for plaintiff, total 27,102"
Virginia,Augusta,2024,Personal Injury,Other,verdict,27083.0,1,10.206698426605536,STATE_COURT,"Virginia District Court Motion for Judgment, (Augusta), plaintiff represented by ALLEN ALLEN, judgment for plaintiff, total 27,083"
Virginia,Richmond,2024,Personal Injury,Other,verdict,27052.0,1,10.205553183855171,STATE_COURT,"Virginia District Court Motion for Judgment, (Richmond), plaintiff represented by ALLEN, ALLEN, judgment for plaintiff, total 27,052"
Virginia,Fairfax,2024,Personal Injury,Other,verdict,26656.0,1,10.190807059268902,STATE_COURT,"Virginia District Court Motion for Judgment, (Fairfax), plaintiff represented by HUSTON & ANGUS, judgment for plaintiff, total 26,656.12"
Virginia,Fairfax,2024,Personal Injury,Other,verdict,26498.0,1,10.184862275413241,STATE_COURT,"Virginia District Court Motion for Judgment, (Fairfax), plaintiff represented by HUSTON & ANGUS, judgment for plaintiff, total 26,497.86"
Texas,,2024,Truck Accident,Broken Bones,verdict,25393.1,1,10.14227214256008,CourtListener,"Truck Accident jury verdict of $25,393.1 in Texas."
Virginia,Richmond,2024,Personal Injury,Other,verdict,25052.0,1,10.12874885982134,STATE_COURT,"Virginia District Court Motion for Judgment, (Richmond), plaintiff represented by ALLEN, ALLEN, judgment for plaintiff, total 25,052, notes: 12.6.2024 VAC AND DISMISS W/PREJUDICE PER AGREED ORDER"
Virginia,Henrico,2024,Personal Injury,Other,verdict,25052.0,1,10.12874885982134,STATE_COURT,"Virginia District Court Motion for Judgment, (Henrico), plaintiff represented by ALLEN ALLEN, judgment for plaintiff, total 25,052, notes: G/D REC'D 12/12/24"
Pennsylvania,,2024,Car Accident,Soft Tissue Injury,verdict,25000.0,1,10.12667110305036,News,"Car Accident jury verdict of $25,000 in Pennsylvania."
Arizona,,2024,Car Accident,Whiplash,verdict,25000.0,1,10.12667110305036,News,Rear-end collision at a red light. Liability was admitted and the case proceeded as a damages-only trial.
Virginia,Chesterfield,2024,Personal Injury,Other,verdict,25000.0,1,10.12667110305036,STATE_COURT,"Virginia District Court Motion for Judgment, (Chesterfield), plaintiff represented by ALLEN ALLEN ALLEN & ALLEN, judgment for plaintiff, total 25,000"
Tennessee,,2024,Premises Liability,Back Injury,verdict,25000.0,1,10.12667110305036,CourtListener,"Plaintiff sought $25,000 in compensatory damages."
Virginia,Fairfax,2024,Personal Injury,Other,verdict,24840.0,1,10.12025079288605,STATE_COURT,"Virginia District Court Motion for Judgment, (Fairfax), plaintiff represented by HUSTON & ANGUS, judgment for plaintiff, total 24,839.51"
Virginia,Fairfax,2024,Personal Injury,Other,verdict,23837.0,1,10.079036225042653,STATE_COURT,"Virginia District Court Motion for Judgment, (Fairfax), plaintiff represented by HUSTON & ANGUS, judgment for plaintiff, total 23,836.99"
Virginia,Fairfax,2024,Personal Injury,Other,verdict,23117.0,1,10.048366813854212,STATE_COURT,"Virginia District Court Motion for Judgment, (Fairfax), plaintiff represented by HUSTON & ANGUS, judgment for plaintiff, total 23,116.99"
Colorado,,2024,Bicycle Accident,Other,verdict,20820.0,1,9.943717371755195,News,Cyclist struck when a motorist failed to yield right of way at an intersection in Colorado.
Virginia,Fairfax,2024,Personal Injury,Other,verdict,20559.0,1,9.931102719569102,STATE_COURT,"Virginia District Court Motion for Judgment, (Fairfax), plaintiff represented by HUSTON & ANGUS, judgment for plaintiff, total 20,559.39"
Virginia,Petersburg,2024,Personal Injury,Other,verdict,20065.0,1,9.906782119485557,STATE_COURT,"Virginia District Court Motion for Judgment, (Petersburg), plaintiff represented by ALLEN & ALLEN, judgment for plaintiff, total 20,065"
Virginia,Chesterfield,2024,Personal Injury,Other,verdict,20050.0,1,9.906034306802704,STATE_COURT,"Virginia District Court Motion for Judgment, (Chesterfield), plaintiff represented by ALLEN ALLEN ALLEN & ALLEN, judgment for plaintiff, total 20,050"
Virginia,Fairfax,2024,Personal Injury,Other,verdict,20003.0,1,9.903687532538795,STATE_COURT,"Virginia District Court Motion for Judgment, (Fairfax), plaintiff represented by HUSTON & ANGUS, judgment for plaintiff, total 20,002.78"
Virginia,Fairfax,2024,Personal Injury,Other,verdict,19749.0,1,9.890908770329268,STATE_COURT,"Virginia District Court Motion for Judgment, (Fairfax), plaintiff represented by HUSTON & ANGUS, judgment for plaintiff, total 19,748.93"
Virginia,Fairfax,2024,Personal Injury,Other,verdict,19510.0,1,9.878733688069898,STATE_COURT,"Virginia District Court Motion for Judgment, (Fairfax), plaintiff represented by HUSTON & ANGUS, judgment for plaintiff, total 19,509.82"
Virginia,Fairfax,2024,Personal Injury,Other,verdict,19510.0,1,9.878733688069898,STATE_COURT,"Virginia District Court Motion for Judgment, (Fairfax), plaintiff represented by HUSTON & ANGUS, judgment for plaintiff, total 19,510.05"
Virginia,Fairfax,2024,Personal Injury,Other,verdict,18912.0,1,9.847604795288454,STATE_COURT,"Virginia District Court Motion for Judgment, (Fairfax), plaintiff represented by HUSTON & ANGUS, judgment for plaintiff, total 18,911.9"
Virginia,Henrico,2024,Personal Injury,Other,verdict,18624.0,1,9.83226004324776,STATE_COURT,"Virginia District Court Motion for Judgment, (Henrico), plaintiff represented by ALLEN, ALLEN, judgment for plaintiff, total 18,624"
Virginia,Fairfax,2024,Personal Injury,Other,verdict,18031.0,1,9.799903236279558,STATE_COURT,"Virginia District Court Motion for Judgment, (Fairfax), plaintiff represented by HUSTON & ANGUS, judgment for plaintiff, total 18,031.29"
Virginia,Prince William,2024,Personal Injury,Other,verdict,18000.0,1,9.798182590890704,STATE_COURT,"Virginia District Court Motion for Judgment, (Prince William), plaintiff represented by MARKS & HARRISON, judgment for plaintiff, total 18,000"
Virginia,Henrico,2024,Personal Injury,Other,verdict,17052.0,1,9.744081420312915,STATE_COURT,"Virginia District Court Motion for Judgment, (Henrico), plaintiff represented by THE JOEL BIEBER FIRM, judgment for plaintiff, total 17,052"
Virginia,Henrico,2024,Personal Injury,Other,verdict,15052.0,1,9.619332585860503,STATE_COURT,"Virginia District Court Motion for Judgment, (Henrico), plaintiff represented by BLANK & MARCUS, judgment for plaintiff, total 15,052"
Virginia,Richmond,2024,Personal Injury,Other,verdict,15052.0,1,9.619332585860503,STATE_COURT,"Virginia District Court Motion for Judgment, (Richmond), plaintiff represented by MARKS & HARRISON, judgment for plaintiff, total 15,052"
Arizona,,2024,Car Accident,Knee Injury,verdict,15000.0,1,9.61587214452889,News,"Minor passenger injured in an interstate accident, suffering a knee injury and PTSD."
Virginia,Fairfax,2024,Personal Injury,Other,verdict,14334.0,1,9.57045937831747,STATE_COURT,"Virginia District Court Motion for Judgment, (Fairfax), plaintiff represented by HUSTON & ANGUS, judgment for plaintiff, total 14,334.28"
Virginia,Chesterfield,2024,Personal Injury,Other,verdict,14062.0,1,9.551302513870247,STATE_COURT,"Virginia District Court Motion for Judgment, (Chesterfield), plaintiff represented by THE JOEL BIEBER FIRM, judgment for plaintiff, total 14,062"
Virginia,York,2024,Personal Injury,Other,verdict,13827.0,1,9.534450801041515,STATE_COURT,"Virginia District Court Motion for Judgment, (York), plaintiff represented by GOLDSTEIN, EDGAR & REAGAN, judgment for plaintiff, total 13,826.99"
Virginia,Fairfax,2024,Personal Injury,Other,verdict,13399.0,1,9.503009985939002,STATE_COURT,"Virginia District Court Motion for Judgment, (Fairfax), plaintiff represented by HUSTON & ANGUS, judgment for plaintiff, total 13,398.58"
Virginia,Fairfax,2024,Personal Injury,Other,verdict,12486.0,1,9.432443382115146,STATE_COURT,"Virginia District Court Motion for Judgment, (Fairfax), plaintiff represented by HUSTON & ANGUS, judgment for plaintiff, total 12,486.41"
Virginia,Rockingham,2024,Personal Injury,Other,verdict,12000.0,1,9.392745258631441,STATE_COURT,"Virginia District Court Motion for Judgment, (Rockingham), plaintiff represented by MARKS & HARRISON, judgment for plaintiff, total 12,000"
Virginia,York,2024,Personal Injury,Other,verdict,11982.0,1,9.391244257682517,STATE_COURT,"Virginia District Court Motion for Judgment, (York), plaintiff represented by GOLDSTEIN, EDGAR & REAGAN, judgment for plaintiff, total 11,982.37"
Virginia,Fairfax,2024,Personal Injury,Other,verdict,11404.0,1,9.341807134718488,STATE_COURT,"Virginia District Court Motion for Judgment, (Fairfax), plaintiff represented by HUSTON & ANGUS, judgment for plaintiff, total 11,403.94"
Virginia,Fairfax,2024,Personal Injury,Other,verdict,11368.0,1,9.338645632129106,STATE_COURT,"Virginia District Court Motion for Judgment, (Fairfax), plaintiff represented by HUSTON & ANGUS, judgment for plaintiff, total 11,368.4"
Virginia,Fairfax,2024,Personal Injury,Other,verdict,10557.0,1,9.264639145383562,STATE_COURT,"Virginia District Court Motion for Judgment, (Fairfax), plaintiff represented by HUSTON & ANGUS, judgment for plaintiff, total 10,557.24"
Virginia,Fairfax,2024,Personal Injury,Other,verdict,10304.0,1,9.240384493324559,STATE_COURT,"Virginia District Court Motion for Judgment, (Fairfax), plaintiff represented by HUSTON & ANGUS, judgment for plaintiff, total 10,304.14"
Texas,,2024,Bus Accident,Back Injury,settlement,10000.0,0,9.210440366976517,CourtListener,"Though it was not entirely clear who had injured Carlo, the Department of Family and Protective Services (DFPS) concluded that it had reason to believe that Mother was the culprit."
Virginia,York,2024,Personal Injury,Other,verdict,9396.0,1,9.148145768383065,STATE_COURT,"Virginia District Court Motion for Judgment, (York), plaintiff represented by GOLDSTEIN, EDGAR & REAGAN, judgment for plaintiff, total 9,395.87"
Virginia,Fairfax,2024,Personal Injury,Other,verdict,9390.0,1,9.147507062804614,STATE_COURT,"Virginia District Court Motion for Judgment, (Fairfax), plaintiff represented by HUSTON & ANGUS, judgment for plaintiff, total 9,390.23"
Virginia,Norfolk,2024,Personal Injury,Other,verdict,8834.0,1,9.086476384753796,STATE_COURT,"Virginia District Court Motion for Judgment, (Norfolk), plaintiff represented by KALFUS & NACHMAN, judgment for plaintiff, total 8,834"
South Carolina,,2024,Car Accident,Broken Bones,verdict,8650.0,1,9.065430200180375,News,Rear-end collision caused jaw and dental injuries with minimal damages awarded.
Virginia,Spotsylvania,2024,Personal Injury,Other,verdict,8280.0,1,9.0217190130337,STATE_COURT,"Virginia District Court Motion for Judgment, (Spotsylvania), plaintiff represented by ALLEN ALLEN, judgment for plaintiff, total 8,279.5"
Virginia,Fairfax,2024,Personal Injury,Other,verdict,8076.0,1,8.996775795442296,STATE_COURT,"Virginia District Court Motion for Judgment, (Fairfax), plaintiff represented by MARKS & HARRISON, judgment for plaintiff, total 8,076"
Virginia,Fairfax,2024,Personal Injury,Other,verdict,7897.0,1,8.974364841846596,STATE_COURT,"Virginia District Court Motion for Judgment, (Fairfax), plaintiff represented by HUSTON & ANGUS, judgment for plaintiff, total 7,896.61"
Virginia,York,2024,Personal Injury,Other,verdict,7373.0,1,8.90571557879409,STATE_COURT,"Virginia District Court Motion for Judgment, (York), plaintiff represented by GOLDSTEIN EDGAR & REAGAN, judgment for plaintiff, total 7,373.13"
Virginia,Williamsburg,2024,Personal Injury,Other,verdict,6743.0,1,8.81640849968169,STATE_COURT,"Virginia District Court Motion for Judgment, (Williamsburg), plaintiff represented by GOLDSTEIN EDGAR & REAGAN, judgment for plaintiff, total 6,742.88"
Virginia,Fairfax,2024,Personal Injury,Other,verdict,6564.0,1,8.789507786736896,STATE_COURT,"Virginia District Court Motion for Judgment, (Fairfax), plaintiff represented by HUSTON & ANGUS, judgment for plaintiff, total 6,563.7"
Virginia,Williamsburg,2024,Personal Injury,Other,verdict,5255.0,1,8.567125560164447,STATE_COURT,"Virginia District Court Motion for Judgment, (Williamsburg), plaintiff represented by GOLDSTEIN EDGAR & REAGAN, judgment for plaintiff, total 5,255.11"
Virginia,Prince William,2024,Personal Injury,Other,verdict,5000.0,1,8.517393171418904,STATE_COURT,"Virginia District Court Motion for Judgment, (Prince William), plaintiff represented by MARKS & HARRISON, judgment for plaintiff, total 5,000"
Virginia,Fairfax,2024,Personal Injury,Other,verdict,4558.0,1,8.424858580213442,STATE_COURT,"Virginia District Court Motion for Judgment, (Fairfax), plaintiff represented by HUSTON & ANGUS, judgment for plaintiff, total 4,558"
Virginia,Williamsburg,2024,Personal Injury,Other,verdict,3620.0,1,8.19450550976564,STATE_COURT,"Virginia District Court Motion for Judgment, (Williamsburg), plaintiff represented by GOLDSTEIN EDGAR & REAGAN, judgment for plaintiff, total 3,620.33"
Virginia,Henrico,2024,Personal Injury,Other,verdict,3089.0,1,8.035926369891792,STATE_COURT,"Virginia District Court Motion for Judgment, (Henrico), plaintiff represented by JOEL BIEBER FIRM, judgment for plaintiff, total 3,089.23"
Virginia,Fairfax,2024,Personal Injury,Other,verdict,3064.0,1,8.027802848370312,STATE_COURT,"Virginia District Court Motion for Judgment, (Fairfax), plaintiff represented by MARKS & HARRISON, judgment for plaintiff, total 3,064, notes: DEF1=DISMISSEDDEF2=JPL"
Virginia,York,2024,Personal Injury,Other,verdict,3050.0,1,8.02322468471667,STATE_COURT,"Virginia District Court Motion for Judgment, (York), plaintiff represented by GOLDSTEIN, EDGAR & REAGAN, judgment for plaintiff, total 3,049.93"
Virginia,,2024,Personal Injury,Other,verdict,2886.0,1,7.967973179662935,STATE_COURT,"Virginia District Court Motion for Judgment, plaintiff represented by GOLDSTEIN EDGAR & REAGAN, judgment for plaintiff, total 2,886.27"
Virginia,,2024,Personal Injury,Other,verdict,2563.0,1,7.849323818040561,STATE_COURT,"Virginia District Court Motion for Judgment, plaintiff represented by GOLDSTEIN EDGAR AND ASSOCIATES, judgment for plaintiff, total 2,563.09"
Virginia,York,2024,Personal Injury,Other,verdict,2486.0,1,7.818832443803404,STATE_COURT,"Virginia District Court Motion for Judgment, (York), plaintiff represented by GOLDSTEIN, EDGAR & REAGAN, judgment for plaintiff, total 2,485.94"
Virginia,,2024,Personal Injury,Other,verdict,2256.0,1,7.721791776817535,STATE_COURT,"Virginia District Court Motion for Judgment, plaintiff represented by GOLDSTEIN EDGAR AND ASSOCIATES, judgment for plaintiff, total 2,256.11"
Virginia,,2024,Personal Injury,Other,verdict,2019.0,1,7.61085279039525,STATE_COURT,"Virginia District Court Motion for Judgment, plaintiff represented by GOLDSTEIN EDGAR AND ASSOCIATES, judgment for plaintiff, total 2,019.11"
Virginia,York,2024,Personal Injury,Other,verdict,2019.0,1,7.61085279039525,STATE_COURT,"Virginia District Court Motion for Judgment, (York), plaintiff represented by GOLDSTEIN, EDGAR & REAGAN, judgment for plaintiff, total 2,019"
Virginia,Williamsburg,2024,Personal Injury,Other,verdict,1903.0,1,7.55171221535131,STATE_COURT,"Virginia District Court Motion for Judgment, (Williamsburg), plaintiff represented by GOLDSTEIN EDGAR & REAGAN, judgment for plaintiff, total 1,902.85"
Virginia,,2024,Personal Injury,Other,verdict,1792.0,1,7.491645473605133,STATE_COURT,"Virginia District Court Motion for Judgment, plaintiff represented by GOLDSTEIN EDGAR & REAGAN, judgment for plaintiff, total 1,791.94"
Virginia,York,2024,Personal Injury,Other,verdict,1786.0,1,7.488293515159428,STATE_COURT,"Virginia District Court Motion for Judgment, (York), plaintiff represented by GOLDSTEIN, EDGAR & REAGAN, judgment for plaintiff, total 1,785.5"
Virginia,Williamsburg,2024,Personal Injury,Other,verdict,1564.0,1,7.355641102974253,STATE_COURT,"Virginia District Court Motion for Judgment, (Williamsburg), plaintiff represented by GOLDSTEIN EDGAR & REAGAN, judgment for plaintiff, total 1,563.93"
Virginia,,2024,Personal Injury,Other,verdict,1474.0,1,7.29641326877392,STATE_COURT,"Virginia District Court Motion for Judgment, plaintiff represented by GOLDSTEIN EDGAR AND ASSOCIATES, judgment for plaintiff, total 1,474"
Virginia,Williamsburg,2024,Personal Injury,Other,verdict,1168.0,1,7.063903961472068,STATE_COURT,"Virginia District Court Motion for Judgment, (Williamsburg), plaintiff represented by GOLDSTEIN EDGAR & REAGAN, judgment for plaintiff, total 1,167.97"
Virginia,York,2024,Personal Injury,Other,verdict,1153.0,1,7.050989447068045,STATE_COURT,"Virginia District Court Motion for Judgment, (York), plaintiff represented by GOLDSTEIN, EDGAR & REAGAN, judgment for plaintiff, total 1,153.13"
Virginia,,2024,Personal Injury,Other,verdict,814.0,1,6.703188113240863,STATE_COURT,"Virginia District Court Motion for Judgment, plaintiff represented by GOLDSTEIN EDGAR AND ASSOCIATES, judgment for plaintiff, total 814"
Virginia,York,2024,Personal Injury,Other,verdict,794.0,1,6.678342114654332,STATE_COURT,"Virginia District Court Motion for Judgment, (York), plaintiff represented by GOLDSTEIN, EDGAR & REAGAN, judgment for plaintiff, total 793.61"
Virginia,York,2024,Personal Injury,Other,verdict,752.0,1,6.6240652277998935,STATE_COURT,"Virginia District Court Motion for Judgment, (York), plaintiff represented by GOLDSTEIN, EDGAR & REAGAN, judgment for plaintiff, total 752"
Virginia,York,2024,Personal Injury,Other,verdict,732.0,1,6.597145701886651,STATE_COURT,"Virginia District Court Motion for Judgment, (York), plaintiff represented by GOLDSTEIN,EDGAR & REGAN, judgment for plaintiff, total 732.25"
Virginia,York,2024,Personal Injury,Other,verdict,706.0,1,6.561030665896573,STATE_COURT,"Virginia District Court Motion for Judgment, (York), plaintiff represented by GOLDSTEIN, EDGAR & REAGAN, judgment for plaintiff, total 706"
Virginia,Williamsburg,2024,Personal Injury,Other,verdict,705.0,1,6.559615237493242,STATE_COURT,"Virginia District Court Motion for Judgment, (Williamsburg), plaintiff represented by GOLDSTEIN EDGAR & REAGAN, judgment for plaintiff, total 705"
Virginia,York,2024,Personal Injury,Other,verdict,619.0,1,6.429719478039138,STATE_COURT,"Virginia District Court Motion for Judgment, (York), plaintiff represented by GOLDSTEIN, EDGAR & REAGAN, judgment for plaintiff, total 618.92"
Virginia,Williamsburg,2024,Personal Injury,Other,verdict,593.0,1,6.386879319362645,STATE_COURT,"Virginia District Court Motion for Judgment, (Williamsburg), plaintiff represented by GOLDSTEIN EDGAR & REAGAN, judgment for plaintiff, total 593.32"
Virginia,York,2024,Personal Injury,Other,verdict,580.0,1,6.364750756851911,STATE_COURT,"Virginia District Court Motion for Judgment, (York), plaintiff represented by GOLDSTEIN, EDGAR & REAGAN, judgment for plaintiff, total 580.4"
Virginia,Williamsburg,2024,Personal Injury,Other,verdict,553.0,1,6.317164686747284,STATE_COURT,"Virginia District Court Motion for Judgment, (Williamsburg), plaintiff represented by GOLDSTEIN EDGAR & REAGAN, judgment for plaintiff, total 553.32"
Virginia,,2024,Personal Injury,Other,verdict,514.0,1,6.244166900663736,STATE_COURT,"Virginia District Court Motion for Judgment, plaintiff represented by GOLDSTEIN EDGAR AND ASSOCIATES, judgment for plaintiff, total 514"
Virginia,York,2024,Personal Injury,Other,verdict,509.0,1,6.234410725718371,STATE_COURT,"Virginia District Court Motion for Judgment, (York), plaintiff represented by GOLDSTEIN, EDGAR & REAGAN, judgment for plaintiff, total 508.52"
Virginia,York,2024,Personal Injury,Other,verdict,471.0,1,6.156978985585555,STATE_COURT,"Virginia District Court Motion for Judgment, (York), plaintiff represented by GOLDSTEIN, EDGAR & REAGAN, judgment for plaintiff, total 471.28"
Virginia,Williamsburg,2024,Personal Injury,Other,verdict,426.0,1,6.056784013228625,STATE_COURT,"Virginia District Court Motion for Judgment, (Williamsburg), plaintiff represented by GOLDSTEIN EDGAR & REAGAN, judgment for plaintiff, total 426.15"
Virginia,Williamsburg,2024,Personal Injury,Other,verdict,413.0,1,6.025865973825314,STATE_COURT,"Virginia District Court Motion for Judgment, (Williamsburg), plaintiff represented by GOLDSTEIN EDGAR & REAGAN, judgment for plaintiff, total 412.66"
Virginia,Williamsburg,2024,Personal Injury,Other,verdict,397.0,1,5.986452005284438,STATE_COURT,"Virginia District Court Motion for Judgment, (Williamsburg), plaintiff represented by GOLDSTEIN EDGAR & REAGAN, judgment for plaintiff, total 397.32"
Illinois,,2023,Medical Malpractice,Traumatic Brain Injury,verdict,450000000.0,1,19.92475814295086,News,$450.0 million jury verdict in a medical malpractice case in Illinois . The plaintiff sustained traumatic brain injury and was awarded damages.
New York,,2023,Medical Malpractice,Traumatic Brain Injury,verdict,120000000.0,1,18.603002309079653,News,"Radiologists misinterpreted CT scans, leading to severe stroke and permanent brain damage. Jury awarded $50M for pain and suffering alone."
Texas,,2023,Truck Accident,Wrongful Death,verdict,100000000.0,1,18.420680753952364,News,Seven-year-old killed and 12-year-old paralyzed when vehicle crossed median into Werner truck during icy conditions. Truck driver failed to reduce speed appropriately.
Texas,,2023,Truck Accident,Spinal Cord Injury,verdict,90000000.0,1,18.31532023940565,News,Child fatality and paralysis when vehicle crossed median into truck. The 12-year-old survivor suffered permanent paralysis.
Colorado,,2023,Medical Malpractice,Traumatic Brain Injury,verdict,70000000.0,1,18.064005814299346,News,"Birth Injury Involving Misuse of Drug to Induce Labor $70 million arbitration award, the largest known medical malpractice arbitration award in U.S. history. David S Woodruff handled this birth injury case involving an HMO labor/delivery unit that misused Cytotec, a drug used to induce labor. The improper use of misoprostil caused uterine hyper -stimulation, decreasing blood supply to."
California,,2023,Car Accident,Other,settlement,50000000.0,0,17.72753358339242,News,$50.0 million settlement in a car accident case in California . The plaintiff sustained personal injury and was awarded damages.
New Jersey,,2023,Medical Malpractice,Other,verdict,46700000.0,1,17.6592547440524,News,$46.7 million jury verdict in a medical malpractice case in New Jersey . The plaintiff sustained personal injury and was awarded damages.
Illinois,,2023,Other,Other,verdict,40750000.0,1,17.522966422191022,News,Occupational asbestos exposure led to mesothelioma. Jury deliberated less than 30 minutes before awarding damages.
Illinois,,2023,Medical Malpractice,Traumatic Brain Injury,verdict,40000000.0,1,17.50439003707821,News,"Landscaper's hypertension and cardiac issues were not properly addressed by physicians, leading to a debilitating stroke."
Illinois,,2023,Medical Malpractice,Broken Bones,verdict,32700000.0,1,17.30288566644852,News,"Man visited the ER with foot pain but a blood clot was not diagnosed, ultimately requiring foot amputation."
Arizona,,2023,Medical Malpractice,Traumatic Brain Injury,verdict,31500000.0,1,17.265498135541893,News,"Child suffered oxygen deprivation from inappropriate Pitocin administration during labor, resulting in cerebral palsy."
California,,2023,Medical Malpractice,Traumatic Brain Injury,verdict,31500000.0,1,17.265498135541893,News,$31.5 million jury verdict in a medical malpractice case in California . The plaintiff sustained traumatic brain injury and was awarded damages.
Texas,,2023,Car Accident,Spinal Cord Injury,verdict,26500000.0,1,17.0926553286923,STATE_COURT,"Postal worker reversed vehicle against traffic flow, causing a collision that aggravated pre-existing spinal condition and resulted in paralysis."
Ohio,,2023,Medical Malpractice,Back Injury,verdict,26000000.0,1,17.073607134447293,CourtListener,Medical Malpractice jury verdict of $26 million in Ohio.
Texas,,2023,Car Accident,Wrongful Death,verdict,23291951.0,1,16.963618451143617,News,$23.3 million jury verdict in a car accident case in Texas . The plaintiff sustained wrongful death and was awarded damages.
Colorado,,2023,Other,Other,settlement,23000000.0,0,16.951004817371683,News,Settlement for Individuals Injured by a Defective Product Settlement for group of individuals injured by a defective product. Dan Sloane was a member of a national team of lawyers who helped secure this settlement. The largest single settlement in the country was paid to Dan’s individual client.
California,,2023,Bus Accident,Back Injury,verdict,20636313.44,1,16.842562918679707,CourtListener,"Isom was awarded special and general damages totaling $20,636."
New York,,2023,Medical Malpractice,Traumatic Brain Injury,settlement,20000000.0,0,16.811242881518265,News,"In another landmark result, Plaintiff received a $120 million verdict in Westchester County, one of the largest medical malpractice verdicts in New York history. The case involved William R. Lee, who suffered permanent brain damage due to a hospital’s fa."
Florida,Palm Beach,2023,Medical Malpractice,Wrongful Death,verdict,20000000.0,1,16.811242881518265,News,Patient died from respiratory collapse after receiving excessive opioid doses. Hospital staff failed to monitor the patient's breathing adequately.
Colorado,,2023,Car Accident,Traumatic Brain Injury,verdict,19000000.0,1,16.759949589762293,News,Car Accident jury verdict of $19 million in Colorado.
Ohio,,2023,Medical Malpractice,Spinal Cord Injury,settlement,17510000.0,0,16.678282761372255,CourtListener,Medical Malpractice settlement of $17.5 million in Ohio.
Colorado,,2023,Medical Malpractice,Spinal Cord Injury,verdict,15000000.0,1,16.52356082573315,News,Medical Malpractice Verdict for Victim of Paralysis A jury handed down a $15 million verdict to a man who was paralyzed from the chest down just hours after a doctor at Memorial Hospital in Colorado Springs discharged him. It’s the largest sum ever awarded in a medical malpractice suit in Colorado.
Michigan,,2023,Car Accident,Spinal Cord Injury,settlement,15000000.0,0,16.52356082573315,News,Passenger suffered quadriplegia and a closed-head injury in an auto accident.
California,,2023,Car Accident,Other,verdict,15000000.0,1,16.52356082573315,News,"Victorville, California November Robbie Lambert was an 18 year-old high school student driving home from a weekend with friends at Lake Havasu. While driving home, Robbie fell asleep at the wheel and drove off the highway, causing his Chevy Blazer to roll over several times. Robbie suffered paralyzing injuries. The lawsuit."
Illinois,,2023,Medical Malpractice,Wrongful Death,verdict,14000000.0,1,16.454567959008102,News,Medical Malpractice jury verdict of $14.0 million in Illinois.
Michigan,,2023,Medical Malpractice,Traumatic Brain Injury,settlement,12000000.0,0,16.300417291085605,News,Infant developed cerebral palsy from hospital negligence during birth.
Michigan,,2023,Truck Accident,Wrongful Death,settlement,11900000.0,0,16.29204904211537,News,Passengers killed when a speeding truck caused a fatal collision.
Arizona,,2023,Medical Malpractice,Other,settlement,11870000.0,0,16.289524850831846,News,$11.9 million settlement in a medical malpractice case in Arizona . The plaintiff sustained personal injury and was awarded damages.
Illinois,,2023,Medical Malpractice,Traumatic Brain Injury,verdict,11000000.0,1,16.213405921671733,News,"Obstetrician delayed performing a C-section, causing the infant to suffer hypoxic-ischemic brain damage."
California,,2023,Car Accident,Other,settlement,11000000.0,0,16.213405921671733,News,$11.0 million settlement in a car accident case in California . The plaintiff sustained personal injury and was awarded damages.
Michigan,,2023,Motorcycle Accident,Wrongful Death,settlement,10700000.0,0,16.185754392890075,News,Motorcyclist killed after being struck by a semi-truck.
Texas,,2023,Premises Liability,Wrongful Death,verdict,10500000.0,1,16.166885910365842,News,Plumber electrocuted by overhead power lines at an apartment complex. Property management found 50% liable for the fatality.
Pennsylvania,PA (statewide list),2023,Pedestrian Accident,Wrongful Death,verdict,10456250.0,1,16.16271053935385,TopVerdict,"Wrongful death case arising from a pedestrian struck by a vehicle in a single-vehicle collision. The $10,456,250 verdict also encompassed related insurance broker malpractice claims."
Colorado,,2023,Medical Malpractice,Other,settlement,9200000.0,0,16.034714150714915,News,"Birth Injury Verdict and Settlement David S. Woodruff $9.2 million for his client, a child injured during birth, in this landmark trial and appeal to the Colorado Supreme Court."
Texas,,2023,Car Accident,Other,verdict,9000000.0,1,16.012735246411598,News,Car Accident jury verdict of $9 million in Texas.
Colorado,,2023,Truck Accident,Other,verdict,8910000.0,1,16.002684911680433,News,Drunk Driving Accident Resulting in Rollover Collision Rollover collision; Steve Wahlberg represented the driver of a vehicle struck by a drunk driver.
Florida,Broward,2023,Slip and Fall,Broken Bones,verdict,8300000.0,1,15.931766193248746,News,"Woman fell on worn, slippery step at restaurant in Sunrise, causing a trimalleolar ankle fracture requiring extensive surgery."
Pennsylvania,,2023,Medical Malpractice,Other,verdict,8000000.0,1,15.894952224644102,News,Pregnancy delivery complications led to hemorrhage and cardiac arrest.
Colorado,,2023,Car Accident,Other,settlement,8000000.0,0,15.894952224644102,News,$8.0 million settlement in a car accident case in Colorado . The plaintiff sustained personal injury and was awarded damages.
Michigan,,2023,Truck Accident,Other,settlement,8000000.0,0,15.894952224644102,News,Husband and wife suffered severe injuries in a truck accident.
Pennsylvania,,2023,Workplace Injury,Spinal Cord Injury,verdict,7800000.0,1,15.86963441986494,News,"Worker fell 10 feet from unstable scaffolding, suffering spinal injuries and developing pneumonia."
Florida,Broward,2023,Slip and Fall,Back Injury,verdict,7800000.0,1,15.86963441986494,News,"Customer fell in Burger King bathroom, injuring her lower back. Required surgery with postoperative complications including a perforated colon."
Ohio,,2023,Medical Malpractice,Spinal Cord Injury,verdict,7625000.0,1,15.846943011605282,News,"Contraindicated spinal surgery was performed and a sponge was left inside the patient, causing paralysis."
Kansas,,2023,Workplace Injury,Wrongful Death,settlement,7500000.0,0,15.830413711839864,News,$7.5 million settlement in a workplace injury case in Kansas . The plaintiff sustained wrongful death and was awarded damages.
Illinois,,2023,Medical Malpractice,Wrongful Death,verdict,7250000.0,1,15.796512164761882,News,Pregnant woman involved in a car crash received insufficient fetal monitoring at the hospital. The baby died.
Colorado,,2023,Medical Malpractice,Traumatic Brain Injury,verdict,7200000.0,1,15.789591722875162,News,"Birth Injury Verdict Involving a Misplaced Device $7 million medical malpractice jury verdict. David Woodruff handled this birth injury case, which culminated in a 2-week jury trial in Colorado Springs. The case involved a physician who misplaced a “vacuum extraction device” while delivering the infant, causing the infant to become stuck in the birth canal for a period of 19 minutes."
Texas,,2023,Premises Liability,Broken Bones,verdict,7100000.0,1,15.775605482856605,News,"Wheelchair malfunctioned during patient transfer at a nursing home, causing a nurse to be injured with a broken leg from the fall."
Arizona,,2023,Car Accident,Wrongful Death,settlement,7000000.0,0,15.76142084987672,News,"Settlement Motor Vehicle Crash, Wrongful Death Jessica Zink, David Shapiro, & Ray Norris."
Michigan,,2023,Car Accident,Wrongful Death,settlement,7000000.0,0,15.76142084987672,News,Passenger killed in an Oakland County car accident.
Colorado,,2023,Premises Liability,Other,verdict,6945000.0,1,15.753532678159052,News,Premises Liability jury verdict of $6.9 million in Colorado.
Colorado,,2023,Slip and Fall,Other,verdict,6900000.0,1,15.747032114495013,News,Slip and Fall jury verdict of $6.9 million in Colorado.
Michigan,,2023,Car Accident,Other,verdict,6872931.0,1,15.743101356267514,News,Passenger injured in a Dearborn car accident. Jury awarded damages.
Ohio,,2023,Medical Malpractice,Traumatic Brain Injury,verdict,6190000.0,1,15.638445806211655,News,"Hospital failed to implement fall prevention protocols, and the patient suffered a traumatic brain injury."
Illinois,,2023,Medical Malpractice,Wrongful Death,verdict,6000000.0,1,15.607270193858982,News,"Doctor increased an opioid prescription without adequate monitoring, and the patient died of an overdose."
Missouri,,2023,Car Accident,Broken Bones,settlement,6000000.0,0,15.607270193858982,News,Client struck by box truck in Missouri causing multiple severe injuries.
California,,2023,Pedestrian Accident,Wrongful Death,verdict,6000000.0,1,15.607270193858982,News,Elderly woman struck and killed at an unmarked crosswalk. The defendant's pre-trial offer was zero dollars.
Iowa,,2023,Medical Malpractice,Wrongful Death,verdict,6000000.0,1,15.607270193858982,CourtListener,"The Timely Mission Nursing Home (Timely Mission) appeals the entry of a $6,000,000 verdict against them in favor of Kathy Arends and Patti Fiderlick, individually and as co-executors of the Estate of Darlene Weaver (collectively the Estate)."
Texas,,2023,Car Accident,Other,verdict,5920000.0,1,15.593847175779093,News,$5.9 million jury verdict in a car accident case in Texas . The plaintiff sustained personal injury and was awarded damages.
Illinois,,2023,Other,Other,verdict,5500000.0,1,15.520258832020865,News,Pump operator exposed to asbestos over years of work developed fatal mesothelioma.
Pennsylvania,PA (statewide list),2023,Pedestrian Accident,Broken Bones,verdict,5053946.0,1,15.435680080132117,TopVerdict,A pedestrian suffered bone fractures after being struck in an impaired driving crash. Claims included failure to train and vicarious liability against the driver's employer.
Michigan,,2023,Medical Malpractice,Wrongful Death,verdict,5000080.0,1,15.424964670267157,News,Wrongful death at a Southfield assisted living facility.
Pennsylvania,,2023,Premises Liability,Back Injury,verdict,5000000.0,1,15.424948670398354,News,"Customer slipped and fell on an olive oil spill at Walmart, suffering herniated discs and a concussion."
Virginia,,2023,Pedestrian Accident,Traumatic Brain Injury,verdict,5000000.0,1,15.424948670398354,News,"Pedestrian hit by a city vehicle in a crosswalk, developing post-traumatic hydrocephalus."
Arizona,,2023,Car Accident,Other,verdict,5000000.0,1,15.424948670398354,News,Jury Verdict Motor Vehicle Crash Rick Horton.
Colorado,,2023,Truck Accident,Other,settlement,5000000.0,0,15.424948670398354,News,Truck Accident Settlement for Client Struck by Falling Cargo Mr. Nimmo settled a case on behalf of his client who was severely injured when he was struck by falling cargo that fell from a trailer.
North Dakota,,2023,Medical Malpractice,Other,verdict,5000000.0,1,15.424948670398354,CourtListener,Medical Malpractice jury verdict of $5 million in North Dakota.
Michigan,,2023,Workplace Injury,Broken Bones,verdict,4500000.0,1,15.319588176962746,News,"Forklift dropped a 4,000-pound load on a truck driver, causing broken bones and shoulder injuries."
Arizona,,2023,Medical Malpractice,Other,settlement,4500000.0,0,15.319588176962746,News,Settlement Medical Malpractice David Shapiro.
Florida,Duval,2023,Car Accident,Back Injury,verdict,4475305.0,1,15.314085287241562,TopVerdict,Car Accident jury verdict of $4.5 million in Florida.
Colorado,,2023,Car Accident,Wrongful Death,settlement,4440000.0,0,15.306165159633608,News,"Jury Verdict for the Family of a Driver Killed in a Highway Speed Collision Steve Wahlberg jury verdict based on a highway speed collision. The Defendant crossed the center line and caused a head-on collision, which killed the driver and seriously injured his wife. The case was settled with the primary defendant and proceeded to a jury verdict against the uninsured/underin."
Illinois,,2023,Premises Liability,Other,settlement,4300000.0,0,15.274125813221904,News,61-year-old woman mauled by a pit bull mix. Record Illinois dog bite settlement.
Texas,,2023,Premises Liability,Traumatic Brain Injury,verdict,4300000.0,1,15.274125813221904,News,Worker hit by truck during pursuit of a shoplifter in the garden section. Jury found Walmart 80% liable for head and ankle injuries.
Michigan,,2023,Medical Malpractice,Other,settlement,4100000.0,0,15.226497775576945,News,Medical negligence settlement in Michigan.
Colorado,,2023,Pedestrian Accident,Other,verdict,3750000.0,1,15.137266664613225,News,$3.8 million jury verdict in a pedestrian accident case in Colorado . The plaintiff sustained personal injury and was awarded damages.
Michigan,,2023,Medical Malpractice,Other,settlement,3750000.0,0,15.137266664613225,News,Medical malpractice settlement in Ann Arbor.
Washington,,2023,Pedestrian Accident,Broken Bones,verdict,3600000.0,1,15.096444681204078,News,"Pedestrian struck by a vehicle, suffering ankle ligament rupture and leg injuries."
Pennsylvania,,2023,Other,Other,verdict,3500000.0,1,15.068273812173887,News,Archdiocese of Philadelphia priest sexual abuse case. Survivor received settlement for childhood abuse.
Virginia,,2023,Car Accident,Traumatic Brain Injury,verdict,3500000.0,1,15.068273812173887,News,Vehicle struck and flipped on the interstate. The plaintiff suffered a TBI and PTSD.
Virginia,,2023,Other,Traumatic Brain Injury,verdict,3500000.0,1,15.068273812173887,News,Infant suffered brain injury and cardiac arrest while using an inclined sleeper device with a design defect.
Michigan,,2023,Medical Malpractice,Spinal Cord Injury,settlement,3500000.0,0,15.068273812173887,News,Patient suffered spinal cord injury from medical malpractice.
Michigan,,2023,Truck Accident,Wrongful Death,settlement,3350000.0,0,15.024471202308668,News,Wrongful death from a truck accident in the Detroit area.
Illinois,,2023,Premises Liability,Wrongful Death,settlement,3100000.0,0,14.946912992035967,News,14-year-old non-swimmer drowned in a hotel pool.
Arizona,,2023,Medical Malpractice,Other,settlement,3000000.0,0,14.914123179965662,News,Settlement Medical Malpractice David Shapiro & Charles Wallace.
Colorado,,2023,Medical Malpractice,Spinal Cord Injury,verdict,3000000.0,1,14.914123179965662,News,"Case Against Hospital That Failed to Recognize Spinal Injury A Colorado man was awarded $3 million after hospital staff failed to recognize a spinal injury, causing him to become permanently paralyzed."
New York,,2023,Medical Malpractice,Traumatic Brain Injury,settlement,3000000.0,0,14.914123179965662,News,"Hospital failed to respond timely with emergency C-section, causing oxygen deprivation and brain damage to the newborn."
California,,2023,Car Accident,Knee Injury,settlement,3000000.0,0,14.914123179965662,News,"SETTLEMENT O’Bymachow v. Guerra $3 Million Settlement; San Diego, California Client suffered chronic regional pain syndrome (CRPS), as well as injuries to knee, arm, ribs, hand, and neck injuries after defendant opened the car door on him while he was biking past.The case was venued in San Diego. Practice area(s): Car / Auto Accident, Civil Litigation, Litigation, Personal Injury OCTOBE."
Illinois,,2023,Premises Liability,Other,settlement,3000000.0,0,14.914123179965662,News,"Ceiling collapsed and injured a pregnant woman, affecting fetal development."
Michigan,,2023,Premises Liability,Other,settlement,3000000.0,0,14.914123179965662,News,Sexual assault case settled in Michigan.
South Carolina,,2023,Medical Malpractice,Spinal Cord Injury,settlement,2850000.0,0,14.862829903121964,CourtListener,Green for a combined verdict of $.
Florida,Miami-Dade,2023,Car Accident,Back Injury,verdict,2800000.0,1,14.845130332288226,News,Car Accident jury verdict of $2.8 million in Florida.
Georgia,Georgia,2023,Car Accident,Back Injury,verdict,2782264.0,1,14.838775902141114,TopVerdict,Two-vehicle collision causing spinal injuries. Listed on TopVerdict's 2023 Georgia Top 50 verdicts.
Arizona,,2023,Pedestrian Accident,Other,settlement,2775000.0,0,14.836161665522967,News,"Settlement Motor Vehicle Crash, Pedestrian Rick Horton."
Ohio,,2023,Medical Malpractice,Wrongful Death,verdict,2750000.0,1,14.827111833279051,CourtListener,"] IN THE COURT OF CLAIMS OF OHIO MOHAMED BADAWI, Admr."
Colorado,,2023,Car Accident,Other,verdict,2730000.0,1,14.819812533461441,News,Case Involving a Passenger Hit by a Drunk Driver Steve Wahlberg represented a passenger in a vehicle hit by a drunk driver. Mr.
Arizona,,2023,Motorcycle Accident,Other,settlement,2700000.0,0,14.80876270134486,News,Settlement Motorcycle Crash Jacob Pierce.
Indiana,,2023,Medical Malpractice,Other,verdict,2670000.0,1,14.797589404908198,News,Cardiac catheterization complication led to compartment syndrome.
Pennsylvania,PA (statewide list),2023,Truck Accident,Multiple Injuries,verdict,2582398.0,1,14.764229369821013,TopVerdict,"A truck driver was injured in a truck versus truck collision. The verdict included negligent hiring, training, and supervision claims against the trucking company."
South Carolina,,2023,Medical Malpractice,Spinal Cord Injury,verdict,2500000.0,1,14.731801689838349,News,Delayed MRI diagnosis of spinal abscesses caused a spinal cord injury.
Colorado,,2023,Other,Other,verdict,2500000.0,1,14.731801689838349,News,Other jury verdict of $2.5 million in Colorado.
Arizona,,2023,Car Accident,Other,settlement,2500000.0,0,14.731801689838349,News,Settlement Motor Vehicle Crash David Shapiro.
Michigan,,2023,Medical Malpractice,Traumatic Brain Injury,settlement,2500000.0,0,14.731801689838349,News,Patient suffered brain damage from medical malpractice.
Washington,,2023,Bus Accident,Traumatic Brain Injury,settlement,2500000.0,0,14.731801689838349,CourtListener,"Two months prior to the scheduled trial date, the Garzas and Perry reached a settlement agreement by which the Garzas obtained a covenant judgment against Perry in the amount of $."
California,,2023,Car Accident,Traumatic Brain Injury,verdict,2500000.0,1,14.731801689838349,News,"Object struck vehicle window on the freeway, allegedly ejected by an LAPD motorcycle, causing permanent brain damage to the driver."
Arizona,,2023,Pedestrian Accident,Other,settlement,2400000.0,0,14.690979711984754,News,"Settlement Motor Vehicle Crash, Pedestrian David Shapiro."
Colorado,,2023,Other,Traumatic Brain Injury,settlement,2400000.0,0,14.690979711984754,News,Settlement for Baby With Brain Injury Dan Sloane settlement for client who sustained a brain injury at birth.
Michigan,,2023,Truck Accident,Other,verdict,2325000.0,1,14.659231027111028,News,Two passengers injured when their vehicle was hit by a propane trailer.
Arizona,,2023,Bicycle Accident,Other,settlement,2300000.0,0,14.648420115681892,News,$2.3 million settlement in a bicycle accident case in Arizona . The plaintiff sustained personal injury and was awarded damages.
Florida,Alachua,2023,Premises Liability,Wrongful Death,verdict,2300000.0,1,14.648420115681892,News,Nursing home patient died from severe bedsores caused by a deflated pressure mattress. Facility found liable for negligent care.
Colorado,,2023,Slip and Fall,Broken Bones,verdict,2290000.0,1,14.64406281221155,News,Severe injury at an outdoor parkour area at a Denver bar.
Arizona,,2023,Car Accident,Wrongful Death,settlement,2200000.0,0,14.603968372873895,News,"Settlement Motor Vehicle Crash, Wrongful Death Charles Wallace & David Shapiro."
Colorado,,2023,Workplace Injury,Other,verdict,2200000.0,1,14.603968372873895,News,"Judgment Against a Driver That Drove Into a Construction Zone Steve Wahlberg $2,200,000 judgment against a driver that drove into a construction zone; causing serious and permanent orthopedic and neurological injuries."
New Jersey,,2023,Car Accident,Back Injury,verdict,2100000.0,1,14.557448378884015,News,"Nursing student suffered neck, back, and knee injuries when the defendant failed to yield. Her studies were delayed as a result."
Colorado,,2023,Car Accident,Wrongful Death,verdict,2100000.0,1,14.557448378884015,News,Airplane Crash Resulting in Wrongful Death Steve Wahlberg served as lead counsel on an airplane crash resulting in the wrongful death of his client. Wahlberg proved that the Pilot’s error in judgment departing in bad weather was the cause of the collision.
Kentucky,,2023,Medical Malpractice,Other,settlement,2000000.0,0,14.508658238524095,CourtListener,"│ Plaintiff-Appellee, │ > No."
Missouri,,2023,Premises Liability,Other,verdict,2000000.0,1,14.508658238524095,CourtListener,Premises Liability jury verdict of $2 million in Missouri.
Colorado,,2023,Car Accident,Other,verdict,1800000.0,1,14.403297778421795,News,"Head-On Car Crash Dan Sloane the $1.8 million insurance policy limits for family involved in a car crash when the responsible driver negligently crossed the center line, causing a head-on collision."
Texas,,2023,Truck Accident,Back Injury,verdict,1700000.0,1,14.346139397261565,News,$1.7 million jury verdict in a truck accident case in Texas . The plaintiff sustained back injury and was awarded damages.
Florida,Miami-Dade,2023,Workplace Injury,Back Injury,verdict,1613000.0,1,14.293606977069956,News,"Worker struck by propane tank at a warehouse in Medley, sustaining back and knee injuries that required a laminectomy procedure."
Colorado,,2023,Bus Accident,Traumatic Brain Injury,verdict,1605000.0,1,14.288634937599019,CourtListener,"The jury awarded Garcia $1,605,000 in damages, attributing 45% fault to Colorado Cab and 55% fault to Glinton."
Colorado,,2023,Truck Accident,Other,settlement,1600000.0,0,14.285514812209815,News,Settlement for a School Teacher Injured in a Multi-Car/Truck Collision Steve Wahlberg represented a school teacher who was seriously injured in a multi-car/truck collision on I-70 near the Kansas border. The liability claim was successfully settled prior to filing suit on the uninsured/underinsured motorist claim. Mr. Wahlberg was able to “stack” the uninsured/underinsured motorist po.
Michigan,,2023,Car Accident,Wrongful Death,settlement,1600000.0,0,14.285514812209815,News,Wrongful death from an Oakland County car accident.
Arizona,,2023,Car Accident,Other,settlement,1587000.0,0,14.27735662962807,News,Settlement Motor Vehicle Crash Rick Horton.
Arizona,,2023,Car Accident,Other,settlement,1550000.0,0,14.253766134056512,News,Settlement Motor Vehicle Crash Jacob Pierce.
Colorado,,2023,Other,Wrongful Death,settlement,1500000.0,0,14.220976332738882,News,Wrongful Death Resulting from HMO Patient Neglect Settlement following jury trial for family of a man who died from HMO patient neglect.
Colorado,,2023,Car Accident,Other,settlement,1450000.0,0,14.187074804051692,News,"Head-On Collision, Resulting in Serious Injuries Wahlberg settled a case in Federal Court based on a horrible head-on collision, resulting in serious injuries. Wahlberg successfully argued that there were multiple uninsured/underinsured motorist policies that were liable to his clients. After the claims were briefed, the cases were successfully settled before trial."
Arizona,,2023,Car Accident,Other,settlement,1400000.0,0,14.151983508870947,News,Settlement Motor Vehicle Crash Jessica Zink.
Colorado,,2023,Truck Accident,Wrongful Death,settlement,1400000.0,0,14.151983508870947,News,Case Against a Landscape Company for Reckless Truck Driver Steve Wahlberg served as lead counsel and settled a case against a landscape company. Wahlberg alleged that the driver of the company truck was reckless and caused the felonious killing of a teenager. Wahlberg argued that the cap for wrongful death damages does not apply when the defendant commits a felonious killing. The case.
Michigan,,2023,Premises Liability,Other,settlement,1400000.0,0,14.151983508870947,News,Child suffered lead poisoning in Detroit.
Arizona,,2023,Truck Accident,Other,settlement,1375000.0,0,14.13396501635527,News,$1.4 million settlement in a truck accident case in Arizona . The plaintiff sustained personal injury and was awarded damages.
Michigan,,2023,Car Accident,Wrongful Death,settlement,1350000.0,0,14.115615891155079,News,"36-year-old State Farm insurance agent crossed the centerline, killing a 22-year-old woman."
Michigan,,2023,Slip and Fall,Spinal Cord Injury,settlement,1325000.0,0,14.096923772119156,News,Spinal injury from a slip and fall in Pontiac.
Colorado,,2023,Medical Malpractice,Spinal Cord Injury,verdict,1300000.0,1,14.077875591662238,News,Description: Our client was a passenger in an RV with an attached trailer which was involved in roll-over accident on I-70 after a weekend in the mountains. The at fault driver lost control of his vehicle and struck the side of the RV while our client was in the back without a seatbelt on. The impact caused her to be violently thrown about the inside of the RV. Our client suffered from horrific in.
Michigan,,2023,Medical Malpractice,Spinal Cord Injury,settlement,1300000.0,0,14.077875591662238,News,"Botched delivery resulted in neuromuscular deficits, ventilator dependency and a C-2 spinal injury."
Maryland,,2023,Car Accident,Back Injury,verdict,1282000.0,1,14.06393269649365,News,Pre-existing degenerative disc disease worsened by accident. Compelling testimony about impact on daily life resonated with jury.
Arizona,,2023,Bus Accident,Other,settlement,1250000.0,0,14.038654909278163,News,Settlement Premises Liability Heather Bushnor.
Colorado,,2023,Car Accident,Other,settlement,1250000.0,0,14.038654909278163,News,Settlement for the Victim of a Drag Racing Accident Steve Wahlberg settled a case on behalf of a 65-year-old man who was the victim of a drag racing contest. The 2 defendants were engaged in a speed contest resulting in a horrible collision and serious injuries. The case was settled before trial for policy limits.
Colorado,,2023,Other,Other,settlement,1200000.0,0,13.997832948091215,News,$1.2 million settlement in Colorado . The plaintiff sustained personal injury and was awarded damages.
Michigan,,2023,Motorcycle Accident,Other,settlement,1200000.0,0,13.997832948091215,News,Pickup truck turned left into a private driveway in front of a retired school teacher's motorcycle.
Colorado,,2023,Truck Accident,Other,verdict,1120000.0,1,13.928840136128022,News,"Injury Resulting from Granite Falling Off Truck Steve Wahlberg and Michael Nimmo proceeded to trial and received an award of total damages in the amount of $1,118,760. The Judgment was reduced by comparative negligence of a non-party and the plaintiff before all issues were successfully resolved by the parties. Mr. Wahlberg’s client was injured when a slab of granite fell off of a tr."
Colorado,,2023,Truck Accident,Back Injury,verdict,1100000.0,1,13.910821646859095,News,$1.1 million jury verdict in a truck accident case in Colorado . The plaintiff sustained back injury and was awarded damages.
Arizona,,2023,Car Accident,Other,settlement,1100000.0,0,13.910821646859095,News,Settlement Motor Vehicle Crash David Shapiro.
Colorado,,2023,Other,Burns,settlement,1100000.0,0,13.910821646859095,News,Product Liability Settlement Involving Defective Space Header Settlement to girl severely burned by a defective space heater.
Michigan,,2023,Truck Accident,Traumatic Brain Injury,settlement,1100000.0,0,13.910821646859095,News,"Tractor trailer backed into the other lane, causing traumatic brain injury and several herniated discs."
Arizona,,2023,Truck Accident,Other,settlement,1050000.0,0,13.864301674514206,News,$1.1 million settlement in a truck accident case in Arizona . The plaintiff sustained personal injury and was awarded damages.
Arizona,,2023,Truck Accident,Other,settlement,1000000.0,0,13.815511557963774,News,$1.0 million settlement in a truck accident case in Arizona . The plaintiff sustained personal injury and was awarded damages.
Colorado,,2023,Medical Malpractice,Shoulder Injury,verdict,1000000.0,1,13.815511557963774,News,"Premises Liability Resulting in Shoulder Injury Plaintiff received a 73-year-old woman who fell over a mat that had not been to the floor at Lutheran Medical Center, breaking her shoulder and requiring two shoulder surgeries. The hospital offered nothing before a lawsuit was filed and then only offered $12,500 at mediation. The jury returned a verdict which, with interest, was in ex."
Michigan,,2023,Bicycle Accident,Wrongful Death,settlement,1000000.0,0,13.815511557963774,News,Bicyclist killed in Macomb County.
New Jersey,,2023,Car Accident,Spinal Cord Injury,verdict,950000.0,1,13.76421831620775,News,"Car Accident jury verdict of $950,000 in New Jersey."
Michigan,,2023,Pedestrian Accident,Wrongful Death,settlement,850000.0,0,13.652992804936396,News,93-year-old driver hit a 61-year-old woman pushing a shopping cart in the crosswalk area of a Meijer store.
Michigan,,2023,Truck Accident,Traumatic Brain Injury,settlement,845000.0,0,13.647093089770562,News,"Brakes of a poorly maintained truck failed, resulting in a closed head injury for a minor."
Pennsylvania,PA (statewide list),2023,Car Accident,Multiple Injuries,verdict,800000.0,1,13.592368256649284,TopVerdict,"A driver was injured in a left turn collision and took the negligence case to trial. The jury returned an $800,000 personal injury verdict."
Colorado,,2023,Truck Accident,Back Injury,settlement,750000.0,0,13.527829818844937,News,"Description: Mr. Holley settled a case involving an injured truck driver who was unable to work due to the serious injuries sustained and the physical nature of their employment. As usual, the insurance company attempted to force the individual back to the exact work that caused the injury in the first place. By filing suit and pursuing litigation, Mr. Holley was eventually able to obtain a moneta."
Michigan,,2023,Workplace Injury,Other,settlement,750000.0,0,13.527829818844937,News,Arm injury sustained at a city water treatment plant.
Michigan,,2023,Car Accident,Wrongful Death,settlement,700000.0,0,13.45883704259595,News,"Back seat passenger stationed on a coastguard cutter was killed when struck by a drunk, uninsured driver."
New York,,2023,Slip and Fall,Shoulder Injury,verdict,650000.0,1,13.384729180332174,CourtListener,"Slip and Fall jury verdict of $650,000 in New York."
Colorado,,2023,Medical Malpractice,Back Injury,settlement,625000.0,0,13.345508528717259,News,"Description: Our client was a driver in a vehicle which was involved in a horrific automobile accident caused by a drunk driver cited with a DUI. Our client was transported to the hospital by ambulance where extensive medical care was performed. Our client suffered from spine and shoulder injuries which required injections and months of therapy. After much hard work and negotiation, Mr. Krajewski."
Michigan,,2023,Car Accident,Back Injury,settlement,600000.0,0,13.304686600863562,News,Out of state truck driver suffered a serious back injury when struck by a drunk driver in broad daylight.
Michigan,,2023,Workplace Injury,Burns,settlement,585000.0,0,13.279368835614243,News,"Box truck raised into contact with a 13,200 volt overhead power line, causing electrocution and burn injuries."
Michigan,,2023,Car Accident,Traumatic Brain Injury,settlement,580000.0,0,13.270785106659046,News,"Driver ran a red light and hit a tow-truck driver, aggravating a prior closed head injury."
Illinois,,2023,Car Accident,Personal Injury,verdict,550198.0,1,13.218035309950057,TopVerdict Illinois 2023 Top 50 Personal Injury Verdicts list,Single-vehicle crash involving an intoxicated driver; Illinois jury verdict listed on TopVerdict's Illinois Top 50 personal injury verdicts of 2023.
Ohio,,2023,Medical Malpractice,Wrongful Death,settlement,500000.0,0,13.122365377402328,CourtListener,"The jury awarded the estate $50,000 for Ms."
Illinois,,2023,Pedestrian Accident,Personal Injury,verdict,500000.0,1,13.122365377402328,TopVerdict Illinois 2023 Top 50 Personal Injury Verdicts list,Pedestrian struck by a car; Illinois jury verdict listed on TopVerdict's Illinois Top 50 personal injury verdicts of 2023.
Michigan,,2023,Car Accident,Other,settlement,500000.0,0,13.122365377402328,News,Driver severely injured when the defendant crossed the double yellow center line in a head-on collision.
Oklahoma,,2023,Car Accident,Other,settlement,500000.0,0,13.122365377402328,CourtListener,Car accident case in Oklahoma with damages awarded by the Court of Civil Appeals.
Tennessee,,2023,Premises Liability,Wrongful Death,verdict,480000.0,1,13.081543466215237,CourtListener,"Premises Liability jury verdict of $480,000 in Tennessee."
South Carolina,,2023,Medical Malpractice,Other,verdict,453919.0,1,13.025676250042679,News,"Dermatologist misdiagnosed basal cell carcinoma, delaying proper treatment."
Missouri,,2023,Car Accident,Soft Tissue Injury,settlement,450000.0,0,13.017005083966255,News,Collision caused by intoxicated driver in Missouri.
Michigan,,2023,Truck Accident,Traumatic Brain Injury,verdict,446335.68,1,13.008828834110025,CourtListener,"Truck Accident jury verdict of $446,335.68 in Michigan."
Virginia,,2023,Medical Malpractice,Wrongful Death,verdict,400000.0,1,12.899222326086994,News,Woman died from hemorrhage following a cardiac catheterization procedure.
Illinois,,2023,Car Accident,Bone Fracture,verdict,400000.0,1,12.899222326086994,TopVerdict Illinois 2023 Top 50 Personal Injury Verdicts list,Two-vehicle crash producing bone fractures; Illinois jury verdict listed on TopVerdict's Illinois Top 50 personal injury verdicts of 2023.
Michigan,,2023,Car Accident,Other,settlement,400000.0,0,12.899222326086994,News,Father and daughter injured in a head-on collision.
Kansas,,2023,Truck Accident,Soft Tissue Injury,settlement,390000.0,0,12.873904582205107,News,Tractor-trailer collision in Kansas City.
Kansas,,2023,Motorcycle Accident,Broken Bones,settlement,375000.0,0,12.834683971615659,News,Motorcycle crash in Kansas plus uninsured motorist benefits.
Illinois,,2023,Pedestrian Accident,Personal Injury,verdict,375000.0,1,12.834683971615659,TopVerdict Illinois 2023 Top 50 Personal Injury Verdicts list,Pedestrian struck by a vehicle; Illinois jury verdict listed on TopVerdict's Illinois Top 50 personal injury verdicts of 2023.
Florida,Broward,2023,Premises Liability,Broken Bones,verdict,372141.0,1,12.827030780848682,News,Minor female suffered a skull fracture when a go-kart overturned at an amusement facility due to inadequate safety measures.
Illinois,,2023,Pedestrian Accident,Personal Injury,verdict,368000.0,1,12.81584093453868,TopVerdict Illinois 2023 Top 50 Personal Injury Verdicts list,Pedestrian struck by a vehicle with a rental-fleet corporate defendant; Illinois jury verdict listed on TopVerdict's Illinois Top 50 personal injury verdicts of 2023.
Colorado,,2023,Car Accident,Other,verdict,350350.0,1,12.766690788083174,News,"Car Accident jury verdict of $350,350 in Colorado."
Florida,Citrus,2023,Medical Malpractice,Wrongful Death,verdict,341000.0,1,12.739640688812674,News,"Medical Malpractice jury verdict of $341,000 in Florida."
Illinois,,2023,Car Accident,Personal Injury,verdict,336712.0,1,12.726986214442428,TopVerdict Illinois 2023 Top 50 Personal Injury Verdicts list,Two-vehicle collision; Illinois jury verdict listed on TopVerdict's Illinois Top 50 personal injury verdicts of 2023.
Michigan,,2023,Slip and Fall,Broken Bones,settlement,325000.0,0,12.691583538230217,News,"67-year-old woman fell on a mixture of sand and stones at the entrance to her doctor's office, fracturing her femur."
Washington,,2023,Car Accident,Wrongful Death,verdict,319509.0,1,12.674543851214464,News,"Plaintiff crushed by a commercial waste truck. Jury found the decedent 90% at fault, resulting in a reduced net award."
Illinois,,2023,Car Accident,Personal Injury,verdict,315125.0,1,12.660727837829096,TopVerdict Illinois 2023 Top 50 Personal Injury Verdicts list,Two-vehicle collision; Illinois jury verdict listed on TopVerdict's Illinois Top 50 personal injury verdicts of 2023.
Florida,,2023,Car Accident,Soft Tissue Injury,verdict,309794.0,1,12.64366606738986,News,Collision at an intersection where the jury awarded future and past medical expenses for soft tissue injuries.
Washington,,2023,Car Accident,Back Injury,verdict,304500.0,1,12.626429650198945,News,Rear-end collision caused herniated discs with neck and back injuries.
Virginia,,2023,Car Accident,Wrongful Death,verdict,300000.0,1,12.611541086966115,News,Passenger killed in a T-bone collision at an intersection.
Kansas,,2023,Car Accident,Back Injury,settlement,300000.0,0,12.611541086966115,News,Vehicle struck on icy exit ramp in Kansas City.
Illinois,,2023,Car Accident,Personal Injury,verdict,300000.0,1,12.611541086966115,TopVerdict Illinois 2023 Top 50 Personal Injury Verdicts list,Two-vehicle collision; Illinois jury verdict listed on TopVerdict's Illinois Top 50 personal injury verdicts of 2023.
New York,,2023,Premises Liability,Broken Bones,settlement,300000.0,0,12.611541086966115,News,"Premises Liability settlement of $300,000 in New York."
Pennsylvania,,2023,Other,Wrongful Death,verdict,275000.0,1,12.524530013005734,News,"Other jury verdict of $275,000 in Pennsylvania."
Illinois,,2023,Car Accident,Personal Injury,verdict,272623.0,1,12.51584883545502,TopVerdict Illinois 2023 Top 50 Personal Injury Verdicts list,Two-vehicle collision; Illinois jury verdict listed on TopVerdict's Illinois Top 50 personal injury verdicts of 2023.
Indiana,,2023,Medical Malpractice,Wrongful Death,verdict,270790.0,1,12.509102584608291,News,Negligent medical care led to a pulmonary embolism and the patient's death.
Illinois,,2023,Bus Accident,Personal Injury,verdict,251204.0,1,12.434024617836688,TopVerdict Illinois 2023 Top 50 Personal Injury Verdicts list,Mass-transit crash involving a bus and truck; Illinois jury verdict listed on TopVerdict's Illinois Top 50 personal injury verdicts of 2023.
Illinois,,2023,Premises Liability,Wrongful Death,verdict,250000.0,1,12.429220196836383,News,Nursing home patient developed pressure sores and a hip fracture due to negligent care.
Pennsylvania,,2023,Car Accident,Wrongful Death,verdict,250000.0,1,12.429220196836383,News,Driver struck and killed at an intersection.
Vermont,,2023,Medical Malpractice,Back Injury,verdict,250000.0,1,12.429220196836383,News,Antibiotic prescribed based on a chart misinterpretation caused an infection and back complications.
Illinois,,2023,Bicycle Accident,Personal Injury,verdict,250000.0,1,12.429220196836383,TopVerdict Illinois 2023 Top 50 Personal Injury Verdicts list,Bicyclist struck by a car; Illinois jury verdict listed on TopVerdict's Illinois Top 50 personal injury verdicts of 2023.
Michigan,,2023,Car Accident,Wrongful Death,settlement,250000.0,0,12.429220196836383,News,Wrongful death from a high-speed accident on Interstate 94.
Michigan,,2023,Car Accident,Other,settlement,249000.0,0,12.425212191503038,News,Auto negligence caused permanent forehead scarring.
Michigan,,2023,Car Accident,Back Injury,settlement,241000.0,0,12.392556361841777,News,Single car accident caused back and wrist injuries.
Colorado,,2023,Other,Other,verdict,228042.0,1,12.337289486645723,News,"Other jury verdict of $228,042 in Colorado."
Virginia,,2023,Car Accident,Back Injury,verdict,225000.0,1,12.323860125621126,News,Rear-end collision required the plaintiff to undergo lumbar fusion surgery.
California,,2023,Motorcycle Accident,Traumatic Brain Injury,settlement,225000.0,0,12.323860125621126,News,"Vehicle struck a motorcycle at an intersection, causing mild TBI and PTSD. Defendant disputed both liability and injury extent."
Arizona,,2023,Slip and Fall,Broken Bones,settlement,216001.0,0,12.283042945882695,News,"Customer slipped on ice at a commercial premises in Phoenix, Arizona, suffering fractures."
Arizona,,2023,Slip and Fall,Broken Bones,verdict,216000.0,1,12.283038316285214,News,Patron slipped on ice in a convenience store freezer area.
Michigan,,2023,Premises Liability,Other,verdict,214000.0,1,12.273735966890268,News,Patron stepped into a hidden hole in the Joe Louis Arena parking garage after a Red Wings game.
Florida,Sarasota,2023,Slip and Fall,Back Injury,verdict,203000.0,1,12.220966184120165,News,"Woman knocked over by falling boxes at a market, sustaining hip bursitis and low back pain requiring treatment."
Virginia,,2023,Premises Liability,Wrongful Death,verdict,200000.0,1,12.206077645517674,News,Elderly nursing home resident fell due to negligent supervision. The estate filed suit.
Colorado,,2023,Car Accident,Other,settlement,200000.0,0,12.206077645517674,News,"Description: Mr. Holley settled a case involving a client who developed a debilitating nerve condition as a result of what started out as a simple foot injury that developed into something much more serious following surgery. The insurance company refused to pay for any of the client’s expensive and life-long medical care. Mr. Holley sued and won, obtaining the client medical care valued at $200,0."
Illinois,,2023,Truck Accident,Personal Injury,verdict,178191.0,1,12.09061689963288,TopVerdict Illinois 2023 Top 50 Personal Injury Verdicts list,Two-vehicle crash involving a truck; Illinois jury verdict listed on TopVerdict's Illinois Top 50 personal injury verdicts of 2023.
Michigan,,2023,Premises Liability,Broken Bones,settlement,175000.0,0,12.07254696717504,News,82-year-old woman fell on an improperly secured flagstone at a northern Michigan rental cottage.
Missouri,,2023,Truck Accident,Wrongful Death,verdict,175000.0,1,12.07254696717504,CourtListener,"The trial court’s judgment awarded Plaintiffs damages in the amount of $175,000, post-judgment interest, and costs on Plaintiffs’ claim for uninsured motorist coverage against Auto Club (Count I) and Plaintiffs’ claim for wrongful death against uninsured motorist Danielle Johnson (Count III)."
Nebraska,,2023,Truck Accident,Burns,settlement,173255.16,0,12.062526471975621,CourtListener,"On June 1, Spence filed a motion for costs and a motion to alter or amend the judgment, which requested only that the court amend its judgment to include costs in the amount of $5."
Michigan,,2023,Car Accident,Other,settlement,165000.0,0,12.013706813470414,News,Husband and wife injured in a traffic circle accident.
Illinois,,2023,Pedestrian Accident,Brain Injury,verdict,163539.0,1,12.004812887715968,TopVerdict Illinois 2023 Top 50 Personal Injury Verdicts list,"Pedestrian struck by a vehicle, with brain injury; Illinois jury verdict listed on TopVerdict's Illinois Top 50 personal injury verdicts of 2023."
Illinois,,2023,Car Accident,Personal Injury,verdict,160000.0,1,11.982935344196433,TopVerdict Illinois 2023 Top 50 Personal Injury Verdicts list,Two-vehicle collision; Illinois jury verdict listed on TopVerdict's Illinois Top 50 personal injury verdicts of 2023.
Utah,,2023,Car Accident,Back Injury,verdict,150747.0,1,11.923364847503082,News,"Rear-ended at a red light, causing cervical and thoracic spine and shoulder injuries. Past medical expenses totaled $84K."
Colorado,,2023,Car Accident,Back Injury,settlement,150000.0,0,11.918397239722838,News,"Description: Mr. Holley settled a case involving a client who developed a severe back injury resulting in several surgeries from a work-related lifting accident. After five years of treatment and related medical care the insurance company refused to pay for further medical care or monetary damages. After filing a lawsuit in State Administrative Court, Mr. Holley prevailed over the insurance compan."
Michigan,,2023,Slip and Fall,Broken Bones,settlement,150000.0,0,11.918397239722838,News,Young woman suffered a distal radius fracture after falling on tire-cleaning fluid at a self-serve carwash.
Illinois,,2023,Car Accident,Personal Injury,verdict,150000.0,1,11.918397239722838,TopVerdict Illinois 2023 Top 50 Personal Injury Verdicts list,Two-vehicle collision; Illinois jury verdict listed on TopVerdict's Illinois Top 50 personal injury verdicts of 2023.
Texas,,2023,Truck Accident,Back Injury,verdict,143000.0,1,11.870606902224587,CourtListener,"The parties proceeded to a jury trial and the jury returned a verdict assessing a total of $143,000 in damages for all three Appellees."
Illinois,,2023,Car Accident,Personal Injury,verdict,134916.0,1,11.812415053529621,TopVerdict Illinois 2023 Top 50 Personal Injury Verdicts list,Two-vehicle collision; Illinois jury verdict listed on TopVerdict's Illinois Top 50 personal injury verdicts of 2023.
Illinois,,2023,Car Accident,Personal Injury,verdict,133500.0,1,11.80186424743109,TopVerdict Illinois 2023 Top 50 Personal Injury Verdicts list,Vehicular crash; Illinois jury verdict listed on TopVerdict's Illinois Top 50 personal injury verdicts of 2023.
Illinois,,2023,Car Accident,Personal Injury,verdict,132409.0,1,11.793658448333803,TopVerdict Illinois 2023 Top 50 Personal Injury Verdicts list,Two-vehicle collision; Illinois jury verdict listed on TopVerdict's Illinois Top 50 personal injury verdicts of 2023.
Maryland,,2023,Bus Accident,Back Injury,verdict,132322.0,1,11.793001182310057,CourtListener,"NEW TRIAL , GROUNDS , VERDICT OR FINDINGS CONTRARY TO LAW OR EVIDENCE , EXCESSIVE DAMAGES , IN GENERAL NEW TRIAL , PROCEEDINGS TO PROCURE NEW TRIAL , REMISSION OR REDUCTION OF EXCESS OF RECOVERY , IN GENERAL After the jury returned a verdict against appellants in the amount of $132."
Washington,,2023,Car Accident,Soft Tissue Injury,verdict,128238.0,1,11.761650989374054,News,Rear-end collision with an uninsured motorist caused multiple strains.
Illinois,,2023,Truck Accident,Brain and Spinal Injury,verdict,122500.0,1,11.715874472198905,TopVerdict Illinois 2023 Top 50 Personal Injury Verdicts list,Truck crash producing brain and spinal injuries; Illinois jury verdict listed on TopVerdict's Illinois Top 50 personal injury verdicts of 2023.
Illinois,,2023,Bus Accident,Personal Injury,verdict,112509.0,1,11.630797385565117,TopVerdict Illinois 2023 Top 50 Personal Injury Verdicts list,On-board mass-transit injury on a CTA bus; Illinois jury verdict listed on TopVerdict's Illinois Top 50 personal injury verdicts of 2023.
Illinois,,2023,Car Accident,Personal Injury,verdict,110200.0,1,11.610061250069942,TopVerdict Illinois 2023 Top 50 Personal Injury Verdicts list,Two-vehicle collision; Illinois jury verdict listed on TopVerdict's Illinois Top 50 personal injury verdicts of 2023.
Colorado,,2023,Car Accident,Soft Tissue Injury,verdict,102289.0,1,11.535567195451053,News,Ambulance passenger injured when a vehicle turned left in front of the ambulance at an intersection.
Kansas,,2023,Pedestrian Accident,Broken Bones,settlement,100000.0,0,11.51293546492023,News,Pedestrian hit by distracted driver in Kansas City.
Iowa,,2023,Bus Accident,Back Injury,verdict,95000.0,1,11.461642696843066,CourtListener,"Meanwhile, the State of Iowa won a judgment of $95,000 against Daniels and ICC for waste-handling violations on the Jasper County land."
Colorado,,2023,Car Accident,Other,verdict,93303.0,1,11.443618258370886,News,"Car Accident jury verdict of $93,303 in Colorado."
Georgia,,2023,Car Accident,Broken Bones,verdict,92500.0,1,11.434974734252892,News,"Middle-aged female suffered facial gash, scarring, and fractured teeth. Jury verdict exceeded settlement demand."
Utah,,2023,Car Accident,Back Injury,verdict,88842.0,1,11.394626046010933,News,Davis County rear-end collision causing permanent spinal damage with herniated cervical and lumbar discs.
Ohio,,2023,Car Accident,Back Injury,settlement,75000.0,0,11.225256725762893,News,Back surgery needed after rear-end collision at stoplight.
Colorado,,2023,Pedestrian Accident,Other,verdict,62674.0,1,11.045717923026494,News,"Pedestrian Accident jury verdict of $62,674 in Colorado."
Washington,,2023,Truck Accident,Broken Bones,verdict,60000.0,1,11.002116507732017,News,"Garbage truck struck the plaintiff, causing fractures to the finger and clavicle."
Nebraska,,2023,Car Accident,Soft Tissue Injury,verdict,55000.0,1,10.915106645867503,News,Multi-vehicle chain reaction collision at a red light.
Virginia,Norfolk,2023,Personal Injury,Other,verdict,50053.0,1,10.820857701629848,STATE_COURT,"Virginia District Court Motion for Judgment, (Norfolk), plaintiff represented by TRONFELD WEST & DURRETT, judgment for transfer/change of venue, total 50,053, notes: TRANSFER TO SUFFOLK GENERAL DISTRICT COURT"
Virginia,Richmond,2023,Personal Injury,Other,verdict,50052.0,1,10.820837723006973,STATE_COURT,"Virginia District Court Motion for Judgment, (Richmond), plaintiff represented by TRONFELD, WEST, judgment for transfer/change of venue, total 50,052"
Virginia,Richmond,2023,Personal Injury,Other,verdict,50052.0,1,10.820837723006973,STATE_COURT,"Virginia District Court Motion for Judgment, (Richmond), plaintiff represented by TRONFELD, WEST, judgment for transfer/change of venue, total 50,052"
Virginia,Richmond,2023,Personal Injury,Other,verdict,50052.0,1,10.820837723006973,STATE_COURT,"Virginia District Court Motion for Judgment, (Richmond), plaintiff represented by TRONFELD, WEST, judgment for transfer/change of venue, total 50,052"
Virginia,Richmond,2023,Personal Injury,Other,verdict,50052.0,1,10.820837723006973,STATE_COURT,"Virginia District Court Motion for Judgment, (Richmond), plaintiff represented by TRONFELD, WEST, total 50,052"
Virginia,Richmond,2023,Personal Injury,Other,verdict,50052.0,1,10.820837723006973,STATE_COURT,"Virginia District Court Motion for Judgment, (Richmond), plaintiff represented by TRONFELD, WEST, judgment for transfer/change of venue, total 50,052"
Virginia,Richmond,2023,Personal Injury,Other,verdict,50052.0,1,10.820837723006973,STATE_COURT,"Virginia District Court Motion for Judgment, (Richmond), plaintiff represented by JOEL BIEBER FIRM, judgment for transfer/change of venue, total 50,052, notes: TRANSFER TO USDC EASTERN DISTRICT OF VIRGINIA"
Virginia,Richmond,2023,Personal Injury,Other,verdict,50052.0,1,10.820837723006973,STATE_COURT,"Virginia District Court Motion for Judgment, (Richmond), plaintiff represented by TRONFELD, WEST, judgment for transfer/change of venue, total 50,052"
Virginia,Richmond,2023,Personal Injury,Other,verdict,50052.0,1,10.820837723006973,STATE_COURT,"Virginia District Court Motion for Judgment, (Richmond), plaintiff represented by TRONFELD, WEST, judgment for transfer/change of venue, total 50,052"
Virginia,Henrico,2023,Personal Injury,Other,verdict,50052.0,1,10.820837723006973,STATE_COURT,"Virginia District Court Motion for Judgment, (Henrico), plaintiff represented by EMROCH & KILDUFF, judgment for plaintiff, total 50,052"
Virginia,Richmond,2023,Personal Injury,Other,verdict,50052.0,1,10.820837723006973,STATE_COURT,"Virginia District Court Motion for Judgment, (Richmond), plaintiff represented by ALLEN, ALLEN, judgment for other, total 50,052"
Virginia,Richmond,2023,Personal Injury,Other,verdict,50052.0,1,10.820837723006973,STATE_COURT,"Virginia District Court Motion for Judgment, (Richmond), plaintiff represented by TRONFELD, WEST, judgment for other, total 50,052"
Virginia,Richmond,2023,Personal Injury,Other,verdict,50052.0,1,10.820837723006973,STATE_COURT,"Virginia District Court Motion for Judgment, (Richmond), plaintiff represented by TRONFELD, WEST, judgment for plaintiff, total 50,052"
Virginia,Richmond,2023,Personal Injury,Other,verdict,50052.0,1,10.820837723006973,STATE_COURT,"Virginia District Court Motion for Judgment, (Richmond), plaintiff represented by TRONFELD, WEST, judgment for other, total 50,052"
Virginia,Richmond,2023,Personal Injury,Other,verdict,50052.0,1,10.820837723006973,STATE_COURT,"Virginia District Court Motion for Judgment, (Richmond), plaintiff represented by BLANK & MARCUS, judgment for other, total 50,052, notes: NONSUITED AS TO J. LOPEZ ONLY; DISMISSED AS TO C. LOPEZ ONLY"
Virginia,Richmond,2023,Personal Injury,Other,verdict,50052.0,1,10.820837723006973,STATE_COURT,"Virginia District Court Motion for Judgment, (Richmond), plaintiff represented by ALLEN, ALLEN, judgment for other, total 50,052"
Virginia,Charlottesville,2023,Personal Injury,Other,verdict,50051.0,1,10.820817743984945,STATE_COURT,"Virginia District Court Motion for Judgment, (Charlottesville), plaintiff represented by MARKS & HARRISON PC, judgment for plaintiff, total 50,051"
Virginia,Waynesboro,2023,Personal Injury,Other,verdict,50050.0,1,10.820797764563748,STATE_COURT,"Virginia District Court Motion for Judgment, (Waynesboro), plaintiff represented by ALLEN ALLEN ALLEN & ALLEN, judgment for defendant, total 50,050"
Virginia,Chesterfield,2023,Personal Injury,Other,verdict,50050.0,1,10.820797764563748,STATE_COURT,"Virginia District Court Motion for Judgment, (Chesterfield), plaintiff represented by THE JOEL BIEBER FIRM, judgment for plaintiff, total 50,050, notes: APPEAL BOND $50,000"
Illinois,,2023,Car Accident,Soft Tissue Injury,verdict,50000.0,1,10.819798284210286,News,Child passenger suffered facial lacerations and scarring from a left-turn collision.
Alabama,,2023,Car Accident,Soft Tissue Injury,settlement,50000.0,0,10.819798284210286,News,"Mother and minor son struck by tow truck, then sought UIM coverage from State Farm."
Washington,,2023,Car Accident,Back Injury,verdict,50000.0,1,10.819798284210286,News,"Car Accident jury verdict of $50,000 in Washington."
Alabama,,2023,Car Accident,Traumatic Brain Injury,settlement,50000.0,0,10.819798284210286,News,Minor suffered concussion and cervical sprain in rear-end collision. UIM benefits claim.
Virginia,Albemarle,2023,Personal Injury,Other,verdict,50000.0,1,10.819798284210286,STATE_COURT,"Virginia District Court Motion for Judgment, (Albemarle), plaintiff represented by MARKS & HARRISON, judgment for other, total 50,000, notes: GROD DUE 1/18/24 GROD RECD 1/22/24"
Oregon,,2023,Truck Accident,Other,verdict,50000.0,1,10.819798284210286,CourtListener,"Plaintiff filed a claim against defendant for willful misrepresentation in violation of the Unlawful Trade Practices Act, seeking $9,952 in damages for the purchase price of the van, repairs, and loss of use."
Indiana,,2023,Bus Accident,Knee Injury,settlement,50000.0,0,10.819798284210286,CourtListener,"The jury found that Hintz had incurred $50,000 in damages, but it found that she was 35% at fault Court of Appeals of Indiana | Opinion 23A-CT-485 | October 3, Page 4 of 23 and MMRF was 65% at fault in causing her injuries."
Florida,Brevard,2023,Truck Accident,Back Injury,verdict,48993.0,1,10.799453120615684,News,Rear-ended by a dump truck. Jury found no permanent injury despite claimed cervical and lumbar spine damage.
Virginia,Richmond,2023,Personal Injury,Other,verdict,48552.0,1,10.79041126377747,STATE_COURT,"Virginia District Court Motion for Judgment, (Richmond), plaintiff represented by JOEL BIEBER FIRM, judgment for plaintiff, total 48,552"
Florida,,2023,Slip and Fall,Back Injury,settlement,45000.0,0,10.714439990727769,News,"Back injury from fall at Walmart. Treatment was injections, no surgery required."
Washington,,2023,Car Accident,Shoulder Injury,verdict,44480.0,1,10.702817410686135,News,"Rear-ended at intersection causing bilateral hip, shoulder, and neck injuries. 21 months of treatment."
Virginia,Richmond,2023,Personal Injury,Other,verdict,42576.0,1,10.659069480352393,STATE_COURT,"Virginia District Court Motion for Judgment, (Richmond), plaintiff represented by MARKS & HARRISON, judgment for plaintiff, total 42,576"
Virginia,Richmond,2023,Personal Injury,Other,verdict,41552.0,1,10.634724999843208,STATE_COURT,"Virginia District Court Motion for Judgment, (Richmond), plaintiff represented by TRONFELD, WEST, judgment for plaintiff, total 41,552"
Virginia,Henrico,2023,Personal Injury,Other,verdict,41372.0,1,10.630383773142448,STATE_COURT,"Virginia District Court Motion for Judgment, (Henrico), plaintiff represented by MARKS & HARRISON, judgment for plaintiff, total 41,372.37"
Virginia,Hampton,2023,Personal Injury,Other,verdict,41050.0,1,10.622570475119794,STATE_COURT,"Virginia District Court Motion for Judgment, (Hampton), plaintiff represented by MARKS & HARRISON, judgment for plaintiff, total 41,050"
Virginia,Richmond,2023,Personal Injury,Other,verdict,40134.0,1,10.600004050565678,STATE_COURT,"Virginia District Court Motion for Judgment, (Richmond), plaintiff represented by TRONFELD, WEST, judgment for other, total 40,134"
Virginia,Richmond,2023,Personal Injury,Other,verdict,40064.0,1,10.598258414212172,STATE_COURT,"Virginia District Court Motion for Judgment, (Richmond), plaintiff represented by TRONFELD, WEST, judgment for plaintiff, total 40,064"
Virginia,Henrico,2023,Personal Injury,Other,verdict,40064.0,1,10.598258414212172,STATE_COURT,"Virginia District Court Motion for Judgment, (Henrico), plaintiff represented by TRONFELD WEST, judgment for plaintiff, total 40,064, notes: G/D DUE 12-29-23"
Virginia,Rockingham,2023,Personal Injury,Other,verdict,40052.0,1,10.597958856058204,STATE_COURT,"Virginia District Court Motion for Judgment, (Rockingham), plaintiff represented by MARKS & HARRISON, judgment for plaintiff, total 40,052"
Nebraska,,2023,Car Accident,Soft Tissue Injury,verdict,40000.0,1,10.596659732783579,News,Rear-end collision on the interstate with approximately $16K in medical expenses.
California,Los Angeles,2023,Car Accident,Traumatic Brain Injury,verdict,40000.0,1,10.596659732783579,News,Broadside collision caused cranial nerve damage and chronic migraines after driver drifted across the centerline.
Virginia,Richmond,2023,Personal Injury,Other,verdict,38064.0,1,10.547050503740312,STATE_COURT,"Virginia District Court Motion for Judgment, (Richmond), plaintiff represented by TRONFELD, WEST, judgment for plaintiff, total 38,064"
Virginia,Henrico,2023,Personal Injury,Other,verdict,37052.0,1,10.520104599106125,STATE_COURT,"Virginia District Court Motion for Judgment, (Henrico), plaintiff represented by MARKS & HARRISON, judgment for plaintiff, total 37,052"
Virginia,Richmond,2023,Personal Injury,Other,verdict,36602.0,1,10.507885483243443,STATE_COURT,"Virginia District Court Motion for Judgment, (Richmond), plaintiff represented by MARKS & HARRISON, judgment for plaintiff, total 36,602"
Virginia,Spotsylvania,2023,Personal Injury,Other,verdict,35802.0,1,10.485786967760543,STATE_COURT,"Virginia District Court Motion for Judgment, (Spotsylvania), plaintiff represented by ALLEN & ALLEN, judgment for plaintiff, total 35,802"
Virginia,Henrico,2023,Personal Injury,Other,verdict,35064.0,1,10.46495876097101,STATE_COURT,"Virginia District Court Motion for Judgment, (Henrico), plaintiff represented by TRONFELD WEST, judgment for plaintiff, total 35,064"
Virginia,Petersburg,2023,Personal Injury,Other,verdict,35062.0,1,10.46490172241293,STATE_COURT,"Virginia District Court Motion for Judgment, (Petersburg), plaintiff represented by MARKS & HARRISON, judgment for plaintiff, total 35,062"
Virginia,Henrico,2023,Personal Injury,Other,verdict,35052.0,1,10.464616480811362,STATE_COURT,"Virginia District Court Motion for Judgment, (Henrico), plaintiff represented by ALLEN ALLEN, judgment for plaintiff, total 35,052, notes: GD RCVD 060623"
Virginia,Henrico,2023,Personal Injury,Other,verdict,31052.0,1,10.343450701051859,STATE_COURT,"Virginia District Court Motion for Judgment, (Henrico), plaintiff represented by BLANK & MARCUS, judgment for plaintiff, total 31,052, notes: GD RCV'D  7/21/23"
Virginia,Stafford,2023,Personal Injury,Other,verdict,30067.0,1,10.31121676229736,STATE_COURT,"Virginia District Court Motion for Judgment, (Stafford), plaintiff represented by ALLEN, ALLEN, ALLEN & ALLEN, judgment for plaintiff, total 30,067"
Virginia,Petersburg,2023,Personal Injury,Other,verdict,30065.0,1,10.311150244187779,STATE_COURT,"Virginia District Court Motion for Judgment, (Petersburg), plaintiff represented by MARKS & HARRISON, judgment for plaintiff, total 30,065"
Virginia,Richmond,2023,Personal Injury,Other,verdict,30064.0,1,10.311116983473669,STATE_COURT,"Virginia District Court Motion for Judgment, (Richmond), plaintiff represented by MARKS & HARRISON, judgment for plaintiff, total 30,064"
Colorado,,2023,Car Accident,Back Injury,verdict,29266.0,1,10.284215880411878,News,"Front-seat passenger injured when a minor defendant failed to yield at a stop sign, causing the vehicle to rotate."
Virginia,Richmond,2023,Personal Injury,Other,verdict,27052.0,1,10.205553183855171,STATE_COURT,"Virginia District Court Motion for Judgment, (Richmond), plaintiff represented by ALLEN, ALLEN, judgment for plaintiff, total 27,052"
Virginia,Fairfax,2023,Personal Injury,Other,verdict,25706.0,1,10.154518607337229,STATE_COURT,"Virginia District Court Motion for Judgment, (Fairfax), plaintiff represented by HUSTON & ANGUS, judgment for plaintiff, total 25,705.85"
Washington,,2023,Car Accident,Whiplash,verdict,25550.0,1,10.14843173380919,News,Rear-end collision at a red light caused neck and back injuries.
Virginia,Fairfax,2023,Personal Injury,Other,verdict,25328.0,1,10.139705263337609,STATE_COURT,"Virginia District Court Motion for Judgment, (Fairfax), plaintiff represented by HUSTON & ANGUS, judgment for plaintiff, total 25,328.31"
Virginia,Richmond,2023,Personal Injury,Other,verdict,25052.0,1,10.12874885982134,STATE_COURT,"Virginia District Court Motion for Judgment, (Richmond), plaintiff represented by TRONFELD, WEST, judgment for transfer/change of venue, total 25,052"
Virginia,Richmond,2023,Personal Injury,Other,verdict,25052.0,1,10.12874885982134,STATE_COURT,"Virginia District Court Motion for Judgment, (Richmond), plaintiff represented by MARKS & HARRISON, judgment for plaintiff, total 25,052, notes: DISMISSAL VACATED & CONTINUED"
Virginia,Richmond,2023,Personal Injury,Other,verdict,25052.0,1,10.12874885982134,STATE_COURT,"Virginia District Court Motion for Judgment, (Richmond), plaintiff represented by TRONFELD, WEST, judgment for transfer/change of venue, total 25,052, notes: TRANSFERRED TO CHESTERFIELD GDC"
Virginia,Henrico,2023,Personal Injury,Other,verdict,25052.0,1,10.12874885982134,STATE_COURT,"Virginia District Court Motion for Judgment, (Henrico), plaintiff represented by MARKS & HARRISON, judgment for plaintiff, total 25,052"
Virginia,Albemarle,2023,Personal Injury,Other,verdict,25048.0,1,10.1285891855565,STATE_COURT,"Virginia District Court Motion for Judgment, (Albemarle), plaintiff represented by ALLEN ALLEN ALLEN & ALLEN, judgment for plaintiff, total 25,048, notes: TRIAL"
Indiana,,2023,Car Accident,Whiplash,verdict,25000.0,1,10.12667110305036,News,Rear-end collision at a traffic light caused cervical strain.
New Jersey,,2023,Car Accident,Shoulder Injury,settlement,25000.0,0,10.12667110305036,News,"Minor injured in negligent left turn. Torn shoulder, fractured tibia, and bulging disc. UIM claim settlement."
Virginia,Petersburg,2023,Personal Injury,Other,verdict,25000.0,1,10.12667110305036,STATE_COURT,"Virginia District Court Motion for Judgment, (Petersburg), plaintiff represented by MARKS & HARRISON, judgment for transfer/change of venue, total 25,000"
Virginia,Richmond,2023,Personal Injury,Other,verdict,25000.0,1,10.12667110305036,STATE_COURT,"Virginia District Court Motion for Judgment, (Richmond), plaintiff represented by MARKS & HARRISON, judgment for plaintiff, total 25,000"
Virginia,Henrico,2023,Personal Injury,Other,verdict,23654.0,1,10.071329788065249,STATE_COURT,"Virginia District Court Motion for Judgment, (Henrico), plaintiff represented by CHRISTINA PENDLETON, judgment for plaintiff, total 23,653.75, notes: G/D DUE 12-29-23"
Virginia,Richmond,2023,Personal Injury,Other,verdict,23052.0,1,10.045551191799596,STATE_COURT,"Virginia District Court Motion for Judgment, (Richmond), plaintiff represented by ALLEN, ALLEN, judgment for plaintiff, total 23,052"
Virginia,Fairfax,2023,Personal Injury,Other,verdict,22558.0,1,10.023889378388423,STATE_COURT,"Virginia District Court Motion for Judgment, (Fairfax), plaintiff represented by HUSTON & ANGUS, judgment for plaintiff, total 22,557.79"
Virginia,Albemarle,2023,Personal Injury,Other,verdict,22062.0,1,10.001657276308372,STATE_COURT,"Virginia District Court Motion for Judgment, (Albemarle), plaintiff represented by ALLEN, ALLEN, ALLEN, & ALLEN, judgment for plaintiff, total 22,062, notes: GROD 5/25/23 REC 5/4/23"
Colorado,,2023,Bicycle Accident,Soft Tissue Injury,verdict,20820.0,1,9.943717371755195,News,Cyclist hit during a left turn after defendant failed to yield at a stop sign.
Minnesota,,2023,Bus Accident,Burns,verdict,20417.0,1,9.924172143728962,CourtListener,"Default On March 13, 2020, the governor issued an emergency executive order declaring a peacetime emergency due to the COVID-19 pandemic."
Virginia,Richmond,2023,Personal Injury,Other,verdict,20064.0,1,9.906732282701016,STATE_COURT,"Virginia District Court Motion for Judgment, (Richmond), plaintiff represented by ALLEN, ALLEN, judgment for plaintiff, total 20,064"
Virginia,Henrico,2023,Personal Injury,Other,verdict,20052.0,1,9.906134047477034,STATE_COURT,"Virginia District Court Motion for Judgment, (Henrico), plaintiff represented by MARKS & HARRISON, judgment for plaintiff, total 20,052"
Virginia,Richmond,2023,Personal Injury,Other,verdict,19576.0,1,9.882110686776542,STATE_COURT,"Virginia District Court Motion for Judgment, (Richmond), plaintiff represented by MARKS & HARRISON, judgment for plaintiff, total 19,576"
Virginia,Fairfax,2023,Personal Injury,Other,verdict,18805.0,1,9.841931246837023,STATE_COURT,"Virginia District Court Motion for Judgment, (Fairfax), plaintiff represented by HUSTON & ANGUS, judgment for plaintiff, total 18,804.62"
Virginia,Fairfax,2023,Personal Injury,Other,verdict,18802.0,1,9.841771710555475,STATE_COURT,"Virginia District Court Motion for Judgment, (Fairfax), plaintiff represented by HUSTON & ANGUS, judgment for plaintiff, total 18,802"
Virginia,Fairfax,2023,Personal Injury,Other,verdict,18728.0,1,9.837828403729853,STATE_COURT,"Virginia District Court Motion for Judgment, (Fairfax), plaintiff represented by HUSTON & ANGUS, judgment for plaintiff, total 18,728.14"
Virginia,,2023,Personal Injury,Other,verdict,18626.0,1,9.832367420033002,STATE_COURT,"Virginia District Court Motion for Judgment, plaintiff represented by GOLDSTEIN, EDGAR & REAGAN, judgment for plaintiff, total 18,626"
Virginia,Richmond,2023,Personal Injury,Other,verdict,18552.0,1,9.828386780026877,STATE_COURT,"Virginia District Court Motion for Judgment, (Richmond), plaintiff represented by JOEL BIEBER FIRM, judgment for plaintiff, total 18,552"
Virginia,Fairfax,2023,Personal Injury,Other,verdict,17847.0,1,9.789646736112369,STATE_COURT,"Virginia District Court Motion for Judgment, (Fairfax), plaintiff represented by HUSTON & ANGUS, judgment for plaintiff, total 17,846.53"
Virginia,Fairfax,2023,Personal Injury,Other,verdict,17778.0,1,9.785773264516571,STATE_COURT,"Virginia District Court Motion for Judgment, (Fairfax), plaintiff represented by HUSTON & ANGUS, judgment for plaintiff, total 17,778.03"
Virginia,Richmond,2023,Personal Injury,Other,verdict,17562.0,1,9.773549695421735,STATE_COURT,"Virginia District Court Motion for Judgment, (Richmond), plaintiff represented by ALLEN, ALLEN, judgment for plaintiff, total 17,562"
Virginia,Richmond,2023,Personal Injury,Other,verdict,17052.0,1,9.744081420312915,STATE_COURT,"Virginia District Court Motion for Judgment, (Richmond), plaintiff represented by ALLEN, ALLEN, judgment for other, total 17,052"
Virginia,Fairfax,2023,Personal Injury,Other,verdict,16390.0,1,9.70448768268936,STATE_COURT,"Virginia District Court Motion for Judgment, (Fairfax), plaintiff represented by HUSTON & ANGUS, judgment for plaintiff, total 16,389.62"
Oregon,,2023,Car Accident,Back Injury,verdict,16132.0,1,9.688622142666144,News,Rear-end collision causing cervical disc disorder and radiculopathy. Jury verdict after trial.
Virginia,Richmond,2023,Personal Injury,Other,verdict,16052.0,1,9.683651026979414,STATE_COURT,"Virginia District Court Motion for Judgment, (Richmond), plaintiff represented by ALLEN, ALLEN, judgment for plaintiff, total 16,052"
Virginia,Richmond,2023,Personal Injury,Other,verdict,16052.0,1,9.683651026979414,STATE_COURT,"Virginia District Court Motion for Judgment, (Richmond), plaintiff represented by ALLEN, ALLEN, judgment for plaintiff, total 16,052"
Virginia,Petersburg,2023,Personal Injury,Other,verdict,15063.0,1,9.620063070336988,STATE_COURT,"Virginia District Court Motion for Judgment, (Petersburg), plaintiff represented by TRONFELD WEST & DURRETT, judgment for plaintiff, total 15,063"
Virginia,Norfolk,2023,Personal Injury,Other,verdict,15053.0,1,9.619399015594476,STATE_COURT,"Virginia District Court Motion for Judgment, (Norfolk), plaintiff represented by TRONFELD WEST & DURRETT, judgment for transfer/change of venue, total 15,053, notes: TRANSFER TO SUFFOLK  GENERAL DISTRICT COURT"
Virginia,Henrico,2023,Personal Injury,Other,verdict,15052.0,1,9.619332585860503,STATE_COURT,"Virginia District Court Motion for Judgment, (Henrico), plaintiff represented by PENDLETON LAW, judgment for plaintiff, total 15,052, notes: GD RCVD 012524"
New Jersey,,2023,Car Accident,Back Injury,verdict,15000.0,1,9.61587214452889,News,"Car Accident jury verdict of $15,000 in New Jersey."
Arizona,,2023,Car Accident,Soft Tissue Injury,verdict,15000.0,1,9.61587214452889,News,"$15,000 jury verdict in a car accident case in Arizona . The plaintiff sustained soft tissue injury and was awarded damages."
Virginia,Fairfax,2023,Personal Injury,Other,verdict,14582.0,1,9.587611745713565,STATE_COURT,"Virginia District Court Motion for Judgment, (Fairfax), plaintiff represented by HUSTON & ANGUS, judgment for plaintiff, total 14,582.27"
South Carolina,,2023,Medical Malpractice,Burns,verdict,14500.0,1,9.581972891547895,CourtListener,": In this medical negligence action, Regional Medical Center (Regional) appeals the trial court's determinations of issues concerning expert witnesses, admission of photographs, publishing requests to admit to the jury, and denial of its motions for a directed verdict and for a ne."
Colorado,,2023,Car Accident,Other,verdict,14359.0,1,9.572201842602215,News,"Car Accident jury verdict of $14,359 in Colorado."
Virginia,Colonial Heights,2023,Personal Injury,Other,verdict,14062.0,1,9.551302513870247,STATE_COURT,"Virginia District Court Motion for Judgment, (Colonial Heights), plaintiff represented by ALLEN ALLEN ALLEN & ALLEN, judgment for plaintiff, total 14,062"
Virginia,Fairfax,2023,Personal Injury,Other,verdict,13160.0,1,9.485013189834323,STATE_COURT,"Virginia District Court Motion for Judgment, (Fairfax), plaintiff represented by HUSTON & ANGUS, judgment for plaintiff, total 13,159.59"
Virginia,Richmond,2023,Personal Injury,Other,verdict,12374.0,1,9.423433587436891,STATE_COURT,"Virginia District Court Motion for Judgment, (Richmond), plaintiff represented by MARKS & HARRISON, judgment for plaintiff, total 12,374.45"
Virginia,Richmond,2023,Personal Injury,Other,verdict,12364.0,1,9.422625179955517,STATE_COURT,"Virginia District Court Motion for Judgment, (Richmond), plaintiff represented by JOEL BIEBER FIRM, judgment for plaintiff, total 12,364, notes: BILL OF P REC'D AS MFJ//GD DUE 11/10/23//AHM"
Wisconsin,,2023,Car Accident,Back Injury,verdict,12325.0,1,9.419466131522189,News,"Neck strain, facial contusion, and hernia claimed from accident. Defendant admitted liability but disputed causation."
Virginia,Fairfax,2023,Personal Injury,Other,verdict,12257.0,1,9.413934064045677,STATE_COURT,"Virginia District Court Motion for Judgment, (Fairfax), plaintiff represented by HUSTON & ANGUS, judgment for plaintiff, total 12,256.76"
Virginia,Fairfax,2023,Personal Injury,Other,verdict,12201.0,1,9.409355151711798,STATE_COURT,"Virginia District Court Motion for Judgment, (Fairfax), plaintiff represented by HUSTON & ANGUS, judgment for plaintiff, total 12,201.35"
Virginia,Stafford,2023,Personal Injury,Other,verdict,12095.0,1,9.400630098419315,STATE_COURT,"Virginia District Court Motion for Judgment, (Stafford), plaintiff represented by MARKS & HARRISON, judgment for plaintiff, total 12,095"
Virginia,York,2023,Personal Injury,Other,verdict,11504.0,1,9.350537002469466,STATE_COURT,"Virginia District Court Motion for Judgment, (York), plaintiff represented by GOLDSTEIN EDGAR & REAGAN, judgment for plaintiff, total 11,504.06"
Virginia,Prince Edward,2023,Personal Injury,Other,verdict,11332.0,1,9.335474102732949,STATE_COURT,"Virginia District Court Motion for Judgment, (Prince Edward), plaintiff represented by ALLEN ALLEN ALLEN & ALLEN, judgment for plaintiff, total 11,331.87"
Virginia,Fairfax,2023,Personal Injury,Other,verdict,11330.0,1,9.335297611380566,STATE_COURT,"Virginia District Court Motion for Judgment, (Fairfax), plaintiff represented by HUSTON & ANGUS, judgment for plaintiff, total 11,330.49"
Virginia,Rockingham,2023,Personal Injury,Other,verdict,11052.0,1,9.310457163310955,STATE_COURT,"Virginia District Court Motion for Judgment, (Rockingham), plaintiff represented by MARKS & HARRISON, judgment for plaintiff, total 11,052"
Virginia,Fairfax,2023,Personal Injury,Other,verdict,10011.0,1,9.211539652551664,STATE_COURT,"Virginia District Court Motion for Judgment, (Fairfax), plaintiff represented by HUSTON & ANGUS, judgment for plaintiff, total 10,011.09"
Virginia,Rockingham,2023,Personal Injury,Other,verdict,10000.0,1,9.210440366976517,STATE_COURT,"Virginia District Court Motion for Judgment, (Rockingham), plaintiff represented by MARKS & HARRISON PC, judgment for plaintiff, total 10,000"
Virginia,Fairfax,2023,Personal Injury,Other,verdict,9412.0,1,9.14984699154722,STATE_COURT,"Virginia District Court Motion for Judgment, (Fairfax), plaintiff represented by HUSTON & ANGUS, judgment for plaintiff, total 9,411.6"
Virginia,Richmond,2023,Personal Injury,Other,verdict,9372.0,1,9.145588494746486,STATE_COURT,"Virginia District Court Motion for Judgment, (Richmond), plaintiff represented by BLANK & MARCUS, judgment for plaintiff, total 9,372"
Virginia,Fairfax,2023,Personal Injury,Other,verdict,9125.0,1,9.118882761487347,STATE_COURT,"Virginia District Court Motion for Judgment, (Fairfax), plaintiff represented by HUSTON & ANGUS, judgment for plaintiff, total 9,125.49"
Virginia,Fairfax,2023,Personal Injury,Other,verdict,9066.0,1,9.112396727646056,STATE_COURT,"Virginia District Court Motion for Judgment, (Fairfax), plaintiff represented by HUSTON & ANGUS, judgment for plaintiff, total 9,065.88"
Virginia,Colonial Heights,2023,Personal Injury,Other,verdict,8714.0,1,9.07280095795412,STATE_COURT,"Virginia District Court Motion for Judgment, (Colonial Heights), plaintiff represented by MARKS & HARRISON, judgment for plaintiff, total 8,714, notes: APPEAL BOND $8660.00"
Virginia,Chesterfield,2023,Personal Injury,Other,verdict,8562.0,1,9.055205875026193,STATE_COURT,"Virginia District Court Motion for Judgment, (Chesterfield), plaintiff represented by BLANK & MARCUS LLC, judgment for plaintiff, total 8,562"
Virginia,Prince George,2023,Personal Injury,Other,verdict,8310.0,1,9.025335217553026,STATE_COURT,"Virginia District Court Motion for Judgment, (Prince George), plaintiff represented by MARKS & HARRISON, judgment for plaintiff, total 8,310"
Virginia,,2023,Personal Injury,Other,verdict,8099.0,1,8.99961934066053,STATE_COURT,"Virginia District Court Motion for Judgment, plaintiff represented by GOLDSTEIN EDGAR & REAGAN, judgment for plaintiff, total 8,098.73"
Virginia,Fairfax,2023,Personal Injury,Other,verdict,7965.0,1,8.982937763741589,STATE_COURT,"Virginia District Court Motion for Judgment, (Fairfax), plaintiff represented by HUSTON & ANGUS, judgment for plaintiff, total 7,964.56"
Virginia,,2023,Personal Injury,Other,verdict,7831.0,1,8.965973184210347,STATE_COURT,"Virginia District Court Motion for Judgment, plaintiff represented by GOLDSTEIN, EDGAR & REAGAN, judgment for plaintiff, total 7,831.43"
Virginia,,2023,Personal Injury,Other,verdict,7575.0,1,8.932740634865914,STATE_COURT,"Virginia District Court Motion for Judgment, plaintiff represented by GOLDSTEIN, EDGAR & REAGAN, judgment for plaintiff, total 7,574.76"
Virginia,Virginia Beach,2023,Personal Injury,Other,verdict,7552.0,1,8.929700114313448,STATE_COURT,"Virginia District Court Motion for Judgment, (Virginia Beach), plaintiff represented by BLANK & MARCUS, judgment for plaintiff, total 7,552"
Pennsylvania,,2023,Car Accident,Soft Tissue Injury,settlement,7500.0,0,8.922791623969637,News,"Car Accident settlement of $7,500 in Pennsylvania."
Virginia,York,2023,Personal Injury,Other,verdict,7135.0,1,8.872907674259846,STATE_COURT,"Virginia District Court Motion for Judgment, (York), plaintiff represented by GOLDSTEIN EDGAR & REAGAN, judgment for plaintiff, total 7,135.16"
Virginia,Fairfax,2023,Personal Injury,Other,verdict,7000.0,1,8.853808274977197,STATE_COURT,"Virginia District Court Motion for Judgment, (Fairfax), plaintiff represented by HUSTON & ANGUS, judgment for plaintiff, total 7,000.27"
Virginia,Fairfax,2023,Personal Injury,Other,verdict,6850.0,1,8.832149906002899,STATE_COURT,"Virginia District Court Motion for Judgment, (Fairfax), plaintiff represented by HUSTON & ANGUS, judgment for plaintiff, total 6,850.46"
Virginia,Fairfax,2023,Personal Injury,Other,verdict,6694.0,1,8.809116258125274,STATE_COURT,"Virginia District Court Motion for Judgment, (Fairfax), plaintiff represented by HUSTON & ANGUS, judgment for plaintiff, total 6,694.01"
Virginia,Fairfax,2023,Personal Injury,Other,verdict,6421.0,1,8.76748487464946,STATE_COURT,"Virginia District Court Motion for Judgment, (Fairfax), plaintiff represented by HUSTON & ANGUS, judgment for plaintiff, total 6,421.49"
Virginia,Fairfax,2023,Personal Injury,Other,verdict,6275.0,1,8.744488113852924,STATE_COURT,"Virginia District Court Motion for Judgment, (Fairfax), plaintiff represented by HUSTON & ANGUS, judgment for plaintiff, total 6,275.19"
Virginia,York,2023,Personal Injury,Other,verdict,5923.0,1,8.68676717538769,STATE_COURT,"Virginia District Court Motion for Judgment, (York), plaintiff represented by GOLDSTEIN, EDGAR & REAGAN, judgment for plaintiff, total 5,922.52"
Virginia,Fairfax,2023,Personal Injury,Other,verdict,5878.0,1,8.679141958402255,STATE_COURT,"Virginia District Court Motion for Judgment, (Fairfax), plaintiff represented by HUSTON & ANGUS, judgment for plaintiff, total 5,877.53"
Virginia,,2023,Personal Injury,Other,verdict,4183.0,1,8.339023005744759,STATE_COURT,"Virginia District Court Motion for Judgment, plaintiff represented by GOLDSTEIN EDGAR & REAGAN, judgment for plaintiff, total 4,183.28"
Virginia,York,2023,Personal Injury,Other,verdict,4059.0,1,8.308938252595778,STATE_COURT,"Virginia District Court Motion for Judgment, (York), plaintiff represented by GOLDSTEIN EDGAR & REAGAN, judgment for plaintiff, total 4,059.23"
Virginia,,2023,Personal Injury,Other,verdict,3509.0,1,8.163371316459912,STATE_COURT,"Virginia District Court Motion for Judgment, plaintiff represented by GOLDSTEIN EDGAR & REAGAN, judgment for plaintiff, total 3,508.7"
Virginia,York,2023,Personal Injury,Other,verdict,3502.0,1,8.161375023197486,STATE_COURT,"Virginia District Court Motion for Judgment, (York), plaintiff represented by GOLDSTEIN, EDGAR & REAGAN, judgment for plaintiff, total 3,501.58"
Virginia,,2023,Personal Injury,Other,verdict,3238.0,1,8.08301991917133,STATE_COURT,"Virginia District Court Motion for Judgment, plaintiff represented by GOLDSTEIN EDGAR & REAGAN, judgment for plaintiff, total 3,238.44"
Virginia,York,2023,Personal Injury,Other,verdict,3113.0,1,8.043663352393944,STATE_COURT,"Virginia District Court Motion for Judgment, (York), plaintiff represented by GOLDSTEIN EDGAR & REAGAN, judgment for plaintiff, total 3,112.59"
Virginia,Greene,2023,Personal Injury,Other,verdict,2575.0,1,7.853993087224244,STATE_COURT,"Virginia District Court Motion for Judgment, (Greene), plaintiff represented by ALLEN, ALLEN, ALLEN & ALLEN, judgment for plaintiff, total 2,575, notes: GOD DUE: 03.27.2023 RCVD 03/06/2023"
Virginia,York,2023,Personal Injury,Other,verdict,2498.0,1,7.823645930834952,STATE_COURT,"Virginia District Court Motion for Judgment, (York), plaintiff represented by GOLDSTEIN EDGAR & REAGAN, judgment for plaintiff, total 2,497.94"
Virginia,York,2023,Personal Injury,Other,verdict,2186.0,1,7.690286020676768,STATE_COURT,"Virginia District Court Motion for Judgment, (York), plaintiff represented by GOLDSTEIN EDGAR & REAGAN, judgment for plaintiff, total 2,186.33"
Virginia,Henrico,2023,Personal Injury,Other,verdict,2052.0,1,7.627057417018934,STATE_COURT,"Virginia District Court Motion for Judgment, (Henrico), plaintiff represented by BLANK & MARCUS, judgment for plaintiff, total 2,052"
Virginia,York,2023,Personal Injury,Other,verdict,1990.0,1,7.596392304064196,STATE_COURT,"Virginia District Court Motion for Judgment, (York), plaintiff represented by GOLDSTEIN EDGAR & REAGAN, judgment for plaintiff, total 1,989.95"
Virginia,,2023,Personal Injury,Other,verdict,1910.0,1,7.555381944240273,STATE_COURT,"Virginia District Court Motion for Judgment, plaintiff represented by GOLDSTEIN, EDGAR & REAGAN, judgment for plaintiff, total 1,910.37"
Virginia,York,2023,Personal Injury,Other,verdict,1878.0,1,7.538494999413465,STATE_COURT,"Virginia District Court Motion for Judgment, (York), plaintiff represented by GOLDSTEIN EDGAR & REAGAN, judgment for plaintiff, total 1,877.95"
Virginia,York,2023,Personal Injury,Other,verdict,1571.0,1,7.360103972989152,STATE_COURT,"Virginia District Court Motion for Judgment, (York), plaintiff represented by GOLDSTEIN EDGAR & REAGAN, judgment for plaintiff, total 1,571.44"
Virginia,,2023,Personal Injury,Other,verdict,1441.0,1,7.273786317844895,STATE_COURT,"Virginia District Court Motion for Judgment, plaintiff represented by GOLDSTEIN EDGAR & REAGAN, judgment for plaintiff, total 1,441.17"
Virginia,York,2023,Personal Injury,Other,verdict,1258.0,1,7.138073034044347,STATE_COURT,"Virginia District Court Motion for Judgment, (York), plaintiff represented by GOLDSTEIN, EDGAR & REAGAN, judgment for plaintiff, total 1,257.97"
Virginia,York,2023,Personal Injury,Other,verdict,1242.0,1,7.1252830915107115,STATE_COURT,"Virginia District Court Motion for Judgment, (York), plaintiff represented by GOLDSTEIN EDGAR & REAGAN, judgment for plaintiff, total 1,241.97"
Virginia,,2023,Personal Injury,Other,verdict,914.0,1,6.818924065275521,STATE_COURT,"Virginia District Court Motion for Judgment, plaintiff represented by GOLDSTEIN, EDGAR & REAGAN, judgment for plaintiff, total 914.42"
Virginia,,2023,Personal Injury,Other,verdict,844.0,1,6.739336627357174,STATE_COURT,"Virginia District Court Motion for Judgment, plaintiff represented by GOLDSTEIN, EDGAR & REAGAN, judgment for plaintiff, total 843.65"
Virginia,York,2023,Personal Injury,Other,verdict,802.0,1,6.688354713946762,STATE_COURT,"Virginia District Court Motion for Judgment, (York), plaintiff represented by GOLDSTEIN EDGAR & REAGAN, judgment for plaintiff, total 801.74"
Virginia,,2023,Personal Injury,Other,verdict,731.0,1,6.595780513961311,STATE_COURT,"Virginia District Court Motion for Judgment, plaintiff represented by GOLDSTEIN, EDGAR & REAGAN, judgment for plaintiff, total 730.65"
Virginia,,2023,Personal Injury,Other,verdict,713.0,1,6.570882962339584,STATE_COURT,"Virginia District Court Motion for Judgment, plaintiff represented by GOLDSTEIN, EDGAR & REAGAN, judgment for plaintiff, total 713.18"
Virginia,,2023,Personal Injury,Other,verdict,617.0,1,6.42648845745769,STATE_COURT,"Virginia District Court Motion for Judgment, plaintiff represented by GOLDSTEIN, EDGAR & REAGAN, judgment for plaintiff, total 617.32"
Virginia,,2023,Personal Injury,Other,verdict,605.0,1,6.406879986069314,STATE_COURT,"Virginia District Court Motion for Judgment, plaintiff represented by GOLDSTEIN, EDGAR & REAGAN, judgment for plaintiff, total 605.35"
Virginia,,2023,Personal Injury,Other,verdict,564.0,1,6.336825731146441,STATE_COURT,"Virginia District Court Motion for Judgment, plaintiff represented by GOLDSTEIN, EDGAR & REAGAN, judgment for plaintiff, total 563.99"
Virginia,York,2023,Personal Injury,Other,verdict,520.0,1,6.255750041753367,STATE_COURT,"Virginia District Court Motion for Judgment, (York), plaintiff represented by GOLDSTEIN EDGAR & REAGAN, judgment for plaintiff, total 519.72"
Virginia,,2023,Personal Injury,Other,verdict,360.0,1,5.8888779583328805,STATE_COURT,"Virginia District Court Motion for Judgment, plaintiff represented by GOLDSTEIN, EDGAR & REAGAN, judgment for plaintiff, total 360.26"
Virginia,,2023,Personal Injury,Other,verdict,347.0,1,5.8522024797744745,STATE_COURT,"Virginia District Court Motion for Judgment, plaintiff represented by GOLDSTEIN, EDGAR & REAGAN, judgment for plaintiff, total 346.66"
Virginia,,2023,Personal Injury,Other,verdict,346.0,1,5.849324779946859,STATE_COURT,"Virginia District Court Motion for Judgment, plaintiff represented by GOLDSTEIN EDGAR & REAGAN, judgment for plaintiff, total 345.98"
Virginia,,2023,Personal Injury,Other,verdict,343.0,1,5.840641657373398,STATE_COURT,"Virginia District Court Motion for Judgment, plaintiff represented by GOLDSTEIN,EDGAR & REAGAN, judgment for plaintiff, total 342.75"
Virginia,,2023,Personal Injury,Other,verdict,303.0,1,5.717027701406222,STATE_COURT,"Virginia District Court Motion for Judgment, plaintiff represented by GOLDSTEIN, EDGAR & REAGAN, judgment for plaintiff, total 302.8"
Virginia,,2023,Personal Injury,Other,verdict,274.0,1,5.616771097666572,STATE_COURT,"Virginia District Court Motion for Judgment, plaintiff represented by GOLDSTEIN, EDGAR & REAGAN, judgment for plaintiff, total 274"
California,,2022,Other,Burns,verdict,56000000.0,1,17.840862266556567,CourtListener,That activity has included Victaulic’s success on summary adjudication; success on a court trial for declaratory relief finding a duty to defend and a duty to indemnify; and success on a three-and-a-half-week jury trial for bad faith and punitive damages resulting in a judgment of some $56 million.
Illinois,,2022,Medical Malpractice,Other,verdict,49550000.0,1,17.718492838921904,News,Medical Malpractice jury verdict of $49.5 million in Illinois.
Florida,,2022,Motorcycle Accident,Wrongful Death,settlement,44000000.0,0,17.599700214609808,CourtListener,"The case went to trial on damages, and the jury returned a verdict in favor of Aloia in excess of $44 million."
California,,2022,Workplace Injury,Spinal Cord Injury,settlement,30000000.0,0,17.216707972959764,News,"Santa Barbara, California Gary Dordick $30 million settlement for Jonathan Brock, whose life was forever changed when the mast of a special forklift fell on top of him. The mast fell because screws necessary to bolt the mast to the frame were missing. Brock's active problem list included paralysis, injury of."
Pennsylvania,,2022,Other,Other,verdict,25000000.0,1,17.034386422832473,News,Other jury verdict of $25.0 million in Pennsylvania.
Nevada,Clark,2022,Car Accident,Wrongful Death,settlement,21000000.0,0,16.860033043306743,Las Vegas Review-Journal,"Disclosed portion of settlements arising from a May 2019 DUI crash in the Summerlin area of Las Vegas: driver Scott Gragson crashed his Range Rover into trees, killing passenger Melissa Newton, a 36-year-old mother of three. The Newton family settlement was disclosed at $21 million in February 2022; other injured passengers settled for confidential amounts."
Ohio,,2022,Bus Accident,Other,settlement,20000000.0,0,16.811242881518265,CourtListener,"A jury found that Brandt was entitled to a total-damages award that included $20 million in compensatory damages for noneconomic loss against appellee, Roy Pompa, who sexually abused Brandt when she was a child."
Nevada,Clark,2022,Bicycle Accident,Multiple Injuries,verdict,14126608.0,1,16.463570740013783,Courtroom View Network trial coverage,"Cyclist struck in 2016 by an SUV driven on behalf of a Las Vegas club; severe and permanent shoulder, neck and chest injuries requiring four surgeries. Clark County jury found the cyclist zero percent at fault and awarded $14.1 million in May 2022 in a case where the defense had made no settlement offer: approximately $2.13 million past medical, $3 million past pain and suffering, and $9 million future pain and suffering."
Texas,,2022,Medical Malpractice,Traumatic Brain Injury,verdict,11560000.0,1,16.263061507713694,News,"Patient discharged after cervical fusion developed a neck hematoma, suffered a compromised airway, and experienced anoxic brain injury."
Washington,,2022,Car Accident,Back Injury,settlement,10042294.81,0,16.122316312422356,CourtListener,"UNITED STATES At a separate trial to address damages, the district court awarded $10,042."
Nevada,Clark,2022,Truck Accident,Neck Injury,verdict,8000000.0,1,15.894952224644102,Courtroom View Network trial coverage,"Rear-end collision on the US 95 corridor in Las Vegas in 2014: a FedEx driver failed to brake properly and struck Naddia Dhalai's vehicle, causing neck and back injuries. Clark County jury awarded $8 million in August 2022, including $5 million for future medical care, after the plaintiff rejected a $1.8 million pretrial settlement offer."
Nevada,Clark,2022,Car Accident,Wrongful Death,verdict,7200000.0,1,15.789591722875162,Courtroom View Network trial coverage,"Wrongful death verdict for the parents of 19-year-old Mikayla Cifuni, killed in 2017 when a flooring-company van traveling approximately 65 mph rear-ended her vehicle in Clark County. The jury's $7.2 million compensatory award in March 2022 followed a pretrial defense offer of only $100,000."
Georgia,Fulton,2022,Motorcycle Accident,Multiple Injuries,verdict,6397178.0,1,15.671367669907289,News,"A MARTA bus collided with a motorcyclist who was ejected from his bike. The Fulton County jury returned a $6,397,178 verdict, apportioning 90 percent of the fault to the defendants."
Ohio,,2022,Premises Liability,Wrongful Death,verdict,6000000.0,1,15.607270193858982,News,"Power company failed to respond to a fallen branch on an electric line, causing a fatal fire from smoke inhalation."
Florida,,2022,Other,Wrongful Death,settlement,5600000.0,0,15.53827733427679,CourtListener,"The next year, Gore served proposals for settlement (“PFS 1”) on both Philip Morris and Reynolds, offering to resolve all claims in the amount of $250."
Vermont,,2022,Medical Malpractice,Soft Tissue Injury,verdict,5250000.0,1,15.473738825043979,News,Doctor used his own sperm in artificial insemination without the patient's knowledge or consent.
Pennsylvania,PA (statewide list),2022,Truck Accident,Broken Bones,verdict,4600000.0,1,15.341567078850604,TopVerdict,"A truck driver who had exited his own vehicle to help was crushed against a fence when a tractor-trailer lurched forward outside a Reading store, fracturing his pelvis and sacrum. The jury set total damages at $4.6 million, reduced to about $2.53 million for comparative fault before delay damages."
Georgia,Georgia,2022,Car Accident,Traumatic Brain Injury,verdict,3400000.0,1,15.039286283703994,TopVerdict,"A rideshare passenger suffered permanent brain damage in a broadside collision. The jury awarded $3.4 million, above the $1 million rideshare policy."
Colorado,,2022,Car Accident,Broken Bones,verdict,3055000.0,1,14.932290477920022,News,Nine-year-old injured in an auto collision with a permanent rib injury. Jury verdict plus interest doubled the recovery.
Nebraska,,2022,Pedestrian Accident,Broken Bones,verdict,3000000.0,1,14.914123179965662,News,Pedestrian Accident jury verdict of $3.0 million in Nebraska.
California,,2022,Medical Malpractice,Wrongful Death,verdict,3000000.0,1,14.914123179965662,News,"Telenurse failed to escalate symptoms of pneumonia. Patient developed septic shock, kidney failure, and ultimately died from the missed diagnosis."
Michigan,,2022,Medical Malpractice,Soft Tissue Injury,verdict,2745000.0,1,14.825291997224427,News,Patient developed vocal cord paralysis after cervical spine fusion surgery.
Pennsylvania,Philadelphia,2022,Car Accident,Neck Injury,verdict,2670000.0,1,14.797589404908198,News,"A Philadelphia police cruiser ran a red light and struck the plaintiff's car, breaking his neck in three places. The jury awarded $2.67 million in April 2022, though Pennsylvania's Tort Claims Act caps municipal liability at $500,000."
New York,,2022,Medical Malpractice,Traumatic Brain Injury,verdict,2550000.0,1,14.751604309291395,News,"ER physicians misinterpreted CT scan, missing signs of stroke. Patient developed hydrocephalus and required a craniectomy."
Illinois,,2022,Medical Malpractice,Wrongful Death,verdict,1365000.0,1,14.126665719201661,News,Medical Malpractice jury verdict of $1.4 million in Illinois.
Pennsylvania,,2022,Premises Liability,Broken Bones,verdict,1278000.0,1,14.060807696391924,News,Restaurant slip-and-fall resulted in fractured teeth and ankle. Jury verdict for the plaintiff.
Ohio,,2022,Car Accident,Back Injury,verdict,1275000.0,1,14.058457520888082,News,Rear-end collision led to a lawsuit against both the driver and a tree removal company.
New York,,2022,Medical Malpractice,Wrongful Death,settlement,1000000.0,0,13.815511557963774,News,Physician failed to timely diagnose stage IV fallopian tube cancer. Patient died after the delayed diagnosis eliminated treatment options.
Pennsylvania,PA (statewide list),2022,Car Accident,Multiple Injuries,verdict,1000000.0,1,13.815511557963774,TopVerdict,"An underinsured motorist claim tried against the plaintiff's own insurance carrier after a collision involving a truck. The jury returned a $1,000,000 verdict."
Mississippi,,2022,Premises Liability,Wrongful Death,verdict,1000000.0,1,13.815511557963774,CourtListener,The jury found that the City had violated Ruth Harrion’s constitutional due process rights under § 1983 and awarded $1 million in damages.
Pennsylvania,PA (statewide list),2022,Truck Accident,Wrongful Death,settlement,950000.0,0,13.76421831620775,TopVerdict,"Wrongful death settlement in a fatal collision involving a truck, with vicarious liability claims against the driver's employer. The estate settled for $950,000."
Pennsylvania,Allegheny,2022,Car Accident,Multiple Injuries,verdict,900000.0,1,13.710151153416941,TopVerdict,"A 77-year-old woman stopped in traffic on Route 22 in Monroeville was rear-ended by a driver traveling about 40 mph, leaving her with permanent inner ear vestibular damage. The $900,000 Allegheny County verdict was twelve times the insurer's top pretrial offer of $75,000."
Pennsylvania,PA (statewide list),2022,Car Accident,Wrongful Death,settlement,897000.0,0,13.706812255867513,TopVerdict,"Fatal head-on collision involving a drunk driver, with negligent entrustment and gross negligence claims. The wrongful death case settled for $897,000."
Texas,,2022,Workplace Injury,Other,verdict,870861.08,1,13.677238896568575,CourtListener,The trial court signed a final judgment against Oncor awarding Victor and Oscar damages and prejudgment interest totaling $532.
Ohio,,2022,Bus Accident,Wrongful Death,verdict,782196.0,1,13.569861905959964,CourtListener,"McNelis”), and Thomas Crain (“Thomas”) (collectively, the “plaintiffs”), appeal the October 27, 2021, judgment entry of the Trumbull County Court of Common Pleas, Probate Division, assessing damages of $2,038 against appellee Frederick Crain (“Frederick”) and the court’s December 2, 2021, judgmen."
Pennsylvania,PA (statewide list),2022,Car Accident,Wrongful Death,settlement,775000.0,0,13.560619598657233,TopVerdict,"A fatal single-vehicle crash blamed on a dangerous roadway condition that PennDOT allegedly failed to maintain. The wrongful death claim settled for $775,000."
Ohio,,2022,Other,Wrongful Death,verdict,750000.0,1,13.527829818844937,CourtListener,The jury returned a verdict in favor of Molai on the breach of contract claim and awarded him damages of $750.
Pennsylvania,PA (statewide list),2022,Pedestrian Accident,Wrongful Death,settlement,715000.0,0,13.480039220276565,TopVerdict,"A pedestrian was struck and killed by a truck, with vicarious liability claims against the driver's employer. The wrongful death case settled for $715,000."
Utah,,2022,Car Accident,Wrongful Death,settlement,650000.0,0,13.384729180332174,CourtListener,"In pretrial litigation in the district court, he disclosed over $650,000 in medical damages and claimed total damages in the millions."
New York,Niagara,2022,Car Accident,Shoulder Injury,verdict,550000.0,1,13.217675375388819,STATE_COURT,"T-intersection collision causing a torn shoulder labrum requiring arthroscopic repair, post-traumatic AC joint arthritis, and permanent range-of-motion restrictions. $550,000 pain and suffering award, subject to a 25 percent liability reduction."
Ohio,,2022,Bus Accident,Wrongful Death,settlement,531488.13,0,13.183438025002793,CourtListener,The parties stipulated to the negligence of Held as causing the death of Yoli and the matter was tried on the issue of damages only and the jury awarded $531.
Michigan,,2022,Car Accident,Other,settlement,500000.0,0,13.122365377402328,News,Delivery company driver caused injuries in an auto accident.
Pennsylvania,PA (statewide list),2022,Pedestrian Accident,Wrongful Death,settlement,500000.0,0,13.122365377402328,TopVerdict,"A pedestrian was struck and killed by a bus in a single-vehicle collision. The wrongful death claim settled for $500,000."
Illinois,,2022,Premises Liability,Other,verdict,490000.0,1,13.102162710901053,News,"Lowe's customer struck by a metal rod, developing complex regional pain syndrome."
Pennsylvania,PA (statewide list),2022,Pedestrian Accident,Wrongful Death,settlement,475000.0,0,13.07107218827772,TopVerdict,"A pedestrian was struck and killed by a vehicle, with the claim also alleging a dangerous condition on the premises. The wrongful death case settled for $475,000."
Arizona,,2022,Car Accident,Back Injury,verdict,460000.0,1,13.038983942375959,News,T-boned at intersection causing C5-C7 bulges and wrist nerve compression. Required cervical fusion and carpal tunnel release surgery.
Ohio,,2022,Car Accident,Back Injury,verdict,411364.06,1,12.927236323085285,CourtListener,"Because East Cleveland has stated that some records are no longer available, Crenshaw also claims damages for spoliation and forfeiture of records, along with statutory damages pursuant to R."
Michigan,,2022,Premises Liability,Other,settlement,400000.0,0,12.899222326086994,News,Zipline accident at a residential property caused injuries.
New York,,2022,Medical Malpractice,Soft Tissue Injury,settlement,350000.0,0,12.765691290604371,News,Newborn with undiagnosed mastoiditis and cholesteatoma suffered total hearing loss and facial paralysis from delayed treatment.
Michigan,,2022,Premises Liability,Other,verdict,330000.0,1,12.706850963741102,News,Head and neck injuries caused by dangerous premises conditions.
Virginia,,2022,Truck Accident,Wrongful Death,settlement,312413.0,0,12.652084510284125,CourtListener,"Truck Accident settlement of $312,413 in Virginia."
Indiana,,2022,Medical Malpractice,Other,verdict,300000.0,1,12.611541086966115,News,Excessive radiation exposure during treatment caused vaginal and rectal necrosis.
California,,2022,Premises Liability,Soft Tissue Injury,verdict,297000.0,1,12.601490784782536,News,"Minor attacked by a dog on the defendant's leased property, suffering serious bite injuries requiring medical treatment."
New York,,2022,Car Accident,Back Injury,verdict,250000.0,1,12.429220196836383,News,"Sideswiped at an intersection, causing spinal injuries with limited range of motion and neurological damage."
Florida,,2022,Bus Accident,Wrongful Death,settlement,247000.0,0,12.417147664184915,CourtListener,"The jury was instructed, deliberated, and awarded the estate $247,000 in damages."
Tennessee,,2022,Bus Accident,Back Injury,verdict,243000.0,1,12.400820837540556,CourtListener,"M2021-01335-COA-R3-CV This is an appeal from a jury verdict holding a real estate agent liable for common law negligence, intentional misrepresentation and fraud, negligent misrepresentation, and violation of the Tennessee Real Estate Broker License Act for his failure to disclose flooding and wa."
Pennsylvania,PA (statewide list),2022,Car Accident,Traumatic Brain Injury,verdict,190000.0,1,12.154784614286667,TopVerdict,"A head-on collision case tried to a jury verdict of $190,000. TopVerdict classifies the plaintiff's injuries as including a brain injury."
Virginia,,2022,Car Accident,Soft Tissue Injury,verdict,186312.0,1,12.135183334080027,News,Vehicle collision near an intersection caused motor vehicle injuries.
Arizona,,2022,Car Accident,Soft Tissue Injury,verdict,180000.0,1,12.100717685412471,News,Rear-ended by police officer at red light. Negligence claim against City of Scottsdale.
Pennsylvania,PA (statewide list),2022,Car Accident,Multiple Injuries,verdict,175000.0,1,12.07254696717504,TopVerdict,"An underinsured motorist and insurance breach of contract claim following a head-on collision. The jury awarded $175,000 against the insurer."
Pennsylvania,PA (statewide list),2022,Car Accident,Wrongful Death,settlement,160000.0,0,11.982935344196433,TopVerdict,"A fatal two-party car accident in which the at-fault driver also died, with the claim brought against that driver's estate. The wrongful death case settled for $160,000."
Pennsylvania,PA (statewide list),2022,Pedestrian Accident,Wrongful Death,settlement,130000.0,0,11.775297421715827,TopVerdict,"A pedestrian was struck and killed by a vehicle in a single-vehicle collision. The wrongful death claim settled for $130,000."
Texas,,2022,Slip and Fall,Soft Tissue Injury,verdict,129887.0,1,11.774427819638625,News,"Customer slipped on a hazardous floor condition at a Church's Chicken restaurant, sustaining injuries requiring medical treatment."
Pennsylvania,,2022,Bus Accident,Soft Tissue Injury,verdict,105000.0,1,11.561725152903833,News,"SEPTA bus passenger thrown when the driver braked suddenly, causing soft tissue injuries."
Indiana,,2022,Car Accident,Soft Tissue Injury,verdict,100000.0,1,11.51293546492023,News,"Police officer rear-ended while on duty, sustaining soft tissue injuries."
South Carolina,,2022,Medical Malpractice,Other,verdict,100000.0,1,11.51293546492023,News,Dermatologist misdiagnosed basal cell carcinoma.
Tennessee,,2022,Truck Accident,Back Injury,settlement,75000.0,0,11.225256725762893,CourtListener,"M2020-01063-COA-R3-CV ___________________________________ Following a two-vehicle car accident in DeKalb County, Tennessee, between plaintiff James E."
Louisiana,,2022,Bus Accident,Back Injury,verdict,70000.0,1,11.156264806643742,CourtListener,"This initiated the parties’ physical separation, and thereafter divorce and child custody litigation ensued."
Virginia,Frederick,2022,Personal Injury,Other,verdict,50299.0,1,10.82576035608783,STATE_COURT,"Virginia District Court Motion for Judgment, (Frederick), plaintiff represented by MARKS & HARRISON, judgment for plaintiff, total 50,299"
Virginia,Norfolk,2022,Personal Injury,Other,verdict,50087.0,1,10.821536737425147,STATE_COURT,"Virginia District Court Motion for Judgment, (Norfolk), plaintiff represented by RUTTER MILLS, LLP, judgment for plaintiff, total 50,087"
Virginia,Albemarle,2022,Personal Injury,Other,verdict,50084.0,1,10.821476841045865,STATE_COURT,"Virginia District Court Motion for Judgment, (Albemarle), plaintiff represented by ALLEN, ALLEN, ALLEN & ALLEN, total 50,084, notes: TRANSFER TO CIRCUIT"
Virginia,Norfolk,2022,Personal Injury,Other,verdict,50065.0,1,10.821097413976181,STATE_COURT,"Virginia District Court Motion for Judgment, (Norfolk), plaintiff represented by RUTTER MILLS, LLP, judgment for plaintiff, total 50,065"
Virginia,Richmond,2022,Personal Injury,Other,verdict,50064.0,1,10.821077440141902,STATE_COURT,"Virginia District Court Motion for Judgment, (Richmond), plaintiff represented by MARKS & HARRISON, judgment for plaintiff, total 50,064"
Virginia,Stafford,2022,Personal Injury,Other,verdict,50055.0,1,10.820897657678199,STATE_COURT,"Virginia District Court Motion for Judgment, (Stafford), plaintiff represented by ALLEN ALLEN ALLEN & ALLEN, judgment for plaintiff, total 50,055, notes: STATUS"
Virginia,Richmond,2022,Personal Injury,Other,verdict,50052.0,1,10.820837723006973,STATE_COURT,"Virginia District Court Motion for Judgment, (Richmond), plaintiff represented by TRONFELD, WEST, judgment for transfer/change of venue, total 50,052, notes: TRANSFERED TO NORTHUMBERLAND COUNTY GDC"
Virginia,Richmond,2022,Personal Injury,Other,verdict,50052.0,1,10.820837723006973,STATE_COURT,"Virginia District Court Motion for Judgment, (Richmond), plaintiff represented by TRONFELD, WEST, judgment for transfer/change of venue, total 50,052, notes: TRANSFERRED TO HANOVER COUNTY GDC"
Virginia,Richmond,2022,Personal Injury,Other,verdict,50052.0,1,10.820837723006973,STATE_COURT,"Virginia District Court Motion for Judgment, (Richmond), plaintiff represented by TRONFELD, WEST, judgment for transfer/change of venue, total 50,052"
Virginia,Richmond,2022,Personal Injury,Other,verdict,50052.0,1,10.820837723006973,STATE_COURT,"Virginia District Court Motion for Judgment, (Richmond), plaintiff represented by TRONFELD, WEST, judgment for other, total 50,052, notes: NON SUIT AS TO JOHN DOE; DISMISSED W/ PREJUDICE AS TO SANCHEZ"
Virginia,Richmond,2022,Personal Injury,Other,verdict,50052.0,1,10.820837723006973,STATE_COURT,"Virginia District Court Motion for Judgment, (Richmond), plaintiff represented by TRONFELD, WEST, judgment for plaintiff, total 50,052"
Virginia,Richmond,2022,Personal Injury,Other,verdict,50052.0,1,10.820837723006973,STATE_COURT,"Virginia District Court Motion for Judgment, (Richmond), plaintiff represented by TRONFELD, WEST, judgment for transfer/change of venue, total 50,052"
Virginia,Richmond,2022,Personal Injury,Other,verdict,50052.0,1,10.820837723006973,STATE_COURT,"Virginia District Court Motion for Judgment, (Richmond), plaintiff represented by TRONFELD, WEST, judgment for transfer/change of venue, total 50,052, notes: TRANSFERRED TO BUCKINGHAM GENERAL DISTRICT COURT"
Virginia,Henrico,2022,Personal Injury,Other,verdict,50052.0,1,10.820837723006973,STATE_COURT,"Virginia District Court Motion for Judgment, (Henrico), plaintiff represented by BLANK & MARCUS, judgment for other, total 50,052"
Virginia,Richmond,2022,Personal Injury,Other,verdict,50052.0,1,10.820837723006973,STATE_COURT,"Virginia District Court Motion for Judgment, (Richmond), plaintiff represented by TRONFELD, WEST, judgment for transfer/change of venue, total 50,052, notes: TRANSFER TO HANOVER GENERAL DISTRICT COURT"
Virginia,Richmond,2022,Personal Injury,Other,verdict,50052.0,1,10.820837723006973,STATE_COURT,"Virginia District Court Motion for Judgment, (Richmond), plaintiff represented by TRONFELD, WEST, judgment for transfer/change of venue, total 50,052, notes: TRANSFERRED TO HENRICO COUNTY GDC"
Virginia,Richmond,2022,Personal Injury,Other,verdict,50052.0,1,10.820837723006973,STATE_COURT,"Virginia District Court Motion for Judgment, (Richmond), plaintiff represented by TRONFELD, WEST, judgment for transfer/change of venue, total 50,052, notes: TRANSFER TO CHESTERFIELD COUNTY GDC"
Virginia,Henrico,2022,Personal Injury,Other,verdict,50052.0,1,10.820837723006973,STATE_COURT,"Virginia District Court Motion for Judgment, (Henrico), plaintiff represented by MARKS & HARRISON, judgment for plaintiff, total 50,052"
Virginia,Henrico,2022,Personal Injury,Other,verdict,50052.0,1,10.820837723006973,STATE_COURT,"Virginia District Court Motion for Judgment, (Henrico), plaintiff represented by TRONFELD WEST, total 50,052"
Virginia,Stafford,2022,Personal Injury,Other,verdict,50000.0,1,10.819798284210286,STATE_COURT,"Virginia District Court Motion for Judgment, (Stafford), plaintiff represented by ALLEN ALLEN ALLEN & ALLEN, total 50,000"
Virginia,Petersburg,2022,Personal Injury,Other,verdict,50000.0,1,10.819798284210286,STATE_COURT,"Virginia District Court Motion for Judgment, (Petersburg), plaintiff represented by ALLEN & ALLEN, total 50,000"
Virginia,Petersburg,2022,Personal Injury,Other,verdict,49577.0,1,10.81130246592924,STATE_COURT,"Virginia District Court Motion for Judgment, (Petersburg), plaintiff represented by MARKS & HARRISON, judgment for plaintiff, total 49,577"
Virginia,Richmond,2022,Personal Injury,Other,verdict,48564.0,1,10.790658385836432,STATE_COURT,"Virginia District Court Motion for Judgment, (Richmond), plaintiff represented by TRONFELD, WEST, judgment for plaintiff, total 48,564"
Virginia,Richmond,2022,Personal Injury,Other,verdict,45052.0,1,10.715594853494096,STATE_COURT,"Virginia District Court Motion for Judgment, (Richmond), plaintiff represented by ALLEN & ALLEN, judgment for plaintiff, total 45,052"
Virginia,Spotsylvania,2022,Personal Injury,Other,verdict,45052.0,1,10.715594853494096,STATE_COURT,"Virginia District Court Motion for Judgment, (Spotsylvania), plaintiff represented by ALLEN & ALLEN, judgment for plaintiff, total 45,052"
Virginia,Richmond,2022,Personal Injury,Other,verdict,44638.0,1,10.706363195370585,STATE_COURT,"Virginia District Court Motion for Judgment, (Richmond), plaintiff represented by TRONFELD, WEST, judgment for plaintiff, total 44,638"
Utah,,2022,Car Accident,Traumatic Brain Injury,verdict,44002.0,1,10.692013092394305,News,Arbitration award for a rear-end collision at an intersection. Defendant was on a suspended license and plaintiff suffered concussive headaches.
Virginia,Richmond,2022,Personal Injury,Other,verdict,42184.0,1,10.649819986599727,STATE_COURT,"Virginia District Court Motion for Judgment, (Richmond), plaintiff represented by TRONFELD, WEST, judgment for plaintiff, total 42,184"
Virginia,Richmond,2022,Personal Injury,Other,verdict,41064.0,1,10.622911456174293,STATE_COURT,"Virginia District Court Motion for Judgment, (Richmond), plaintiff represented by TRONFELD, WEST, judgment for plaintiff, total 41,064"
Virginia,Goochland,2022,Personal Injury,Other,verdict,40966.0,1,10.620522143549415,STATE_COURT,"Virginia District Court Motion for Judgment, (Goochland), plaintiff represented by BLANK & MARCUS, LLC., judgment for plaintiff, total 40,966.16"
Virginia,Mecklenburg,2022,Personal Injury,Other,verdict,40079.0,1,10.598632735758747,STATE_COURT,"Virginia District Court Motion for Judgment, (Mecklenburg), plaintiff represented by ALLEN ALLEN ALLEN & ALLEN, judgment for plaintiff, total 40,079"
Virginia,,2022,Personal Injury,Other,verdict,40062.0,1,10.598208494084364,STATE_COURT,"Virginia District Court Motion for Judgment, plaintiff represented by ALLEN ALLEN ALLEN & ALLEN, judgment for plaintiff, total 40,062"
Virginia,Hopewell,2022,Personal Injury,Other,verdict,38750.0,1,10.564911840900125,STATE_COURT,"Virginia District Court Motion for Judgment, (Hopewell), plaintiff represented by MARKS & HARRISON, judgment for plaintiff, total 38,750, notes: GD  11/14/22"
Virginia,Norfolk,2022,Personal Injury,Other,verdict,38171.0,1,10.549857541537145,STATE_COURT,"Virginia District Court Motion for Judgment, (Norfolk), plaintiff represented by MARKS & HARRISON, judgment for plaintiff, total 38,170.5"
Virginia,Henrico,2022,Personal Injury,Other,verdict,38052.0,1,10.546735203808643,STATE_COURT,"Virginia District Court Motion for Judgment, (Henrico), plaintiff represented by ALLEN & ALLEN, judgment for plaintiff, total 38,052"
Virginia,Henrico,2022,Personal Injury,Other,verdict,37552.0,1,10.533508547476334,STATE_COURT,"Virginia District Court Motion for Judgment, (Henrico), plaintiff represented by TRONFELD WEST, judgment for plaintiff, total 37,552, notes: GD RCVD 022723, DEF ATTY PRESENT AT TRIAL"
Missouri,,2022,Car Accident,Wrongful Death,verdict,37000.0,1,10.518700218288165,CourtListener,"Additionally, the Overbeys paid a To avoid confusion, we refer to the court that issued the judgment being appealed here as “the trial court”; we refer to the court that heard the underlying MMPA case as “the MMPA court."
Colorado,,2022,Car Accident,Soft Tissue Injury,verdict,35979.0,1,10.490718507504525,News,"Swerve collision resulting in $15,000 for pain and suffering with the remainder covering economic damages."
Illinois,,2022,Car Accident,Whiplash,verdict,35201.0,1,10.468858178153916,News,Rear-end collision caused by defendant who was texting while driving.
Virginia,Virginia Beach,2022,Personal Injury,Other,verdict,35068.0,1,10.465072828327909,STATE_COURT,"Virginia District Court Motion for Judgment, (Virginia Beach), plaintiff represented by RUTTER MILLS, judgment for plaintiff, total 35,068"
Virginia,Spotsylvania,2022,Personal Injury,Other,verdict,35064.0,1,10.46495876097101,STATE_COURT,"Virginia District Court Motion for Judgment, (Spotsylvania), plaintiff represented by MARKS & HARRISON, judgment for plaintiff, total 35,064"
Virginia,Richmond,2022,Personal Injury,Other,verdict,35052.0,1,10.464616480811362,STATE_COURT,"Virginia District Court Motion for Judgment, (Richmond), plaintiff represented by TRONFELD, WEST, judgment for other, total 35,052"
Virginia,Hopewell,2022,Personal Injury,Other,verdict,35000.0,1,10.463131911491967,STATE_COURT,"Virginia District Court Motion for Judgment, (Hopewell), plaintiff represented by MARKS & HARRISON, judgment for plaintiff, total 35,000, notes: GD 6/8/22"
Virginia,Norfolk,2022,Personal Injury,Other,verdict,34583.0,1,10.451146426347467,STATE_COURT,"Virginia District Court Motion for Judgment, (Norfolk), plaintiff represented by KALFUS & NACHMAN, judgment for plaintiff, total 34,583"
Virginia,Richmond,2022,Personal Injury,Other,verdict,31088.0,1,10.344609337852328,STATE_COURT,"Virginia District Court Motion for Judgment, (Richmond), plaintiff represented by TRONFELD, WEST, judgment for plaintiff, total 31,088"
Virginia,Fairfax,2022,Personal Injury,Other,verdict,31040.0,1,10.34306419027306,STATE_COURT,"Virginia District Court Motion for Judgment, (Fairfax), plaintiff represented by HUSTON & ANGUS, judgment for plaintiff, total 31,039.85"
Virginia,Norfolk,2022,Personal Injury,Other,verdict,30455.0,1,10.324038298062334,STATE_COURT,"Virginia District Court Motion for Judgment, (Norfolk), plaintiff represented by KALFUS & NACHMAN, judgment for plaintiff, total 30,455.24"
Virginia,Petersburg,2022,Personal Injury,Other,verdict,30370.0,1,10.321243484728525,STATE_COURT,"Virginia District Court Motion for Judgment, (Petersburg), plaintiff represented by MARKS & HARRISON, judgment for plaintiff, total 30,370.19"
Virginia,Norfolk,2022,Personal Injury,Other,verdict,30349.0,1,10.320551796487644,STATE_COURT,"Virginia District Court Motion for Judgment, (Norfolk), plaintiff represented by KALFUS & NACHMAN, judgment for plaintiff, total 30,349"
Virginia,Norfolk,2022,Personal Injury,Other,verdict,30346.0,1,10.3204529448145,STATE_COURT,"Virginia District Court Motion for Judgment, (Norfolk), plaintiff represented by KALFUS & NACHMAN, judgment for plaintiff, total 30,346"
Virginia,Petersburg,2022,Personal Injury,Other,verdict,30065.0,1,10.311150244187779,STATE_COURT,"Virginia District Court Motion for Judgment, (Petersburg), plaintiff represented by BLANK & MARCUS, judgment for plaintiff, total 30,065"
Virginia,Henrico,2022,Personal Injury,Other,verdict,30052.0,1,10.31071776859096,STATE_COURT,"Virginia District Court Motion for Judgment, (Henrico), plaintiff represented by TRONFELD WEST & DURRETT, judgment for plaintiff, total 30,052, notes: G/D REC 4/4/22"
Virginia,Roanoke City,2022,Personal Injury,Other,verdict,29824.0,1,10.303102246966116,STATE_COURT,"Virginia District Court Motion for Judgment, (Roanoke City), plaintiff represented by ALLEN ALLEN ALLEN & ALLEN, judgment for plaintiff, total 29,824"
Virginia,Richmond,2022,Personal Injury,Other,verdict,29170.0,1,10.280930344070526,STATE_COURT,"Virginia District Court Motion for Judgment, (Richmond), plaintiff represented by TRONFELD, WEST, judgment for plaintiff, total 29,170.04"
Virginia,Henrico,2022,Personal Injury,Other,verdict,29052.0,1,10.276877027171807,STATE_COURT,"Virginia District Court Motion for Judgment, (Henrico), plaintiff represented by ALLEN ALLEN, judgment for plaintiff, total 29,052, notes: MJ FILED ;GDS  RCV'D 10/31"
Virginia,Fairfax,2022,Personal Injury,Other,verdict,28489.0,1,10.257308427491955,STATE_COURT,"Virginia District Court Motion for Judgment, (Fairfax), plaintiff represented by HUSTON & ANGUS, judgment for plaintiff, total 28,488.94"
Virginia,Henrico,2022,Personal Injury,Other,verdict,28052.0,1,10.241850857103556,STATE_COURT,"Virginia District Court Motion for Judgment, (Henrico), plaintiff represented by MARKS & HARRISON, judgment for plaintiff, total 28,052, notes: DEF APPEARED BY COUNSEL"
Virginia,Henrico,2022,Personal Injury,Other,verdict,27552.0,1,10.223866701574616,STATE_COURT,"Virginia District Court Motion for Judgment, (Henrico), plaintiff represented by MARKS & HARRISON, judgment for plaintiff, total 27,552"
Virginia,Fairfax,2022,Personal Injury,Other,verdict,26188.0,1,10.173094754260378,STATE_COURT,"Virginia District Court Motion for Judgment, (Fairfax), plaintiff represented by HUSTON & ANGUS, judgment for plaintiff, total 26,187.94"
Virginia,Spotsylvania,2022,Personal Injury,Other,verdict,25052.0,1,10.12874885982134,STATE_COURT,"Virginia District Court Motion for Judgment, (Spotsylvania), plaintiff represented by ALLEN & ALLEN, judgment for plaintiff, total 25,052"
Indiana,,2022,Car Accident,Back Injury,verdict,25000.0,1,10.12667110305036,News,"Police officer rear-ended by an underinsured driver, sustaining disc damage."
Ohio,,2022,Premises Liability,Other,verdict,25000.0,1,10.12667110305036,CourtListener,"” For his injuries and other damages, Twymon sought to recover compensatory damages in excess of $25,000, punitive damages, attorney fees and his “costs and expenses."
Delaware,,2022,Medical Malpractice,Back Injury,settlement,24345.4,0,10.100139273638238,CourtListener,"Nevertheless, the jury returned a verdict of $."
Virginia,Emporia,2022,Personal Injury,Other,verdict,24062.0,1,10.088430670035034,STATE_COURT,"Virginia District Court Motion for Judgment, (Emporia), plaintiff represented by ALLEN ALLEN ALLEN & ALLEN, judgment for plaintiff, total 24,062"
Virginia,Fairfax,2022,Personal Injury,Other,verdict,23662.0,1,10.071667925775051,STATE_COURT,"Virginia District Court Motion for Judgment, (Fairfax), plaintiff represented by HUSTON & ANGUS, judgment for plaintiff, total 23,662.35"
Virginia,Fairfax,2022,Personal Injury,Other,verdict,23423.0,1,10.061516416761037,STATE_COURT,"Virginia District Court Motion for Judgment, (Fairfax), plaintiff represented by HUSTON & ANGUS, judgment for plaintiff, total 23,422.79"
Virginia,Fairfax,2022,Personal Injury,Other,verdict,22891.0,1,10.038542783528992,STATE_COURT,"Virginia District Court Motion for Judgment, (Fairfax), plaintiff represented by HUSTON & ANGUS, judgment for plaintiff, total 22,890.89"
Rhode Island,,2022,Medical Malpractice,Back Injury,verdict,22889.52,1,10.038478130032395,CourtListener,"After a two-day trial, the jury awarded the plaintiff damages in the amount of $22."
Virginia,Fairfax,2022,Personal Injury,Other,verdict,22807.0,1,10.034866630592507,STATE_COURT,"Virginia District Court Motion for Judgment, (Fairfax), plaintiff represented by HUSTON & ANGUS, judgment for plaintiff, total 22,806.51"
Virginia,Fairfax,2022,Personal Injury,Other,verdict,22069.0,1,10.001974499250782,STATE_COURT,"Virginia District Court Motion for Judgment, (Fairfax), plaintiff represented by HUSTON & ANGUS, judgment for plaintiff, total 22,068.5"
Virginia,Richmond,2022,Personal Injury,Other,verdict,22068.0,1,10.00192918784816,STATE_COURT,"Virginia District Court Motion for Judgment, (Richmond), plaintiff represented by ALLEN, ALLEN, judgment for plaintiff, total 22,068"
Virginia,Prince William,2022,Personal Injury,Other,verdict,22062.0,1,10.001657276308372,STATE_COURT,"Virginia District Court Motion for Judgment, (Prince William), plaintiff represented by ALLEN ALLEN ALLEN & ALLEN, judgment for plaintiff, total 22,062"
Virginia,Fairfax,2022,Personal Injury,Other,verdict,20207.0,1,9.913833844590272,STATE_COURT,"Virginia District Court Motion for Judgment, (Fairfax), plaintiff represented by HUSTON & ANGUS, judgment for plaintiff, total 20,207.11"
Virginia,Fairfax,2022,Personal Injury,Other,verdict,20122.0,1,9.909618718466369,STATE_COURT,"Virginia District Court Motion for Judgment, (Fairfax), plaintiff represented by HUSTON & ANGUS, judgment for plaintiff, total 20,121.92"
Virginia,Henrico,2022,Personal Injury,Other,verdict,20104.0,1,9.908723819331374,STATE_COURT,"Virginia District Court Motion for Judgment, (Henrico), plaintiff represented by TRONFELD WEST, judgment for plaintiff, total 20,104"
Virginia,Richmond,2022,Personal Injury,Other,verdict,20064.0,1,9.906732282701016,STATE_COURT,"Virginia District Court Motion for Judgment, (Richmond), plaintiff represented by ALLEN, ALLEN, judgment for other, total 20,064, notes: JUDGMENT VACATED & DISMISSED AS TO K. MERICLE"
Virginia,Richmond,2022,Personal Injury,Other,verdict,20052.0,1,9.906134047477034,STATE_COURT,"Virginia District Court Motion for Judgment, (Richmond), plaintiff represented by ALLEN, ALLEN, judgment for plaintiff, total 20,052"
Virginia,Richmond,2022,Personal Injury,Other,verdict,20052.0,1,9.906134047477034,STATE_COURT,"Virginia District Court Motion for Judgment, (Richmond), plaintiff represented by ALLEN & ALLEN, judgment for plaintiff, total 20,052"
Utah,,2022,Car Accident,Soft Tissue Injury,settlement,20000.0,0,9.90353755128617,News,"Struck by a State of Utah employee vehicle, causing leg, head, neck, and back injuries."
Virginia,Fairfax,2022,Personal Injury,Other,verdict,19400.0,1,9.873079890114703,STATE_COURT,"Virginia District Court Motion for Judgment, (Fairfax), plaintiff represented by HUSTON & ANGUS, judgment for plaintiff, total 19,400.28"
Virginia,Fairfax,2022,Personal Injury,Other,verdict,19192.0,1,9.862300908205878,STATE_COURT,"Virginia District Court Motion for Judgment, (Fairfax), plaintiff represented by HUSTON & ANGUS, judgment for plaintiff, total 19,192.22"
Virginia,Charlottesville,2022,Personal Injury,Other,verdict,18563.0,1,9.828979500361067,STATE_COURT,"Virginia District Court Motion for Judgment, (Charlottesville), plaintiff represented by ALLEN, ALLEN, ALLEN & ALLEN, judgment for plaintiff, total 18,563"
Virginia,Fairfax,2022,Personal Injury,Other,verdict,17373.0,1,9.762730114819865,STATE_COURT,"Virginia District Court Motion for Judgment, (Fairfax), plaintiff represented by HUSTON & ANGUS, judgment for plaintiff, total 17,373.19"
Virginia,Fairfax,2022,Personal Injury,Other,verdict,16840.0,1,9.731571668456054,STATE_COURT,"Virginia District Court Motion for Judgment, (Fairfax), plaintiff represented by HUSTON & ANGUS, judgment for plaintiff, total 16,840.29"
Virginia,Fairfax,2022,Personal Injury,Other,verdict,16323.0,1,9.700391696525696,STATE_COURT,"Virginia District Court Motion for Judgment, (Fairfax), plaintiff represented by HUSTON & ANGUS, judgment for plaintiff, total 16,322.94"
Virginia,Henrico,2022,Personal Injury,Other,verdict,16302.0,1,9.699104418939655,STATE_COURT,"Virginia District Court Motion for Judgment, (Henrico), plaintiff represented by ALLEN ALLEN, judgment for plaintiff, total 16,302, notes: G/D REC 7/25/22"
Ohio,,2022,Medical Malpractice,Traumatic Brain Injury,verdict,16100.0,1,9.686636660844938,CourtListener,"When he was a resident at the Cambridge Developmental Center (""CDC"") and awarding $16,100 in damages."
Virginia,Hanover,2022,Personal Injury,Other,verdict,15870.0,1,9.672248823507559,STATE_COURT,"Virginia District Court Motion for Judgment, (Hanover), plaintiff represented by ALLEN & ALLEN, judgment for plaintiff, total 15,869.67"
Virginia,Fairfax,2022,Personal Injury,Other,verdict,15184.0,1,9.62806337747985,STATE_COURT,"Virginia District Court Motion for Judgment, (Fairfax), plaintiff represented by HUSTON & ANGUS, judgment for plaintiff, total 15,184.3"
Virginia,Louisa,2022,Personal Injury,Other,verdict,15052.0,1,9.619332585860503,STATE_COURT,"Virginia District Court Motion for Judgment, (Louisa), plaintiff represented by MARKS & HARRISON, judgment for plaintiff, total 15,052"
Virginia,Henrico,2022,Personal Injury,Other,verdict,15052.0,1,9.619332585860503,STATE_COURT,"Virginia District Court Motion for Judgment, (Henrico), plaintiff represented by MARKS & HARRISON, judgment for plaintiff, total 15,052, notes: MJ FILED; GDS RCV'D 7/12"
Virginia,Richmond,2022,Personal Injury,Other,verdict,15052.0,1,9.619332585860503,STATE_COURT,"Virginia District Court Motion for Judgment, (Richmond), plaintiff represented by BLANK & MARCUS, judgment for plaintiff, total 15,052"
Virginia,Henrico,2022,Personal Injury,Other,verdict,15052.0,1,9.619332585860503,STATE_COURT,"Virginia District Court Motion for Judgment, (Henrico), plaintiff represented by MARKS & HARRISON, judgment for plaintiff, total 15,052, notes: GDS RCVD 1/12/23; ANSWER TO CC DUE 2/10"
Virginia,Richmond,2022,Personal Injury,Other,verdict,14752.0,1,9.599201730917567,STATE_COURT,"Virginia District Court Motion for Judgment, (Richmond), plaintiff represented by BLANK & MARCUS, judgment for plaintiff, total 14,752"
Virginia,Fairfax,2022,Personal Injury,Other,verdict,14106.0,1,9.554426407074502,STATE_COURT,"Virginia District Court Motion for Judgment, (Fairfax), plaintiff represented by HUSTON & ANGUS, judgment for plaintiff, total 14,105.86"
Virginia,Henrico,2022,Personal Injury,Other,verdict,14064.0,1,9.551444720923957,STATE_COURT,"Virginia District Court Motion for Judgment, (Henrico), plaintiff represented by MARKS & HARRISON, judgment for plaintiff, total 14,064, notes: NO PLEADING ORDERED, ALREADY IN CASE"
Virginia,Richmond,2022,Personal Injury,Other,verdict,14052.0,1,9.550591175100745,STATE_COURT,"Virginia District Court Motion for Judgment, (Richmond), plaintiff represented by MARKS & HARRISON, judgment for plaintiff, total 14,052"
Virginia,Fairfax,2022,Personal Injury,Other,verdict,13381.0,1,9.501665799342762,STATE_COURT,"Virginia District Court Motion for Judgment, (Fairfax), plaintiff represented by HUSTON & ANGUS, judgment for plaintiff, total 13,381.41"
Virginia,Richmond,2022,Personal Injury,Other,verdict,13064.0,1,9.477692177954713,STATE_COURT,"Virginia District Court Motion for Judgment, (Richmond), plaintiff represented by BLANK & MARCUS, judgment for plaintiff, total 13,064"
Virginia,Petersburg,2022,Personal Injury,Other,verdict,12477.0,1,9.431722372670732,STATE_COURT,"Virginia District Court Motion for Judgment, (Petersburg), plaintiff represented by MARKS & HARRISON, judgment for plaintiff, total 12,477.15"
Virginia,Fairfax,2022,Personal Injury,Other,verdict,12077.0,1,9.399140894867847,STATE_COURT,"Virginia District Court Motion for Judgment, (Fairfax), plaintiff represented by HUSTON & ANGUS, judgment for plaintiff, total 12,076.98"
Virginia,Richmond,2022,Personal Injury,Other,verdict,12052.0,1,9.397068870588344,STATE_COURT,"Virginia District Court Motion for Judgment, (Richmond), plaintiff represented by BLANK & MARCUS, judgment for plaintiff, total 12,052"
Virginia,Colonial Heights,2022,Personal Injury,Other,verdict,11550.0,1,9.35452729228868,STATE_COURT,"Virginia District Court Motion for Judgment, (Colonial Heights), plaintiff represented by BLANK & MARCUS, LLC, judgment for plaintiff, total 11,550"
Virginia,Richmond,2022,Personal Injury,Other,verdict,11329.0,1,9.335209354022052,STATE_COURT,"Virginia District Court Motion for Judgment, (Richmond), plaintiff represented by JOEL BIEBER FIRM, judgment for other, total 11,329"
Virginia,Henrico,2022,Personal Injury,Other,verdict,11064.0,1,9.31154225248515,STATE_COURT,"Virginia District Court Motion for Judgment, (Henrico), plaintiff represented by ALLEN & ALLEN, judgment for plaintiff, total 11,064, notes: G/D REC 8/15/22"
Virginia,Rockingham,2022,Personal Injury,Other,verdict,11064.0,1,9.31154225248515,STATE_COURT,"Virginia District Court Motion for Judgment, (Rockingham), plaintiff represented by ALLEN, ALLEN, ALLEN & ALLEN, judgment for plaintiff, total 11,064"
Virginia,Fairfax,2022,Personal Injury,Other,verdict,11040.0,1,9.309370895439137,STATE_COURT,"Virginia District Court Motion for Judgment, (Fairfax), plaintiff represented by HUSTON & ANGUS, judgment for plaintiff, total 11,039.94"
Virginia,Fairfax,2022,Personal Injury,Other,verdict,11012.0,1,9.306831672164943,STATE_COURT,"Virginia District Court Motion for Judgment, (Fairfax), plaintiff represented by HUSTON & ANGUS, judgment for plaintiff, total 11,012.18"
Virginia,Fairfax,2022,Personal Injury,Other,verdict,10796.0,1,9.28702359674714,STATE_COURT,"Virginia District Court Motion for Judgment, (Fairfax), plaintiff represented by HUSTON & ANGUS, judgment for plaintiff, total 10,796.4"
Virginia,Richmond,2022,Personal Injury,Other,verdict,10062.0,1,9.216620609933333,STATE_COURT,"Virginia District Court Motion for Judgment, (Richmond), plaintiff represented by ALLEN & ALLEN, judgment for other, total 10,062"
Virginia,Henrico,2022,Personal Injury,Other,verdict,10052.0,1,9.215626376405421,STATE_COURT,"Virginia District Court Motion for Judgment, (Henrico), plaintiff represented by BLANK & MARCUS, judgment for plaintiff, total 10,052, notes: GD RCVD 091222"
Virginia,Fairfax,2022,Personal Injury,Other,verdict,9876.0,1,9.197964100908127,STATE_COURT,"Virginia District Court Motion for Judgment, (Fairfax), plaintiff represented by HUSTON & ANGUS, judgment for plaintiff, total 9,875.82"
Virginia,Fairfax,2022,Personal Injury,Other,verdict,9227.0,1,9.129997619293645,STATE_COURT,"Virginia District Court Motion for Judgment, (Fairfax), plaintiff represented by HUSTON & ANGUS, judgment for plaintiff, total 9,226.6"
Virginia,Orange,2022,Personal Injury,Other,verdict,9062.0,1,9.111955470054781,STATE_COURT,"Virginia District Court Motion for Judgment, (Orange), plaintiff represented by ALLEN ALLEN ALLEN & ALLEN, judgment for plaintiff, total 9,062"
Virginia,Henrico,2022,Personal Injury,Other,verdict,9052.0,1,9.11085147347544,STATE_COURT,"Virginia District Court Motion for Judgment, (Henrico), plaintiff represented by MARKS & HARRISON, judgment for plaintiff, total 9,052"
Virginia,Fairfax,2022,Personal Injury,Other,verdict,8643.0,1,9.064620717626777,STATE_COURT,"Virginia District Court Motion for Judgment, (Fairfax), plaintiff represented by HUSTON & ANGUS, judgment for plaintiff, total 8,643.11"
Virginia,Richmond,2022,Personal Injury,Other,verdict,8052.0,1,8.993799971795545,STATE_COURT,"Virginia District Court Motion for Judgment, (Richmond), plaintiff represented by BLANK & MARCUS, judgment for plaintiff, total 8,052"
Virginia,Fairfax,2022,Personal Injury,Other,verdict,7883.0,1,8.97259066827261,STATE_COURT,"Virginia District Court Motion for Judgment, (Fairfax), plaintiff represented by HUSTON & ANGUS, judgment for plaintiff, total 7,883.38"
Virginia,Fairfax,2022,Personal Injury,Other,verdict,7545.0,1,8.928772900524256,STATE_COURT,"Virginia District Court Motion for Judgment, (Fairfax), plaintiff represented by HUSTON & ANGUS, judgment for plaintiff, total 7,545.38"
Virginia,Richmond,2022,Personal Injury,Other,verdict,6062.0,1,8.70996000607173,STATE_COURT,"Virginia District Court Motion for Judgment, (Richmond), plaintiff represented by MARKS & HARRISON, judgment for plaintiff, total 6,062"
Virginia,Fairfax,2022,Personal Injury,Other,verdict,5347.0,1,8.584477938221834,STATE_COURT,"Virginia District Court Motion for Judgment, (Fairfax), plaintiff represented by HUSTON & ANGUS, judgment for plaintiff, total 5,346.85"
Virginia,Fairfax,2022,Personal Injury,Other,verdict,4625.0,1,8.439447842791385,STATE_COURT,"Virginia District Court Motion for Judgment, (Fairfax), plaintiff represented by HUSTON & ANGUS, judgment for plaintiff, total 4,625.01"
Virginia,Henrico,2022,Personal Injury,Other,verdict,4527.0,1,8.41803561988302,STATE_COURT,"Virginia District Court Motion for Judgment, (Henrico), plaintiff represented by MARKS & HARRISON, judgment for plaintiff, total 4,527, notes: G/D DUE 5/31/22"
Virginia,Fairfax,2022,Personal Injury,Other,verdict,4510.0,1,8.414274137408396,STATE_COURT,"Virginia District Court Motion for Judgment, (Fairfax), plaintiff represented by HUSTON & ANGUS, judgment for plaintiff, total 4,510.12"
Virginia,,2022,Personal Injury,Other,verdict,3708.0,1,8.21851757748959,STATE_COURT,"Virginia District Court Motion for Judgment, plaintiff represented by GOLDSTEIN EDGAR & REAGAN, judgment for plaintiff, total 3,707.75"
Virginia,Fairfax,2022,Personal Injury,Other,verdict,3115.0,1,8.044305406990638,STATE_COURT,"Virginia District Court Motion for Judgment, (Fairfax), plaintiff represented by HUSTON & ANGUS, judgment for plaintiff, total 3,114.76"
Virginia,Stafford,2022,Personal Injury,Other,verdict,2567.0,1,7.850882664809852,STATE_COURT,"Virginia District Court Motion for Judgment, (Stafford), plaintiff represented by ALLEN, ALLEN, ALLEN & ALLEN, judgment for plaintiff, total 2,567"
Virginia,,2022,Personal Injury,Other,verdict,2476.0,1,7.814803429489359,STATE_COURT,"Virginia District Court Motion for Judgment, plaintiff represented by GOLDSTEIN EDGAR AND REAGAN, judgment for plaintiff, total 2,475.94"
Virginia,,2022,Personal Injury,Other,verdict,1958.0,1,7.580189417944541,STATE_COURT,"Virginia District Court Motion for Judgment, plaintiff represented by GOLDSTEIN EDGAR & REAGAN, judgment for plaintiff, total 1,958.11"
Virginia,,2022,Personal Injury,Other,verdict,1571.0,1,7.360103972989152,STATE_COURT,"Virginia District Court Motion for Judgment, plaintiff represented by GOLDSTEIN EDGAR & REAGAN, judgment for plaintiff, total 1,570.63"
Virginia,,2022,Personal Injury,Other,verdict,427.0,1,6.059123195581797,STATE_COURT,"Virginia District Court Motion for Judgment, plaintiff represented by GOLDSTEIN EDGAR AND REAGAN, judgment for plaintiff, total 426.66"
Virginia,,2022,Personal Injury,Other,verdict,287.0,1,5.662960480135946,STATE_COURT,"Virginia District Court Motion for Judgment, plaintiff represented by GOLDSTEIN EDGAR & REAGAN, judgment for plaintiff, total 286.81"
Texas,,2021,Other,Back Injury,settlement,98676248.71,0,18.407354844343043,CourtListener,"The trial court rendered judgment in accordance with the verdict; awarding $98,676."
New York,,2021,Truck Accident,Traumatic Brain Injury,settlement,85750000.0,0,18.266946655672132,CourtListener,Truck Accident settlement of $85.8 million in New York.
California,,2021,Premises Liability,Other,verdict,72640000.0,1,18.101026306023833,News,"Los Angeles, California A young model and her brother, a restauranteur and bar owner, were the victims of a brutal beating at the hands of the wealthy then-owners of eleven different Blaze Pizza franchises. Both injury victims were acting as innocent good samaritans attempting to stop the beating of a TMZ photographer just."
California,,2021,Truck Accident,Back Injury,settlement,42700000.0,0,17.569709501618057,News,"San Bernardino, California Video player Plaintiff Eric Murillo leapt from a burning and heavily smoking U-Haul truck onto the I-10 freeway below, impacting the back of his skull. He had rented the truck only about ten minutes earlier and drove just seven miles. A 3 judge arbitration panel unanimously found that U-Haul was."
Nebraska,,2021,Medical Malpractice,Traumatic Brain Injury,verdict,26100000.0,1,17.077445910607096,News,Child suffered severe brain damage from inadequate seizure treatment at a daycare facility in Omaha.
Nebraska,,2021,Medical Malpractice,Traumatic Brain Injury,verdict,21500000.0,1,16.88356353960952,News,Child suffered inadequate seizure treatment following a head injury at daycare. The child is now blind and wheelchair-bound.
New York,,2021,Medical Malpractice,Spinal Cord Injury,settlement,15000000.0,0,16.52356082573315,CourtListener,Medical Malpractice settlement of $15 million in New York.
New York,,2021,Bus Accident,Other,settlement,14500000.0,0,16.489659276356317,CourtListener,Bus Accident settlement of $14.5 million in New York.
Indiana,,2021,Medical Malpractice,Wrongful Death,settlement,14000000.0,0,16.454567959008102,CourtListener,"Phillips advised MedPro that there was a twenty- percent probability of success, and an adverse jury verdict would likely be $3 million."
South Carolina,,2021,Car Accident,Traumatic Brain Injury,verdict,13100000.0,1,16.388122864507256,News,Car Accident jury verdict of $13.1 million in South Carolina.
Mississippi,,2021,Car Accident,Wrongful Death,verdict,10500000.0,1,16.166885910365842,CourtListener,"SWEET, III SARA BAILEY RUSSO NATURE OF THE CASE: CIVIL, WRONGFUL DEATH DISPOSITION: REVERSED AND REMANDED, 03/11/2021 MOTION FOR REHEARING FILED: MANDATE ISSUED: EN BANC."
California,,2021,Car Accident,Burns,verdict,10000000.0,1,16.118095750958314,News,"Three passengers rear-ended on Interstate 15. The vehicle caught fire after a police collision, causing deaths and severe burns."
New York,,2021,Truck Accident,Other,settlement,8355585.4,0,15.938440903066397,CourtListener,"Fenner pursuant to CPLR 4404(a) to set aside the jury verdict on the issue of damages as contrary to the weight of the evidence and as excessive, is in favor of the plaintiffs and against those defendants in the total sum of $8,355."
Illinois,,2021,Medical Malpractice,Wrongful Death,verdict,8050000.0,1,15.901182773618341,News,Medical Malpractice jury verdict of $8.1 million in Illinois.
Illinois,,2021,Medical Malpractice,Other,verdict,6528000.0,1,15.691611328812343,News,"Mammogram was interpreted as normal, but the patient was diagnosed with Stage III breast cancer one year later."
Florida,,2021,Other,Wrongful Death,verdict,6000000.0,1,15.607270193858982,CourtListener,Car Accident jury verdict of $6 million in Florida.
California,,2021,Medical Malpractice,Traumatic Brain Injury,settlement,5700000.0,0,15.555976908243359,News,Newborn suffered hypoxic-ischemic encephalopathy and permanent brain damage due to negligent labor management during delivery.
North Dakota,,2021,Premises Liability,Traumatic Brain Injury,verdict,5589704.0,1,15.53643707093016,CourtListener,Premises Liability jury verdict of $5.6 million in North Dakota.
California,,2021,Medical Malpractice,Traumatic Brain Injury,settlement,5000000.0,0,15.424948670398354,News,Medical Malpractice settlement of $5.0 million in California.
New York,,2021,Truck Accident,Wrongful Death,settlement,5000000.0,0,15.424948670398354,CourtListener,"), entered December 5, 2019, upon a jury verdict awarding plaintiff $."
Pennsylvania,,2021,Other,Other,verdict,3100000.0,1,14.946912992035967,News,Dump truck tire failure caused neurological injuries to the plaintiff.
Florida,,2021,Car Accident,Spinal Cord Injury,verdict,3000000.0,1,14.914123179965662,News,Mail carrier struck victim's vehicle from behind while stopped. Victim suffered a broken spine and mild traumatic brain injury.
South Carolina,,2021,Premises Liability,Other,settlement,2900000.0,0,14.88022163978423,CourtListener,"South Carolina Second Injury Fund, Appellant."
New York,,2021,Premises Liability,Other,verdict,2740814.0,1,14.823765879391658,CourtListener,The jury thus assessed the percentage of fault as 100% to defendant and awarded plaintiff a sum of $.
California,,2021,Workplace Injury,Broken Bones,settlement,2250000.0,0,14.626441218624949,News,Workplace Injury settlement of $2.3 million in California.
California,Los Angeles,2021,Car Accident,Back Injury,verdict,2250000.0,1,14.626441218624949,News,Car Accident jury verdict of $2.3 million in California.
Indiana,,2021,Medical Malpractice,Traumatic Brain Injury,verdict,2100000.0,1,14.557448378884015,News,"Nuchal cord was misdiagnosed during delivery, resulting in brain injury to the infant."
Pennsylvania,Philadelphia,2021,Motorcycle Accident,Multiple Injuries,verdict,2009553.0,1,14.513423364866645,STATE_COURT,"A Domino's delivery driver turned left into a motorcyclist, who underwent roughly ten surgeries before his leg was amputated. A Philadelphia jury awarded $2,009,553 in August 2021, and the judgment grew to about $2.3 million with delay damages; the Superior Court upheld Domino's vicarious liability in 2025."
Ohio,,2021,Medical Malpractice,Traumatic Brain Injury,verdict,2000000.0,1,14.508658238524095,News,"Hospital failed to diagnose a hematoma, requiring two evacuation surgeries for the patient."
Arkansas,,2021,Premises Liability,Wrongful Death,settlement,2000000.0,0,14.508658238524095,CourtListener,"The “General Aggregate Limits” provides that there is up to $2,000,000 in policy coverage available for the sum of medical expenses under Coverage C, damages under Coverage A (with exceptions not applicable here), and damages under Coverage B."
California,,2021,Pedestrian Accident,Back Injury,settlement,1715000.0,0,14.354924221672386,News,Woman struck in a crosswalk suffered knee injury and disc bulges. Required spinal fusion surgery and neurostimulator implant for pain management.
South Carolina,,2021,Medical Malpractice,Wrongful Death,verdict,1600000.0,1,14.285514812209815,CourtListener,Medical Malpractice jury verdict of $1.6 million in South Carolina.
New York,,2021,Medical Malpractice,Soft Tissue Injury,verdict,1455000.0,1,14.190517145872716,News,"Negligently performed hysterectomy resulted in perforated colon and sepsis, requiring an emergency ileostomy and extended hospitalization."
California,Los Angeles,2021,Car Accident,Back Injury,verdict,1382000.0,1,14.139043006898492,News,"Nurse rear-ended in Torrance suffered L4-5 disc bulge and stenosis, requiring multiple fusion surgeries and ongoing pain management."
California,,2021,Car Accident,Back Injury,settlement,1250000.0,0,14.038654909278163,News,"Woman sideswiped on the road developed cervical stenosis and lumbosacral protrusions, ultimately requiring cervical fusion surgery."
Arizona,,2021,Truck Accident,Shoulder Injury,verdict,981908.0,1,13.797253915018217,News,Truck driver sideswiped causing vehicle to roll off road. Severe shoulder injuries.
Colorado,,2021,Car Accident,Traumatic Brain Injury,verdict,956297.0,1,13.770824858941532,News,"Rear-ended driver suffered brain, neck, back, and shoulder injuries including cognitive impairment, PTSD, and tinnitus from distracted driving."
New York,,2021,Slip and Fall,Broken Bones,verdict,925000.0,1,13.73755009757506,News,"Pedestrian suffered a dislocated ankle fracture from a defective sidewalk, requiring surgical repair and extensive rehabilitation."
Arizona,,2021,Car Accident,Traumatic Brain Injury,verdict,854500.0,1,13.658272951812112,News,"Man and daughter rear-ended by state trooper. Neck, back, and concussion injuries. Negligence claim against State of Arizona."
Ohio,Medina,2021,Car Accident,Back Injury,settlement,850000.0,0,13.652992804936396,Firm results page (Chester Law Group),Settlement for a Medina County car accident victim with back and neck injuries requiring surgery.
California,Los Angeles,2021,Car Accident,Soft Tissue Injury,verdict,832798.0,1,13.632547595513683,News,"Intersection collision where the defendant failed to maintain a proper lookout, causing severe injuries to the other driver."
Indiana,,2021,Medical Malpractice,Other,verdict,750000.0,1,13.527829818844937,News,"Nurse damaged the patient's airway during intubation, causing a myocardial infarction."
California,Los Angeles,2021,Car Accident,Back Injury,settlement,750000.0,0,13.527829818844937,News,T-bone collision in Santa Monica caused C5-6 herniation requiring epidural injections and cervical disc replacement surgery.
New York,,2021,Medical Malpractice,Traumatic Brain Injury,verdict,750000.0,1,13.527829818844937,CourtListener,"Medical Malpractice jury verdict of $750,000 in New York."
Ohio,,2021,Medical Malpractice,Spinal Cord Injury,verdict,607830.52,1,13.317653017284389,CourtListener,"In all, the Longs sought damages of $607."
Florida,,2021,Bus Accident,Back Injury,settlement,502000.0,0,13.126357390703754,CourtListener,"Bus Accident settlement of $502,000 in Florida."
Texas,,2021,Truck Accident,Soft Tissue Injury,verdict,501000.0,1,13.124363376072994,News,"Two plaintiffs struck when a tractor-trailer ran a red light, causing severe injuries to both occupants of the other vehicle."
Nebraska,,2021,Slip and Fall,Broken Bones,verdict,458694.0,1,13.036140780155241,News,"Slip and Fall jury verdict of $458,694 in Nebraska."
South Carolina,,2021,Slip and Fall,Broken Bones,verdict,350000.0,1,12.765691290604371,News,"Slip and Fall jury verdict of $350,000 in South Carolina."
South Carolina,,2021,Premises Liability,Other,verdict,315000.0,1,12.660331092405906,News,Foreign metal object found in restaurant food caused an esophageal injury.
Louisiana,,2021,Medical Malpractice,Broken Bones,settlement,300000.0,0,12.611541086966115,CourtListener,"Medical Malpractice settlement of $300,000 in Louisiana."
Colorado,,2021,Car Accident,Traumatic Brain Injury,verdict,282111.0,1,12.550059434192422,News,Plaintiff was waiting to turn left when defendant ran a red light. Sustained a concussion and aggravation of pre-existing cervical and lumbar conditions.
Wyoming,,2021,Bus Accident,Wrongful Death,verdict,280000.0,1,12.54254845357358,CourtListener,"Vance damages of approximately $280,000, and the court entered a judgment on the verdict but denied Mr."
California,Los Angeles,2021,Car Accident,Traumatic Brain Injury,verdict,252049.0,1,12.437382759510777,TopVerdict,"DUI rear-end collision with alleged traumatic brain injury, cranial nerve injuries to the eye, and spine injuries. The jury rejected a roughly $20 million demand and awarded $252,049."
South Carolina,,2021,Car Accident,Back Injury,verdict,250000.0,1,12.429220196836383,News,"Car Accident jury verdict of $250,000 in South Carolina."
Ohio,,2021,Premises Liability,Broken Bones,verdict,250000.0,1,12.429220196836383,News,"During a firearms class, a classmate's loaded gun discharged, causing broken bones."
Florida,,2021,Medical Malpractice,Back Injury,verdict,250000.0,1,12.429220196836383,CourtListener,"Medical Malpractice jury verdict of $250,000 in Florida."
Michigan,,2021,Car Accident,Other,settlement,245000.0,0,12.409017571151187,News,Woman rear-ended by a negligent driver.
Texas,,2021,Medical Malpractice,Traumatic Brain Injury,verdict,207000.0,1,12.240478903153711,CourtListener,"Factual and Procedural Background Reyna was injured on May 14, 2013, while working as a maintenance supervisor at the Lubbock County Courthouse."
Michigan,,2021,Pedestrian Accident,Other,settlement,205000.0,0,12.230770136157428,News,Pedestrian struck by a negligent driver.
Tennessee,,2021,Medical Malpractice,Burns,verdict,200000.0,1,12.206077645517674,CourtListener,Gregory seeking economic and non-economic damages totaling $200.
New York,,2021,Medical Malpractice,Traumatic Brain Injury,verdict,165000.0,1,12.013706813470414,CourtListener,"DECISION & ORDER In an action to recover damages for personal injuries, the plaintiff appeals from an order of the Supreme Court, Richmond County (Kim Dollard, J."
South Carolina,,2021,Motorcycle Accident,Broken Bones,verdict,150000.0,1,11.918397239722838,News,"Motorcycle Accident jury verdict of $150,000 in South Carolina."
Illinois,,2021,Truck Accident,Back Injury,verdict,145000.0,1,11.884495917930655,News,"Tractor-trailer struck from the rear at 65 mph, causing disc herniations in the driver."
North Dakota,,2021,Slip and Fall,Back Injury,verdict,144476.97,1,11.880882318164508,CourtListener,"[¶3] On August 16, 2017, Johnson filed a negligence action against Menards in small claims court seeking damages in the amount of $14."
Indiana,,2021,Car Accident,Soft Tissue Injury,verdict,125000.0,1,11.736077016252437,News,Left-turn failure to yield caused a collision with soft tissue injuries.
New York,,2021,Bus Accident,Broken Bones,verdict,125000.0,1,11.736077016252437,News,"Bus passenger fell during a violent stop on the expressway, suffering sacrum fractures requiring medical treatment."
Ohio,,2021,Slip and Fall,Broken Bones,verdict,108000.0,1,11.58989576532275,News,"Plaintiff slipped on a puddle at Kroger, fracturing the patella and requiring surgery."
Colorado,,2021,Car Accident,Traumatic Brain Injury,verdict,105127.0,1,11.562933934323475,News,"Cut off by an unsafe lane change, plaintiff went off the road onto an embankment. Suffered scalp avulsion, brain bleed, and rib fractures."
Ohio,,2021,Car Accident,Back Injury,verdict,58000.0,1,10.968215530759236,News,"T-bone collision caused by a driver who ran a red light, resulting in back injuries."
Virginia,Surry,2021,Personal Injury,Other,verdict,50060.0,1,10.820997540815013,STATE_COURT,"Virginia District Court Motion for Judgment, (Surry), plaintiff represented by MARKS & HARRISON PC, judgment for plaintiff, total 50,060, notes: SUB-SERVICE 4/23/2021"
Virginia,,2021,Personal Injury,Other,verdict,50052.0,1,10.820837723006973,STATE_COURT,"Virginia District Court Motion for Judgment, plaintiff represented by TRONFELD, WEST, judgment for transfer/change of venue, total 50,052, notes: CASE TRANSFERRED TO HOPEWELL GENERAL DISTRICT COURT"
Virginia,,2021,Personal Injury,Other,verdict,50052.0,1,10.820837723006973,STATE_COURT,"Virginia District Court Motion for Judgment, plaintiff represented by MARKS & HARRISON, total 50,052, notes: TRANSFERRED TO RICHMONDCITY CIRCUIT COURT"
Virginia,,2021,Personal Injury,Other,verdict,50052.0,1,10.820837723006973,STATE_COURT,"Virginia District Court Motion for Judgment, plaintiff represented by TRONFELD, WEST, judgment for transfer/change of venue, total 50,052, notes: TRANSFER VENUE TO VIRGINIA BEACH GDC BY ORDER"
Virginia,,2021,Personal Injury,Other,verdict,50052.0,1,10.820837723006973,STATE_COURT,"Virginia District Court Motion for Judgment, plaintiff represented by TRONFELD, WEST, judgment for transfer/change of venue, total 50,052"
Virginia,Henrico,2021,Personal Injury,Other,verdict,50052.0,1,10.820837723006973,STATE_COURT,"Virginia District Court Motion for Judgment, (Henrico), plaintiff represented by TRONFELD WEST, total 50,052, notes: FILED/ G/D REC'D 10-15-21"
Virginia,Henrico,2021,Personal Injury,Other,verdict,50052.0,1,10.820837723006973,STATE_COURT,"Virginia District Court Motion for Judgment, (Henrico), plaintiff represented by ALLEN ALLEN, judgment for plaintiff, total 50,052, notes: B/P FILED/ REC'D G/D 10-5-21"
Virginia,,2021,Personal Injury,Other,verdict,50052.0,1,10.820837723006973,STATE_COURT,"Virginia District Court Motion for Judgment, plaintiff represented by BLANK & MARCUS, judgment for defendant, total 50,052"
Virginia,Henrico,2021,Personal Injury,Other,verdict,50052.0,1,10.820837723006973,STATE_COURT,"Virginia District Court Motion for Judgment, (Henrico), plaintiff represented by ALLEN ALLEN, judgment for plaintiff, total 50,052, notes: G/D REC 011422"
Virginia,,2021,Personal Injury,Other,verdict,50052.0,1,10.820837723006973,STATE_COURT,"Virginia District Court Motion for Judgment, plaintiff represented by ALLEN, ALLEN, judgment for transfer/change of venue, total 50,052, notes: REMOVED TO RICHMOND CIRCUIT COURT"
Virginia,Prince Edward,2021,Personal Injury,Other,verdict,50000.0,1,10.819798284210286,STATE_COURT,"Virginia District Court Motion for Judgment, (Prince Edward), plaintiff represented by ALLEN, ALLEN, ALLEN & ALLEN, judgment for defendant, total 50,000"
Virginia,Stafford,2021,Personal Injury,Other,verdict,49866.0,1,10.817114740324042,STATE_COURT,"Virginia District Court Motion for Judgment, (Stafford), plaintiff represented by ALLEN ALLEN ALLEN & ALLEN, judgment for plaintiff, total 49,866.44"
Virginia,,2021,Personal Injury,Other,verdict,47552.0,1,10.769600157466002,STATE_COURT,"Virginia District Court Motion for Judgment, plaintiff represented by ALLEN, ALLEN, judgment for plaintiff, total 47,552, notes: JUDGEMENT ENTERED AGAINST RELEASED DEFENDANT EDWARD GARNER"
Virginia,Norfolk,2021,Personal Injury,Other,verdict,46804.0,1,10.753745313805846,STATE_COURT,"Virginia District Court Motion for Judgment, (Norfolk), plaintiff represented by KALFUS & NACHMAN, judgment for plaintiff, total 46,804, notes: WILLIAMS BEGLER VERSER & LANE ATTY FOR UIM"
Virginia,Spotsylvania,2021,Personal Injury,Other,verdict,46552.0,1,10.74834672745997,STATE_COURT,"Virginia District Court Motion for Judgment, (Spotsylvania), plaintiff represented by ALLEN & ALLEN, judgment for plaintiff, total 46,552"
Virginia,Virginia Beach,2021,Personal Injury,Other,verdict,46052.0,1,10.73754818614131,STATE_COURT,"Virginia District Court Motion for Judgment, (Virginia Beach), plaintiff represented by SHAPIRO APPLETON, judgment for plaintiff, total 46,052"
Virginia,Henrico,2021,Personal Injury,Other,verdict,45052.0,1,10.715594853494096,STATE_COURT,"Virginia District Court Motion for Judgment, (Henrico), plaintiff represented by ALLEN ALLEN, judgment for plaintiff, total 45,052, notes: FILED/ G/D REC'D 1-19-22"
Virginia,Hopewell,2021,Personal Injury,Other,verdict,43287.0,1,10.675630739322571,STATE_COURT,"Virginia District Court Motion for Judgment, (Hopewell), plaintiff represented by ALLEN, ALLEN, ALLEN, & ALLEN, judgment for plaintiff, total 43,287"
Virginia,Petersburg,2021,Personal Injury,Other,verdict,43078.0,1,10.670790918373239,STATE_COURT,"Virginia District Court Motion for Judgment, (Petersburg), plaintiff represented by MARKS & HARRISON, judgment for plaintiff, total 43,078"
Virginia,Spotsylvania,2021,Personal Injury,Other,verdict,42052.0,1,10.646686006494784,STATE_COURT,"Virginia District Court Motion for Judgment, (Spotsylvania), plaintiff represented by ALLEN & ALLEN, judgment for plaintiff, total 42,052"
Ohio,,2021,Car Accident,Soft Tissue Injury,verdict,40384.0,1,10.606213707876396,News,"Vehicle struck a couple while reversing, causing soft tissue injuries."
Virginia,Virginia Beach,2021,Personal Injury,Other,verdict,40064.0,1,10.598258414212172,STATE_COURT,"Virginia District Court Motion for Judgment, (Virginia Beach), plaintiff represented by RUTTER MILLS, judgment for plaintiff, total 40,064"
Virginia,Virginia Beach,2021,Personal Injury,Other,verdict,40058.0,1,10.598108646352074,STATE_COURT,"Virginia District Court Motion for Judgment, (Virginia Beach), plaintiff represented by COOPER HURLEY, judgment for plaintiff, total 40,058"
Virginia,Henrico,2021,Personal Injury,Other,verdict,40052.0,1,10.597958856058204,STATE_COURT,"Virginia District Court Motion for Judgment, (Henrico), plaintiff represented by MARKS & HARRISON, judgment for plaintiff, total 40,052, notes: G/D REC 031921"
Virginia,,2021,Personal Injury,Other,verdict,39052.0,1,10.572674976900842,STATE_COURT,"Virginia District Court Motion for Judgment, plaintiff represented by MARKS & HARRISON, judgment for plaintiff, total 39,052"
Virginia,,2021,Personal Injury,Other,verdict,38052.0,1,10.546735203808643,STATE_COURT,"Virginia District Court Motion for Judgment, plaintiff represented by MARKS & HARRISON, judgment for plaintiff, total 38,052"
Virginia,,2021,Personal Injury,Other,verdict,37552.0,1,10.533508547476334,STATE_COURT,"Virginia District Court Motion for Judgment, plaintiff represented by ALLEN, ALLEN, judgment for plaintiff, total 37,552, notes: JUDGMENT ENTERED AGAINST RELEASED DEFENDANT RANDY THROPE"
Virginia,,2021,Personal Injury,Other,verdict,35064.0,1,10.46495876097101,STATE_COURT,"Virginia District Court Motion for Judgment, plaintiff represented by ALLEN, ALLEN, judgment for transfer/change of venue, total 35,064, notes: TRANSFERRED TO CHESTERFIELD COUNTY GDC"
Virginia,Norfolk,2021,Personal Injury,Other,verdict,33868.0,1,10.43025542072287,STATE_COURT,"Virginia District Court Motion for Judgment, (Norfolk), plaintiff represented by RUTTER MILLS, judgment for plaintiff, total 33,868"
Virginia,Henrico,2021,Personal Injury,Other,verdict,32652.0,1,10.393692014097626,STATE_COURT,"Virginia District Court Motion for Judgment, (Henrico), plaintiff represented by ALLEN & ALLEN, judgment for plaintiff, total 32,652, notes: FILED/ G/D RECD' 10-12-21"
Virginia,,2021,Personal Injury,Other,verdict,32052.0,1,10.375146061712408,STATE_COURT,"Virginia District Court Motion for Judgment, plaintiff represented by ALLEN, ALLEN, judgment for plaintiff, total 32,052"
Virginia,,2021,Personal Injury,Other,verdict,30837.0,1,10.336502974731298,STATE_COURT,"Virginia District Court Motion for Judgment, plaintiff represented by TRONFELD, WEST, judgment for plaintiff, total 30,837.19"
Arkansas,,2021,Medical Malpractice,Other,verdict,30812.15,1,10.335696825897228,CourtListener,"D/b/a Heartland Rehabilitation and Care Center (“Heartland”) a directed verdict on Cauffiel’s resident’s-rights claim under the Arkansas Protection of Long-Term Care Facility Residents Act (“Resident’s Rights Act”), Ark."
Virginia,Norfolk,2021,Personal Injury,Other,verdict,30066.0,1,10.311183503795652,STATE_COURT,"Virginia District Court Motion for Judgment, (Norfolk), plaintiff represented by RUTTER MILLS LLP, judgment for plaintiff, total 30,066"
Virginia,,2021,Personal Injury,Other,verdict,30052.0,1,10.31071776859096,STATE_COURT,"Virginia District Court Motion for Judgment, plaintiff represented by ALLEN, ALLEN, judgment for plaintiff, total 30,052"
Virginia,Louisa,2021,Personal Injury,Other,verdict,30050.0,1,10.310651217279874,STATE_COURT,"Virginia District Court Motion for Judgment, (Louisa), plaintiff represented by ALLEN, ALLEN, ALLEN & ALLEN, judgment for plaintiff, total 30,050"
Virginia,Virginia Beach,2021,Personal Injury,Other,verdict,29855.0,1,10.304141103647071,STATE_COURT,"Virginia District Court Motion for Judgment, (Virginia Beach), plaintiff represented by RUTTER MILLS, judgment for plaintiff, total 29,854.82"
Virginia,Spotsylvania,2021,Personal Injury,Other,verdict,29064.0,1,10.277289980135452,STATE_COURT,"Virginia District Court Motion for Judgment, (Spotsylvania), plaintiff represented by MARKS & HARRISON, judgment for plaintiff, total 29,064"
Virginia,,2021,Personal Injury,Other,verdict,29052.0,1,10.276877027171807,STATE_COURT,"Virginia District Court Motion for Judgment, plaintiff represented by MARKS & HARRISON, judgment for plaintiff, total 29,052"
Virginia,Fairfax,2021,Personal Injury,Other,verdict,27429.0,1,10.219392583931649,STATE_COURT,"Virginia District Court Motion for Judgment, (Fairfax), plaintiff represented by HUSTON & ANGUS, judgment for plaintiff, total 27,429.44"
Virginia,,2021,Personal Injury,Other,verdict,27064.0,1,10.205996659231078,STATE_COURT,"Virginia District Court Motion for Judgment, plaintiff represented by ALLEN, ALLEN, judgment for plaintiff, total 27,064"
Virginia,Hopewell,2021,Personal Injury,Other,verdict,26730.0,1,10.193579219581707,STATE_COURT,"Virginia District Court Motion for Judgment, (Hopewell), plaintiff represented by MARKS & HARRISON, judgment for plaintiff, total 26,729.63"
Virginia,Fairfax,2021,Personal Injury,Other,verdict,25964.0,1,10.164504756278419,STATE_COURT,"Virginia District Court Motion for Judgment, (Fairfax), plaintiff represented by HUSTON & ANGUS, judgment for plaintiff, total 25,963.6"
Virginia,,2021,Personal Injury,Other,verdict,25552.0,1,10.14851000556878,STATE_COURT,"Virginia District Court Motion for Judgment, plaintiff represented by JOEL BIEBER FIRM, judgment for plaintiff, total 25,552"
Virginia,Virginia Beach,2021,Personal Injury,Other,verdict,25059.0,1,10.129028228450059,STATE_COURT,"Virginia District Court Motion for Judgment, (Virginia Beach), plaintiff represented by SHAPIRO APPLETON, judgment for plaintiff, total 25,059"
Virginia,,2021,Personal Injury,Other,verdict,25052.0,1,10.12874885982134,STATE_COURT,"Virginia District Court Motion for Judgment, plaintiff represented by MARKS & HARRISON, total 25,052, notes: TRANSFER TO CITY OF RICHMOND CIRCUIT COURT"
Virginia,Henrico,2021,Personal Injury,Other,verdict,25052.0,1,10.12874885982134,STATE_COURT,"Virginia District Court Motion for Judgment, (Henrico), plaintiff represented by TRONFELD WEST & DURRETT, judgment for transfer/change of venue, total 25,052, notes: TRANSFERRED TO HANOVER GDC AS AGREED"
Virginia,,2021,Personal Injury,Other,verdict,25052.0,1,10.12874885982134,STATE_COURT,"Virginia District Court Motion for Judgment, plaintiff represented by TRONFELD, WEST, judgment for plaintiff, total 25,052"
Virginia,,2021,Personal Injury,Other,verdict,25052.0,1,10.12874885982134,STATE_COURT,"Virginia District Court Motion for Judgment, plaintiff represented by BLANK & MARCUS, judgment for other, total 25,052"
Virginia,,2021,Personal Injury,Other,verdict,25052.0,1,10.12874885982134,STATE_COURT,"Virginia District Court Motion for Judgment, plaintiff represented by BLANK & MARCUS, judgment for other, total 25,052"
Virginia,,2021,Personal Injury,Other,verdict,25052.0,1,10.12874885982134,STATE_COURT,"Virginia District Court Motion for Judgment, plaintiff represented by TRONFELD, WEST, total 25,052, notes: TRANSFER TO CIRCUIT COURT"
Virginia,,2021,Personal Injury,Other,verdict,25052.0,1,10.12874885982134,STATE_COURT,"Virginia District Court Motion for Judgment, plaintiff represented by ALLEN, ALLEN, judgment for plaintiff, total 25,052"
Virginia,,2021,Personal Injury,Other,verdict,25052.0,1,10.12874885982134,STATE_COURT,"Virginia District Court Motion for Judgment, plaintiff represented by TRONFELD, WEST, judgment for other, total 25,052"
Virginia,,2021,Personal Injury,Other,verdict,25052.0,1,10.12874885982134,STATE_COURT,"Virginia District Court Motion for Judgment, plaintiff represented by MARKS & HARRISON, judgment for plaintiff, total 25,052"
Virginia,Henrico,2021,Personal Injury,Other,verdict,25052.0,1,10.12874885982134,STATE_COURT,"Virginia District Court Motion for Judgment, (Henrico), plaintiff represented by ALLEN & ALLEN, judgment for plaintiff, total 25,052, notes: G/D RECEIVED 8/16"
Virginia,Hopewell,2021,Personal Injury,Other,verdict,25052.0,1,10.12874885982134,STATE_COURT,"Virginia District Court Motion for Judgment, (Hopewell), plaintiff represented by MARKS & HARRISON, P.C., judgment for defendant, total 25,052, notes: 12/29/21 GD   6/8/22 ORDER DISMISSED AND VACATED"
Virginia,Hanover,2021,Personal Injury,Other,verdict,25044.0,1,10.128429485791717,STATE_COURT,"Virginia District Court Motion for Judgment, (Hanover), plaintiff represented by JOEL BIEBER FIRM, judgment for other, total 25,044"
Virginia,Fairfax,2021,Personal Injury,Other,verdict,23829.0,1,10.078700570092789,STATE_COURT,"Virginia District Court Motion for Judgment, (Fairfax), plaintiff represented by HUSTON & ANGUS, judgment for plaintiff, total 23,829.3"
Virginia,Fairfax,2021,Personal Injury,Other,verdict,23587.0,1,10.068493387120395,STATE_COURT,"Virginia District Court Motion for Judgment, (Fairfax), plaintiff represented by HUSTON & ANGUS, judgment for plaintiff, total 23,586.65"
Virginia,Fairfax,2021,Personal Injury,Other,verdict,23556.0,1,10.067178295192607,STATE_COURT,"Virginia District Court Motion for Judgment, (Fairfax), plaintiff represented by HUSTON & ANGUS, judgment for plaintiff, total 23,555.88"
Virginia,Hopewell,2021,Personal Injury,Other,verdict,23056.0,1,10.045724689956613,STATE_COURT,"Virginia District Court Motion for Judgment, (Hopewell), plaintiff represented by ALLEN ALLEN ALLEN & ALLEN, judgment for plaintiff, total 23,056"
Virginia,Albemarle,2021,Personal Injury,Other,verdict,23014.0,1,10.043901456251342,STATE_COURT,"Virginia District Court Motion for Judgment, (Albemarle), plaintiff represented by ALLEN ALLEN AND ALLEN, judgment for plaintiff, total 23,013.81"
Virginia,Fairfax,2021,Personal Injury,Other,verdict,22685.0,1,10.029503273118987,STATE_COURT,"Virginia District Court Motion for Judgment, (Fairfax), plaintiff represented by HUSTON & ANGUS, judgment for plaintiff, total 22,684.52"
Virginia,Virginia Beach,2021,Personal Injury,Other,verdict,22559.0,1,10.023933705611995,STATE_COURT,"Virginia District Court Motion for Judgment, (Virginia Beach), plaintiff represented by SHAPIRO APPLETON, judgment for plaintiff, total 22,559"
Virginia,Henrico,2021,Personal Injury,Other,verdict,22558.0,1,10.023889378388423,STATE_COURT,"Virginia District Court Motion for Judgment, (Henrico), plaintiff represented by ALLEN & ALLEN, judgment for plaintiff, total 22,558, notes: MVA; MJ FILED; GDS RCV'D 9/7"
Virginia,,2021,Personal Injury,Other,verdict,22552.0,1,10.02362337377611,STATE_COURT,"Virginia District Court Motion for Judgment, plaintiff represented by ALLEN, ALLEN, judgment for plaintiff, total 22,552"
Virginia,Spotsylvania,2021,Personal Injury,Other,verdict,22552.0,1,10.02362337377611,STATE_COURT,"Virginia District Court Motion for Judgment, (Spotsylvania), plaintiff represented by ALLEN & ALLEN, judgment for plaintiff, total 22,552"
Virginia,,2021,Personal Injury,Other,verdict,22552.0,1,10.02362337377611,STATE_COURT,"Virginia District Court Motion for Judgment, plaintiff represented by BLANK & MARCUS, judgment for plaintiff, total 22,552"
Virginia,Fairfax,2021,Personal Injury,Other,verdict,22209.0,1,10.008297916888473,STATE_COURT,"Virginia District Court Motion for Judgment, (Fairfax), plaintiff represented by HUSTON & ANGUS, judgment for plaintiff, total 22,208.56"
Virginia,,2021,Personal Injury,Other,verdict,22088.0,1,10.002835026036827,STATE_COURT,"Virginia District Court Motion for Judgment, plaintiff represented by TRONFELD, WEST, judgment for plaintiff, total 22,088"
Virginia,Norfolk,2021,Personal Injury,Other,verdict,22065.0,1,10.001793241320252,STATE_COURT,"Virginia District Court Motion for Judgment, (Norfolk), plaintiff represented by TRONFELD WEST & DURRETT, judgment for plaintiff, total 22,065"
Virginia,Fairfax,2021,Personal Injury,Other,verdict,21231.0,1,9.96326475657199,STATE_COURT,"Virginia District Court Motion for Judgment, (Fairfax), plaintiff represented by HUSTON & ANGUS, judgment for plaintiff, total 21,231.12"
Virginia,,2021,Personal Injury,Other,verdict,20080.0,1,9.90752937336246,STATE_COURT,"Virginia District Court Motion for Judgment, plaintiff represented by ALLEN, ALLEN, judgment for plaintiff, total 20,080"
Virginia,Spotsylvania,2021,Personal Injury,Other,verdict,20064.0,1,9.906732282701016,STATE_COURT,"Virginia District Court Motion for Judgment, (Spotsylvania), plaintiff represented by ALLEN ALLEN, judgment for plaintiff, total 20,064"
Virginia,,2021,Personal Injury,Other,verdict,20052.0,1,9.906134047477034,STATE_COURT,"Virginia District Court Motion for Judgment, plaintiff represented by ALLEN, ALLEN, judgment for plaintiff, total 20,052"
Utah,,2021,Car Accident,Soft Tissue Injury,verdict,20000.0,1,9.90353755128617,News,Chain-reaction collision from an alleged red light violation.
Virginia,Henrico,2021,Personal Injury,Other,verdict,18564.0,1,9.829033366611181,STATE_COURT,"Virginia District Court Motion for Judgment, (Henrico), plaintiff represented by TRONFELD WEST & DURRETT, judgment for plaintiff, total 18,564, notes: BP RCVD 043021 / GD RCVD 050321"
Virginia,Hopewell,2021,Personal Injury,Other,verdict,18064.0,1,9.801731643581741,STATE_COURT,"Virginia District Court Motion for Judgment, (Hopewell), plaintiff represented by MARKS & HARRISON, judgment for plaintiff, total 18,064, notes: APPEAL BOND $18,000.00"
Virginia,,2021,Personal Injury,Other,verdict,18064.0,1,9.801731643581741,STATE_COURT,"Virginia District Court Motion for Judgment, plaintiff represented by RUTTER MILLS LLP, judgment for plaintiff, total 18,064"
Virginia,Hanover,2021,Personal Injury,Other,verdict,18055.0,1,9.801233318497372,STATE_COURT,"Virginia District Court Motion for Judgment, (Hanover), plaintiff represented by MARKS & HARRISON, judgment for plaintiff, total 18,055, notes: DISMISSED AS TO ROGER WILKINS"
Virginia,Fairfax,2021,Personal Injury,Other,verdict,17627.0,1,9.777243825961877,STATE_COURT,"Virginia District Court Motion for Judgment, (Fairfax), plaintiff represented by HUSTON & ANGUS, judgment for plaintiff, total 17,626.84"
Virginia,Fairfax,2021,Personal Injury,Other,verdict,17334.0,1,9.760482858119124,STATE_COURT,"Virginia District Court Motion for Judgment, (Fairfax), plaintiff represented by HUSTON & ANGUS, judgment for plaintiff, total 17,333.57"
Virginia,Fairfax,2021,Personal Injury,Other,verdict,17223.0,1,9.754059039044199,STATE_COURT,"Virginia District Court Motion for Judgment, (Fairfax), plaintiff represented by HUSTON & ANGUS, judgment for plaintiff, total 17,222.73"
Virginia,Fairfax,2021,Personal Injury,Other,verdict,16990.0,1,9.740439071085758,STATE_COURT,"Virginia District Court Motion for Judgment, (Fairfax), plaintiff represented by HUSTON & ANGUS, judgment for plaintiff, total 16,990.15"
Virginia,Fairfax,2021,Personal Injury,Other,verdict,16791.0,1,9.72865786150047,STATE_COURT,"Virginia District Court Motion for Judgment, (Fairfax), plaintiff represented by HUSTON & ANGUS, judgment for plaintiff, total 16,790.62"
Virginia,Fairfax,2021,Personal Injury,Other,verdict,16653.0,1,9.720405706795765,STATE_COURT,"Virginia District Court Motion for Judgment, (Fairfax), plaintiff represented by HUSTON & ANGUS, judgment for plaintiff, total 16,652.83"
Virginia,Fairfax,2021,Personal Injury,Other,verdict,16291.0,1,9.698429468768303,STATE_COURT,"Virginia District Court Motion for Judgment, (Fairfax), plaintiff represented by HUSTON & ANGUS, judgment for plaintiff, total 16,291.39"
Virginia,Halifax,2021,Personal Injury,Other,verdict,15621.0,1,9.656435456170243,STATE_COURT,"Virginia District Court Motion for Judgment, (Halifax), plaintiff represented by ALLEN ALLEN ALLEN & ALLEN, judgment for plaintiff, total 15,620.72, notes: NAMED DEFENDANT JAMES ARTIE POWELL"
Virginia,Fairfax,2021,Personal Injury,Other,verdict,15408.0,1,9.642707033281853,STATE_COURT,"Virginia District Court Motion for Judgment, (Fairfax), plaintiff represented by HUSTON & ANGUS, judgment for plaintiff, total 15,407.69"
Virginia,Loudoun,2021,Personal Injury,Other,verdict,15316.0,1,9.636718601664555,STATE_COURT,"Virginia District Court Motion for Judgment, (Loudoun), plaintiff represented by ALLEN ALLEN ETAL, judgment for plaintiff, total 15,316.41"
Virginia,Fairfax,2021,Personal Injury,Other,verdict,15210.0,1,9.629774129311743,STATE_COURT,"Virginia District Court Motion for Judgment, (Fairfax), plaintiff represented by HUSTON & ANGUS, judgment for plaintiff, total 15,209.64"
Virginia,Fairfax,2021,Personal Injury,Other,verdict,15096.0,1,9.622251327567737,STATE_COURT,"Virginia District Court Motion for Judgment, (Fairfax), plaintiff represented by HUSTON & ANGUS, judgment for plaintiff, total 15,095.76"
Virginia,Henrico,2021,Personal Injury,Other,verdict,15052.0,1,9.619332585860503,STATE_COURT,"Virginia District Court Motion for Judgment, (Henrico), plaintiff represented by MARKS & HARRISON, judgment for defendant, total 15,052"
Virginia,,2021,Personal Injury,Other,verdict,14802.0,1,9.602585141913492,STATE_COURT,"Virginia District Court Motion for Judgment, plaintiff represented by MARKS & HARRISON, judgment for plaintiff, total 14,802"
Virginia,Fairfax,2021,Personal Injury,Other,verdict,14725.0,1,9.597369917928662,STATE_COURT,"Virginia District Court Motion for Judgment, (Fairfax), plaintiff represented by HUSTON & ANGUS, judgment for plaintiff, total 14,725.12"
Virginia,Fairfax,2021,Personal Injury,Other,verdict,14629.0,1,9.59082949401417,STATE_COURT,"Virginia District Court Motion for Judgment, (Fairfax), plaintiff represented by HUSTON & ANGUS, judgment for plaintiff, total 14,628.66"
Virginia,Fairfax,2021,Personal Injury,Other,verdict,14100.0,1,9.55400099583723,STATE_COURT,"Virginia District Court Motion for Judgment, (Fairfax), plaintiff represented by HUSTON & ANGUS, judgment for plaintiff, total 14,100.03"
Virginia,,2021,Personal Injury,Other,verdict,14052.0,1,9.550591175100745,STATE_COURT,"Virginia District Court Motion for Judgment, plaintiff represented by TRONFELD, WEST, judgment for plaintiff, total 14,052"
Virginia,Henrico,2021,Personal Injury,Other,verdict,14052.0,1,9.550591175100745,STATE_COURT,"Virginia District Court Motion for Judgment, (Henrico), plaintiff represented by BLANK & MARCUS, judgment for plaintiff, total 14,052, notes: GD RCVD 102021"
Virginia,Fairfax,2021,Personal Injury,Other,verdict,14051.0,1,9.550520013385718,STATE_COURT,"Virginia District Court Motion for Judgment, (Fairfax), plaintiff represented by HUSTON & ANGUS, judgment for plaintiff, total 14,051.43"
Indiana,,2021,Premises Liability,Soft Tissue Injury,verdict,14000.0,1,9.546884034617925,News,"Child fell on a wet school bathroom floor, sustaining slip and fall injuries."
Virginia,Spotsylvania,2021,Personal Injury,Other,verdict,13564.0,1,9.515248225093032,STATE_COURT,"Virginia District Court Motion for Judgment, (Spotsylvania), plaintiff represented by MARKS & HARRISON, judgment for plaintiff, total 13,564"
Virginia,Spotsylvania,2021,Personal Injury,Other,verdict,13552.0,1,9.514363204016016,STATE_COURT,"Virginia District Court Motion for Judgment, (Spotsylvania), plaintiff represented by ALLEN & ALLEN, judgment for plaintiff, total 13,552"
Virginia,Spotsylvania,2021,Personal Injury,Other,verdict,13539.0,1,9.513403546466266,STATE_COURT,"Virginia District Court Motion for Judgment, (Spotsylvania), plaintiff represented by ALLEN ALLEN, judgment for plaintiff, total 13,539"
Virginia,Fairfax,2021,Personal Injury,Other,verdict,13335.0,1,9.49822242443063,STATE_COURT,"Virginia District Court Motion for Judgment, (Fairfax), plaintiff represented by HUSTON & ANGUS, judgment for plaintiff, total 13,334.51"
Virginia,Fairfax,2021,Personal Injury,Other,verdict,13305.0,1,9.495970340301833,STATE_COURT,"Virginia District Court Motion for Judgment, (Fairfax), plaintiff represented by HUSTON & ANGUS, judgment for plaintiff, total 13,304.95"
Virginia,Fairfax,2021,Personal Injury,Other,verdict,13300.0,1,9.495594499353297,STATE_COURT,"Virginia District Court Motion for Judgment, (Fairfax), plaintiff represented by HUSTON & ANGUS, judgment for plaintiff, total 13,300.38"
Virginia,Charlottesville,2021,Personal Injury,Other,verdict,13174.0,1,9.486076373409563,STATE_COURT,"Virginia District Court Motion for Judgment, (Charlottesville), plaintiff represented by MARKS  & HARRISON, judgment for other, total 13,173.89"
Virginia,Norfolk,2021,Personal Injury,Other,verdict,13053.0,1,9.476849879195163,STATE_COURT,"Virginia District Court Motion for Judgment, (Norfolk), plaintiff represented by COOPER HURLEY INJURY LAWYERS, judgment for plaintiff, total 13,053"
Virginia,Fairfax,2021,Personal Injury,Other,verdict,12627.0,1,9.443671849677882,STATE_COURT,"Virginia District Court Motion for Judgment, (Fairfax), plaintiff represented by HUSTON & ANGUS, judgment for plaintiff, total 12,626.51"
Virginia,Buckingham,2021,Personal Injury,Other,verdict,12564.0,1,9.438670449977693,STATE_COURT,"Virginia District Court Motion for Judgment, (Buckingham), plaintiff represented by ALLEN, ALLEN, ALLEN & ALLEN, judgment for plaintiff, total 12,564"
Virginia,,2021,Personal Injury,Other,verdict,12564.0,1,9.438670449977693,STATE_COURT,"Virginia District Court Motion for Judgment, plaintiff represented by TRONFELD WEST & DURRETT, judgment for plaintiff, total 12,564"
Virginia,Fairfax,2021,Personal Injury,Other,verdict,12559.0,1,9.438272440022189,STATE_COURT,"Virginia District Court Motion for Judgment, (Fairfax), plaintiff represented by HUSTON & ANGUS, judgment for plaintiff, total 12,558.89"
Virginia,Page,2021,Personal Injury,Other,verdict,12084.0,1,9.399720293137584,STATE_COURT,"Virginia District Court Motion for Judgment, (Page), plaintiff represented by ALLEN & ALLEN, judgment for plaintiff, total 12,084"
Virginia,New Kent,2021,Personal Injury,Other,verdict,12050.0,1,9.396902923027392,STATE_COURT,"Virginia District Court Motion for Judgment, (New Kent), plaintiff represented by ALLEN ALLEN ALLEN & ALLEN, judgment for plaintiff, total 12,050"
Virginia,Prince William,2021,Personal Injury,Other,verdict,12000.0,1,9.392745258631441,STATE_COURT,"Virginia District Court Motion for Judgment, (Prince William), plaintiff represented by ALLEN ALLEN ALLEN & ALLEN, judgment for plaintiff, total 12,000"
Virginia,Fairfax,2021,Personal Injury,Other,verdict,11732.0,1,9.370160663423624,STATE_COURT,"Virginia District Court Motion for Judgment, (Fairfax), plaintiff represented by HUSTON & ANGUS, judgment for plaintiff, total 11,732.13"
Virginia,Fairfax,2021,Personal Injury,Other,verdict,11503.0,1,9.350450079960828,STATE_COURT,"Virginia District Court Motion for Judgment, (Fairfax), plaintiff represented by HUSTON & ANGUS, judgment for plaintiff, total 11,503.44"
Virginia,Fairfax,2021,Personal Injury,Other,verdict,10112.0,1,9.221577003902171,STATE_COURT,"Virginia District Court Motion for Judgment, (Fairfax), plaintiff represented by HUSTON & ANGUS, judgment for plaintiff, total 10,112.02"
Virginia,Fairfax,2021,Personal Injury,Other,verdict,9894.0,1,9.199784858036667,STATE_COURT,"Virginia District Court Motion for Judgment, (Fairfax), plaintiff represented by HUSTON & ANGUS, judgment for plaintiff, total 9,893.7"
Virginia,Fairfax,2021,Personal Injury,Other,verdict,9715.0,1,9.181529290122063,STATE_COURT,"Virginia District Court Motion for Judgment, (Fairfax), plaintiff represented by HUSTON & ANGUS, judgment for plaintiff, total 9,714.98"
Virginia,,2021,Personal Injury,Other,verdict,8802.0,1,9.082847851460906,STATE_COURT,"Virginia District Court Motion for Judgment, plaintiff represented by TRONFELD, WEST, judgment for plaintiff, total 8,802"
Virginia,Fairfax,2021,Personal Injury,Other,verdict,8485.0,1,9.04617302576227,STATE_COURT,"Virginia District Court Motion for Judgment, (Fairfax), plaintiff represented by HUSTON & ANGUS, judgment for plaintiff, total 8,484.96"
Virginia,Fairfax,2021,Personal Injury,Other,verdict,7905.0,1,8.97537724385663,STATE_COURT,"Virginia District Court Motion for Judgment, (Fairfax), plaintiff represented by HUSTON & ANGUS, judgment for plaintiff, total 7,904.98"
Virginia,Spotsylvania,2021,Personal Injury,Other,verdict,7739.0,1,8.954156966583772,STATE_COURT,"Virginia District Court Motion for Judgment, (Spotsylvania), plaintiff represented by ALLEN ALLEN, judgment for plaintiff, total 7,739"
Virginia,Waynesboro,2021,Personal Injury,Other,verdict,7550.0,1,8.929435283803425,STATE_COURT,"Virginia District Court Motion for Judgment, (Waynesboro), plaintiff represented by MARKS & HARRISON, judgment for plaintiff, total 7,550"
Virginia,Albemarle,2021,Personal Injury,Other,verdict,7060.0,1,8.862341963516347,STATE_COURT,"Virginia District Court Motion for Judgment, (Albemarle), plaintiff represented by ALLEN & ALLEN, judgment for plaintiff, total 7,060"
Virginia,Albemarle,2021,Personal Injury,Other,verdict,7000.0,1,8.853808274977197,STATE_COURT,"Virginia District Court Motion for Judgment, (Albemarle), plaintiff represented by MARKS & HARRISON PC, judgment for plaintiff, total 7,000"
Virginia,Fairfax,2021,Personal Injury,Other,verdict,6737.0,1,8.815518423966498,STATE_COURT,"Virginia District Court Motion for Judgment, (Fairfax), plaintiff represented by HUSTON & ANGUS, judgment for plaintiff, total 6,737.22"
Virginia,Fairfax,2021,Personal Injury,Other,verdict,6703.0,1,8.810459642161918,STATE_COURT,"Virginia District Court Motion for Judgment, (Fairfax), plaintiff represented by HUSTON & ANGUS, judgment for plaintiff, total 6,702.55"
Virginia,Fairfax,2021,Personal Injury,Other,verdict,6654.0,1,8.803123730829212,STATE_COURT,"Virginia District Court Motion for Judgment, (Fairfax), plaintiff represented by HUSTON & ANGUS, judgment for plaintiff, total 6,653.55"
Virginia,Henrico,2021,Personal Injury,Other,verdict,6552.0,1,8.787678239039497,STATE_COURT,"Virginia District Court Motion for Judgment, (Henrico), plaintiff represented by ALLEN & ALLEN, judgment for plaintiff, total 6,552, notes: FILED/ G/D REC'D 10-15-21"
Virginia,Fairfax,2021,Personal Injury,Other,verdict,6330.0,1,8.753213480544126,STATE_COURT,"Virginia District Court Motion for Judgment, (Fairfax), plaintiff represented by HUSTON & ANGUS, judgment for plaintiff, total 6,330"
Virginia,Fairfax,2021,Personal Injury,Other,verdict,6056.0,1,8.708969906980947,STATE_COURT,"Virginia District Court Motion for Judgment, (Fairfax), plaintiff represented by HUSTON & ANGUS, judgment for plaintiff, total 6,055.77"
Virginia,Fairfax,2021,Personal Injury,Other,verdict,5695.0,1,8.647519453091812,STATE_COURT,"Virginia District Court Motion for Judgment, (Fairfax), plaintiff represented by HUSTON & ANGUS, judgment for plaintiff, total 5,695.27"
Virginia,Fairfax,2021,Personal Injury,Other,verdict,5562.0,1,8.623892810075294,STATE_COURT,"Virginia District Court Motion for Judgment, (Fairfax), plaintiff represented by HUSTON & ANGUS, judgment for plaintiff, total 5,562.49"
Virginia,Charlottesville,2021,Personal Injury,Other,verdict,5285.0,1,8.572817095164234,STATE_COURT,"Virginia District Court Motion for Judgment, (Charlottesville), plaintiff represented by ALLEN ALLEN ALLEN & ALLEN, judgment for plaintiff, total 5,285"
Virginia,Fairfax,2021,Personal Injury,Other,verdict,5089.0,1,8.53503310954457,STATE_COURT,"Virginia District Court Motion for Judgment, (Fairfax), plaintiff represented by HUSTON & ANGUS, judgment for plaintiff, total 5,089.02"
Virginia,Fairfax,2021,Personal Injury,Other,verdict,4899.0,1,8.496990484098719,STATE_COURT,"Virginia District Court Motion for Judgment, (Fairfax), plaintiff represented by HUSTON & ANGUS, judgment for plaintiff, total 4,899.39"
Virginia,Charlottesville,2021,Personal Injury,Other,verdict,3401.0,1,8.132118772955806,STATE_COURT,"Virginia District Court Motion for Judgment, (Charlottesville), plaintiff represented by ALLEN ALLEN ALLEN & ALLEN, judgment for plaintiff, total 3,400.5"
Virginia,,2021,Personal Injury,Other,verdict,3117.0,1,8.044947049617722,STATE_COURT,"Virginia District Court Motion for Judgment, plaintiff represented by GOLDSTEIN EDGAR  REAGAN, judgment for plaintiff, total 3,117"
Virginia,,2021,Personal Injury,Other,verdict,2671.0,1,7.890582534656536,STATE_COURT,"Virginia District Court Motion for Judgment, plaintiff represented by BLANK & MARCUS, judgment for other, total 2,671"
Virginia,Charlottesville,2021,Personal Injury,Other,verdict,1814.0,1,7.503840746698951,STATE_COURT,"Virginia District Court Motion for Judgment, (Charlottesville), plaintiff represented by ALLEN ALLEN ALLEN & ALLEN, judgment for plaintiff, total 1,813.5"
Virginia,Charlottesville,2021,Personal Injury,Other,verdict,1164.0,1,7.060476365999801,STATE_COURT,"Virginia District Court Motion for Judgment, (Charlottesville), plaintiff represented by ALLEN ALLEN ALLEN & ALLEN, judgment for plaintiff, total 1,164"
Virginia,,2021,Personal Injury,Other,verdict,893.0,1,6.795705775173514,STATE_COURT,"Virginia District Court Motion for Judgment, plaintiff represented by GOLDSTEIN EDGAR  REAGAN, judgment for plaintiff, total 892.75"
Virginia,Charlottesville,2021,Personal Injury,Other,verdict,659.0,1,6.492239835020471,STATE_COURT,"Virginia District Court Motion for Judgment, (Charlottesville), plaintiff represented by ALLEN ALLEN ALLEN & ALLEN, judgment for plaintiff, total 658.5"
Virginia,,2021,Personal Injury,Other,verdict,658.0,1,6.490723534502507,STATE_COURT,"Virginia District Court Motion for Judgment, plaintiff represented by GOLDSTEIN EDGAR  REAGAN, judgment for plaintiff, total 658"
Virginia,York,2021,Personal Injury,Other,verdict,612.0,1,6.418364935936212,STATE_COURT,"Virginia District Court Motion for Judgment, (York), plaintiff represented by GOLDSTEIN EDGAR & REAGAN, judgment for plaintiff, total 612"
Virginia,,2021,Personal Injury,Other,verdict,577.0,1,6.359573868672378,STATE_COURT,"Virginia District Court Motion for Judgment, plaintiff represented by GOLDSTEIN EDGAR  REAGAN, judgment for plaintiff, total 577"
Virginia,Charlottesville,2021,Personal Injury,Other,verdict,563.0,1,6.335054251498059,STATE_COURT,"Virginia District Court Motion for Judgment, (Charlottesville), plaintiff represented by ALLEN ALLEN ALLEN & ALLEN, judgment for plaintiff, total 563"
Virginia,,2021,Personal Injury,Other,verdict,510.0,1,6.236369590203704,STATE_COURT,"Virginia District Court Motion for Judgment, plaintiff represented by GOLDSTEIN EDGAR  REAGAN, judgment for plaintiff, total 509.5"
Virginia,,2021,Personal Injury,Other,verdict,292.0,1,5.680172609017068,STATE_COURT,"Virginia District Court Motion for Judgment, plaintiff represented by GOLDSTEIN EDGAR & REAGAN, judgment for plaintiff, total 291.99"
Virginia,,2021,Personal Injury,Other,verdict,285.0,1,5.655991810819852,STATE_COURT,"Virginia District Court Motion for Judgment, plaintiff represented by GOLDSTEIN EDGAR & REAGAN, judgment for plaintiff, total 284.51"
Illinois,,2020,Truck Accident,Wrongful Death,verdict,247000000.0,1,19.324898898640836,News,Van struck a tractor-trailer that was blocking the road. Trucking company had inadequate driver training protocols.
California,,2020,Other,Other,verdict,161000000.0,1,18.896914929159916,News,Other jury verdict of $161 million in California.
Illinois,,2020,Truck Accident,Back Injury,verdict,101000000.0,1,18.430631084706523,News,Rear-end collision by a truck driver who was under the influence. The trucking company had ignored its own safety policies.
Illinois,,2020,Car Accident,Wrongful Death,verdict,95000000.0,1,18.36938746009113,News,Head-on collision caused by a driver at twice the legal limit. The bar that served the intoxicated driver was also held liable.
Illinois,,2020,Truck Accident,Traumatic Brain Injury,verdict,70600000.0,1,18.072540716627778,News,"SUV broadsided by a tractor-trailer that ran a red light, causing a traumatic brain injury."
Illinois,,2020,Truck Accident,Spinal Cord Injury,verdict,53000000.0,1,17.78580249038432,News,Road rage incident in a construction zone caused a spinal cord injury. The trucking company had hidden telematics data.
Illinois,,2020,Truck Accident,Traumatic Brain Injury,verdict,50000000.0,1,17.72753358339242,News,Truck Accident jury verdict of $50.0 million in Illinois.
Indiana,,2020,Truck Accident,Spinal Cord Injury,verdict,43100000.0,1,17.579033578275833,News,"Nurse rear-ended by a truck, ending her 25-year career due to a spinal cord injury."
Texas,,2020,Truck Accident,Wrongful Death,settlement,40000000.0,0,17.50439003707821,CourtListener,"ACE rejected three Braswell settlement offers before and during trial, and the jury awarded the Braswells nearly $28 million."
Illinois,,2020,Bus Accident,Broken Bones,verdict,36500000.0,1,17.41282284594998,News,School bus collision injured four high school students with broken bones and other serious injuries.
Illinois,,2020,Truck Accident,Wrongful Death,verdict,32100000.0,1,17.284366619252893,News,"Dump truck swerved into a minivan, killing occupants. The truck driver was impaired at the time of the collision."
Texas,,2020,Truck Accident,Wrongful Death,verdict,30000000.0,1,17.216707972959764,News,Head-on collision with a commercial truck. Employer negligence in driver supervision contributed to the fatal crash.
California,,2020,Car Accident,Back Injury,settlement,23400000.0,0,16.96824662306297,News,Auto rollover case resulting in severe injuries.
California,Madera,2020,Car Accident,Spinal Cord Injury,verdict,21513000.0,1,16.884168008016342,News,Car Accident jury verdict of $21.5 million in California.
California,,2020,Premises Liability,Back Injury,verdict,21200000.0,1,16.86951178681205,News,Fall resulting in thoracic and lumbar fusion surgeries.
California,,2020,Workplace Injury,Broken Bones,verdict,20500000.0,1,16.835935492889124,News,"Construction worker contacted high voltage, resulting in hand amputation."
Georgia,,2020,Medical Malpractice,Traumatic Brain Injury,verdict,20000000.0,1,16.811242881518265,CourtListener,Williams1 $18 million to compensate him for injuries sustained in a collision between a dump truck driven by Harvey and a tractor driven by Williams and from the trial court’s order denying their motion for new trial.
Illinois,,2020,Motorcycle Accident,Broken Bones,verdict,16000000.0,1,16.588099342704055,News,"Motorcyclist struck by auto porter, resulting in a below-knee amputation and shoulder injuries."
California,,2020,Workplace Injury,Broken Bones,verdict,14800000.0,1,16.51013780630191,News,Disputed liability workplace injury case with significant damages.
California,,2020,Car Accident,Back Injury,verdict,14590000.0,1,16.495846989039062,News,Car Accident jury verdict of $14.6 million in California.
Colorado,,2020,Car Accident,Wrongful Death,verdict,13800000.0,1,16.440179222591198,News,Fatal motor vehicle collision. Judgment obtained for the family of the victim killed in the accident.
New York,,2020,Pedestrian Accident,Broken Bones,verdict,10600000.0,1,16.176364653421913,News,"Pedestrian struck by MTA transit bus at intersection, suffering rotator cuff tears, meniscus tears, and leg fracture requiring multiple surgeries."
Texas,,2020,Medical Malpractice,Wrongful Death,settlement,10250000.0,0,16.142788361109663,CourtListener,Medical Malpractice settlement of $10.3 million in Texas.
California,,2020,Premises Liability,Back Injury,verdict,9300000.0,1,16.04552506565036,News,Unsecured ladder fall requiring three-level fusion surgery.
California,,2020,Motorcycle Accident,Broken Bones,verdict,9000000.0,1,16.012735246411598,News,"Defective motorcycle brakes caused crash, resulting in leg fracture."
California,,2020,Car Accident,Back Injury,verdict,7900000.0,1,15.882373444019521,News,"Tire blowout caused truck to roll, resulting in neck fracture."
California,,2020,Slip and Fall,Back Injury,verdict,7200000.0,1,15.789591722875162,News,Slip and fall requiring back surgery and spinal cord stimulator implant.
California,,2020,Car Accident,Wrongful Death,verdict,6500000.0,1,15.687312888712007,News,Drunk driver crashed through road closure; construction worker killed.
California,,2020,Car Accident,Wrongful Death,verdict,6000000.0,1,15.607270193858982,News,Auto accident resulting in TBI and death.
California,,2020,Car Accident,Traumatic Brain Injury,verdict,5500000.0,1,15.520258832020865,News,"Elderly woman struck in disputed liability case, resulting in traumatic brain injury."
California,,2020,Motorcycle Accident,Wrongful Death,verdict,5000000.0,1,15.424948670398354,News,Employee hit by truck on motorcycle and killed.
Tennessee,,2020,Truck Accident,Other,verdict,4662329.9,1,15.35502607417999,CourtListener,"Kellon for economic damages in the amount of $1,846."
California,,2020,Motorcycle Accident,Broken Bones,verdict,4600000.0,1,15.341567078850604,News,$4.6 million jury verdict in a motorcycle accident case in California . The plaintiff sustained broken bones and was awarded damages.
California,,2020,Medical Malpractice,Traumatic Brain Injury,settlement,4500000.0,0,15.319588176962746,News,"OB/GYN failed to monitor pregnancy and induce delivery, resulting in birth injury."
South Carolina,,2020,Premises Liability,Knee Injury,verdict,4500000.0,1,15.319588176962746,CourtListener,"Subsequently, Denise submitted to Target a $12,000 offer of judgment, but Target did not accept the offer."
Connecticut,,2020,Medical Malpractice,Back Injury,verdict,4200000.0,1,15.250595321348806,CourtListener,"On October 28, 2016, the trial court accepted the jury verdict awarding the plaintiffs $."
California,,2020,Workplace Injury,Broken Bones,verdict,4000000.0,1,15.201805169084134,News,Hand amputation from traumatic workplace injury.
California,,2020,Car Accident,Back Injury,verdict,3810000.0,1,15.153140009570041,News,Rear-end collision requiring spine fusion.
California,,2020,Car Accident,Back Injury,verdict,3750000.0,1,15.137266664613225,News,Auto versus auto requiring spine fusion surgery.
Tennessee,,2020,Truck Accident,Burns,verdict,3705000.0,1,15.125194086617821,CourtListener,"” We find that a preponderance of the evidence does not support the decision of the trial court to remit the judgment to $1,100,000, and we, therefore reverse the judgment."
California,,2020,Bicycle Accident,Wrongful Death,verdict,3600000.0,1,15.096444681204078,News,Cyclist swerved in front of car; wrongful death case.
California,,2020,Workplace Injury,Back Injury,verdict,3600000.0,1,15.096444681204078,News,Scaffolding fall with disputed employment status.
New York,,2020,Car Accident,Back Injury,verdict,3449000.0,1,15.053595181858048,News,"Officer allegedly ran a stop sign and T-boned the plaintiff's vehicle, causing disc herniations and rotator cuff tear requiring multiple surgeries."
New York,,2020,Premises Liability,Broken Bones,verdict,3175000.0,1,14.97081850526951,News,"Worker fell from a 25-foot ladder, suffering orbital, femur, wrist, and elbow fractures requiring external fixation and extensive rehabilitation."
California,,2020,Truck Accident,Wrongful Death,verdict,3150000.0,1,14.962913328262083,News,Crash into commercial truck with disputed liability.
California,,2020,Car Accident,Soft Tissue Injury,verdict,2950000.0,1,14.897316067298997,News,Car Accident case in California. Soft Tissue Injury resulting in a $3.0M award.
California,,2020,Pedestrian Accident,Broken Bones,verdict,2820000.0,1,14.852247797524162,News,$2.8 million jury verdict in a pedestrian accident case in California . The plaintiff sustained broken bones and was awarded damages.
New York,,2020,Pedestrian Accident,Wrongful Death,verdict,2797000.0,1,14.844058329709954,News,"Pedestrian struck by motorized scooter operator, suffering multiple fractures and internal bleeding. The victim died four days later."
California,,2020,Truck Accident,Back Injury,verdict,2750000.0,1,14.827111833279051,News,Rear-ended by semi-trailer; lumbar fusion and knee surgery required.
California,,2020,Car Accident,Soft Tissue Injury,verdict,2530000.0,1,14.743730255960541,News,Car Accident case in California. Soft Tissue Injury resulting in a $2.5M award.
California,,2020,Car Accident,Traumatic Brain Injury,verdict,2500000.0,1,14.731801689838349,News,Auto versus auto; traumatic brain injury.
California,,2020,Pedestrian Accident,Broken Bones,verdict,2500000.0,1,14.731801689838349,News,$2.5 million jury verdict in a pedestrian accident case in California . The plaintiff sustained broken bones and was awarded damages.
Tennessee,,2020,Premises Liability,Wrongful Death,settlement,2500000.0,0,14.731801689838349,CourtListener,The jury found the defendants were at fault and awarded a total jury verdict of $.
Illinois,,2020,Medical Malpractice,Wrongful Death,verdict,2375000.0,1,14.680508416503422,News,ER patient discharged without proper testing and subsequently died.
Illinois,,2020,Medical Malpractice,Wrongful Death,verdict,2375000.0,1,14.680508416503422,News,Patient with chest pain was misdiagnosed and died 19 days later from a rare clotting disorder.
California,,2020,Car Accident,Soft Tissue Injury,verdict,2330000.0,1,14.66137925472634,News,Illegal U-turn caused collision; air bags deployed.
California,,2020,Car Accident,Back Injury,verdict,2130000.0,1,14.571633007169066,News,Rear-end collision requiring cervical disc replacement.
Tennessee,,2020,Bus Accident,Wrongful Death,settlement,2071216.21,0,14.543647016577681,CourtListener,"That, assuming settling codefendants are on the verdict form, that $750,000 maximum will be apportioned among the defendants on the verdict form, with Ameron paying only its percentage, if any, of the capped noneconomic damages."
Illinois,,2020,Medical Malpractice,Wrongful Death,verdict,2000000.0,1,14.508658238524095,News,"Hospital patient developed pneumonia that was negligently treated with delayed intervention, resulting in death."
California,,2020,Pedestrian Accident,Broken Bones,verdict,2000000.0,1,14.508658238524095,News,$2.0 million jury verdict in a pedestrian accident case in California . The plaintiff sustained broken bones and was awarded damages.
California,,2020,Car Accident,Back Injury,verdict,2000000.0,1,14.508658238524095,News,Rear-end requiring lumbar disc replacement.
New York,,2020,Medical Malpractice,Traumatic Brain Injury,verdict,2000000.0,1,14.508658238524095,CourtListener,"At the conclusion of the trial on the issue of damages, the jury returned a verdict in favor of the plaintiff and against the defendants in the principal sum of $2,000."
California,,2020,Car Accident,Back Injury,verdict,1990000.0,1,14.503645699213111,News,Auto versus auto requiring spine fusion.
California,,2020,Car Accident,Soft Tissue Injury,verdict,1950000.0,1,14.48334044336031,News,Car Accident case in California. Soft Tissue Injury resulting in a $1.9M award.
New York,,2020,Workplace Injury,Soft Tissue Injury,verdict,1925000.0,1,14.470437045184406,News,Long Island Rail Road conductor suffered elbow injury from a stuck door mechanism. Awarded damages including compensation for future pension loss.
California,,2020,Car Accident,Back Injury,verdict,1875000.0,1,14.444119750719839,News,Disc replacement needed after auto collision.
California,,2020,Car Accident,Back Injury,verdict,1830000.0,1,14.419827071265543,News,Rear-end at intersection causing spine injury.
South Carolina,,2020,Car Accident,Broken Bones,verdict,1800000.0,1,14.403297778421795,News,"Plaintiff T-boned by a defendant who ran a red light while intoxicated, causing severe injuries."
Michigan,,2020,Car Accident,Traumatic Brain Injury,verdict,1800000.0,1,14.403297778421795,News,"Landscaper broadsided by a police vehicle, resulting in a permanent traumatic brain injury and disability."
California,,2020,Car Accident,Back Injury,verdict,1800000.0,1,14.403297778421795,News,Cervical fusion case from auto accident.
California,,2020,Car Accident,Spinal Cord Injury,verdict,1765000.0,1,14.383661814921611,News,Auto versus auto requiring spinal cord stimulator.
California,,2020,Premises Liability,Back Injury,verdict,1750000.0,1,14.375126917328105,News,Premises liability case requiring spine fusion.
California,,2020,Truck Accident,Soft Tissue Injury,verdict,1700000.0,1,14.346139397261565,News,"Truck lost control at stop sign, causing collision."
California,,2020,Premises Liability,Soft Tissue Injury,verdict,1650000.0,1,14.316286451937186,News,Premises Liability case in California. Soft Tissue Injury resulting in a $1.6M award.
Florida,,2020,Other,Wrongful Death,settlement,1605000.0,0,14.288634937599019,CourtListener,"Reynolds Tobacco Company: 26% Liggett Group LLC: 10% It awarded compensatory damages in the amount of $1,605,000, and also found that the Tobacco Defendants should be liable for punitive damages."
California,,2020,Truck Accident,Back Injury,verdict,1600000.0,1,14.285514812209815,News,$1.6 million jury verdict in a truck accident case in California . The plaintiff sustained back injury and was awarded damages.
California,,2020,Car Accident,Back Injury,verdict,1550000.0,1,14.253766134056512,News,Auto versus auto; disc replacement needed.
California,,2020,Premises Liability,Back Injury,verdict,1510000.0,1,14.227620871042543,News,Planter tripping hazard causing neck injury.
California,,2020,Medical Malpractice,Wrongful Death,settlement,1500000.0,0,14.220976332738882,News,General medical malpractice resulting in death.
California,,2020,Medical Malpractice,Other,settlement,1500000.0,0,14.220976332738882,News,$1.5 million settlement in a medical malpractice case in California . The plaintiff sustained personal injury and was awarded damages.
California,,2020,Premises Liability,Broken Bones,settlement,1500000.0,0,14.220976332738882,News,Accident on another's property causing serious injuries.
California,,2020,Car Accident,Back Injury,verdict,1500000.0,1,14.220976332738882,News,$1.5 million jury verdict in a car accident case in California . The plaintiff sustained back injury and was awarded damages.
California,,2020,Motorcycle Accident,Broken Bones,settlement,1300000.0,0,14.077875591662238,News,Motorcycle accident victim with severe injuries.
California,,2020,Car Accident,Back Injury,verdict,1260000.0,1,14.04662307257814,News,Struck in collision requiring spine surgery; bench trial.
Arizona,,2020,Car Accident,Broken Bones,settlement,1250000.0,0,14.038654909278163,News,T-bone collision with a pickup truck causing severe injuries.
California,,2020,Car Accident,Back Injury,verdict,1250000.0,1,14.038654909278163,News,Cut-off from driveway; two-level cervical fusion.
New York,,2020,Motorcycle Accident,Traumatic Brain Injury,verdict,1250000.0,1,14.038654909278163,News,Motorcycle struck by transit bus after coming to a stop. Rider suffered leg avulsion and compartment syndrome requiring surgery.
California,,2020,Car Accident,Back Injury,verdict,1200000.0,1,13.997832948091215,News,$1.2 million jury verdict in a car accident case in California . The plaintiff sustained back injury and was awarded damages.
Georgia,,2020,Medical Malpractice,Back Injury,verdict,1196288.97,1,13.994735633939278,CourtListener,"Evans the amount she had requested in damages for past medical expenses ($1,196."
California,,2020,Slip and Fall,Broken Bones,verdict,1150000.0,1,13.955273369904273,News,$1.1 million jury verdict in a slip and fall case in California . The plaintiff sustained broken bones and was awarded damages.
California,,2020,Car Accident,Back Injury,verdict,1075000.0,1,13.887832149776026,News,$1.1 million jury verdict in a car accident case in California . The plaintiff sustained back injury and was awarded damages.
California,,2020,Premises Liability,Broken Bones,verdict,1050000.0,1,13.864301674514206,News,Wet floor slip; patient with brittle bone disease.
Illinois,,2020,Medical Malpractice,Wrongful Death,verdict,1000000.0,1,13.815511557963774,News,Cardiac patient died two days after a procedure due to inadequate post-operative care.
Michigan,,2020,Medical Malpractice,Traumatic Brain Injury,verdict,1000000.0,1,13.815511557963774,News,"Patient's oxygen level dropped post-operatively, and there was a one-hour delay before resuscitation efforts began."
California,,2020,Car Accident,Other,settlement,1000000.0,0,13.815511557963774,News,$1.0 million settlement in a car accident case in California . The plaintiff sustained personal injury and was awarded damages.
California,,2020,Car Accident,Traumatic Brain Injury,verdict,1000000.0,1,13.815511557963774,News,Car Accident case in California. Traumatic Brain Injury resulting in a $1.0M award.
Tennessee,,2020,Truck Accident,Other,verdict,1000000.0,1,13.815511557963774,CourtListener,Truck Accident jury verdict of $1 million in Tennessee.
California,,2020,Truck Accident,Broken Bones,verdict,999000.0,1,13.81451105863119,News,"$999,000 jury verdict in a truck accident case in California . The plaintiff sustained broken bones and was awarded damages."
California,,2020,Car Accident,Back Injury,verdict,950000.0,1,13.76421831620775,News,Freeway rear-end; back and neck injuries.
California,,2020,Car Accident,Soft Tissue Injury,settlement,900000.0,0,13.710151153416941,News,General motor vehicle accident injuries.
California,,2020,Slip and Fall,Knee Injury,verdict,900000.0,1,13.710151153416941,News,Ice machine slip causing knee cap fracture.
Illinois,,2020,Premises Liability,Other,settlement,900000.0,0,13.710151153416941,News,Security guard with felony background shot a patron multiple times during an altercation at a bar.
Ohio,,2020,Car Accident,Spinal Cord Injury,verdict,890000.0,1,13.698977865303197,CourtListener,"SABATH, : OPINION Plaintiff-Appellee, : CASE NOS."
California,,2020,Car Accident,Back Injury,verdict,850000.0,1,13.652992804936396,News,Spine injury with heavily disputed causation.
Ohio,,2020,Medical Malpractice,Spinal Cord Injury,settlement,849906.0,0,13.65288221071589,CourtListener,"(“CAST”) appeal the trial court’s judgment awarding plaintiffs-appellees Dana and Craig Setters damages in the amount of $849,906 on their claims for negligence, lack of informed consent, and loss of consortium."
California,,2020,Car Accident,Back Injury,verdict,830000.0,1,13.629182184591333,News,Rear-ended requiring cervical fusion surgery.
California,,2020,Car Accident,Other,settlement,825000.0,0,13.623139877437296,News,"$825,000 settlement in a car accident case in California . The plaintiff sustained personal injury and was awarded damages."
California,,2020,Car Accident,Back Injury,verdict,815000.0,1,13.610944619216111,News,Contact with lug nuts requiring cervical surgery.
California,,2020,Premises Liability,Other,settlement,785000.0,0,13.573440270649085,News,"Premises Liability case in California. Other resulting in a $785,000 award."
Texas,,2020,Slip and Fall,Broken Bones,settlement,775000.0,0,13.560619598657233,News,"Customer slipped on wet floor at a gas station, breaking her femur. Condition worsened after multiple subsequent falls."
Utah,,2020,Car Accident,Soft Tissue Injury,settlement,750000.0,0,13.527829818844937,News,Single-vehicle interstate collision causing open wounds and PTSD.
California,,2020,Car Accident,Soft Tissue Injury,settlement,750000.0,0,13.527829818844937,News,"Car Accident case in California. Soft Tissue Injury resulting in a $750,000 award."
California,,2020,Pedestrian Accident,Broken Bones,settlement,750000.0,0,13.527829818844937,News,"$750,000 settlement in a pedestrian accident case in California . The plaintiff sustained broken bones and was awarded damages."
Illinois,,2020,Medical Malpractice,Wrongful Death,verdict,734000.0,1,13.506265669993544,News,"Steroid injection punctured the dura, leading to complications and death."
California,,2020,Premises Liability,Broken Bones,verdict,655000.0,1,13.39239204133378,News,"$655,000 jury verdict in a premises liability case in California . The plaintiff sustained broken bones and was awarded damages."
California,,2020,Car Accident,Soft Tissue Injury,settlement,650000.0,0,13.384729180332174,News,"Car Accident case in California. Soft Tissue Injury resulting in a $650,000 award."
Illinois,,2020,Medical Malpractice,Other,verdict,601000.0,1,13.30635187740947,News,Patient developed rhabdomyolysis from two cholesterol drugs prescribed simultaneously due to negligent prescribing.
New York,,2020,Truck Accident,Knee Injury,verdict,600000.0,1,13.304686600863562,CourtListener,"Truck Accident jury verdict of $600,000 in New York."
Colorado,,2020,Car Accident,Soft Tissue Injury,verdict,559256.0,1,13.234364396037565,News,Third vehicle in a chain reaction collision. Plaintiff settled with the first driver for $300K and pursued UIM benefits for the remainder.
California,,2020,Car Accident,Back Injury,verdict,544000.0,1,13.206706364071684,News,"$544,000 jury verdict in a car accident case in California . The plaintiff sustained back injury and was awarded damages."
California,,2020,Medical Malpractice,Other,settlement,500000.0,0,13.122365377402328,News,"Medical Malpractice case in California. Other resulting in a $500,000 award."
Tennessee,,2020,Bus Accident,Burns,verdict,500000.0,1,13.122365377402328,CourtListener,"On July 1, 2011, State Farm filed an offer of judgment, wherein it offered Appellant $25."
New York,,2020,Car Accident,Knee Injury,settlement,480000.0,0,13.081543466215237,CourtListener,"Car Accident settlement of $480,000 in New York."
California,,2020,Car Accident,Soft Tissue Injury,settlement,450000.0,0,13.017005083966255,News,"Car Accident case in California. Soft Tissue Injury resulting in a $450,000 award."
California,,2020,Medical Malpractice,Other,settlement,390000.0,0,12.873904582205107,News,"Medical Malpractice case in California. Other resulting in a $390,000 award."
New York,,2020,Pedestrian Accident,Broken Bones,settlement,325000.0,0,12.691583538230217,News,"Pedestrian negligently struck by vehicle, suffering severe permanent injuries requiring extended medical treatment."
California,,2020,Car Accident,Soft Tissue Injury,settlement,310000.0,0,12.644330802262578,News,"Car Accident case in California. Soft Tissue Injury resulting in a $310,000 award."
California,,2020,Medical Malpractice,Other,settlement,310000.0,0,12.644330802262578,News,"Medical Malpractice case in California. Other resulting in a $310,000 award."
New York,,2020,Car Accident,Shoulder Injury,verdict,305000.0,1,12.628070334272698,News,"Rear-end collision caused rotator cuff and labrum tears, requiring two separate arthroscopic shoulder surgeries."
Illinois,,2020,Premises Liability,Traumatic Brain Injury,verdict,300000.0,1,12.611541086966115,News,"Woman slipped on ice and suffered a subarachnoid hemorrhage, leading to a seizure disorder."
California,,2020,Car Accident,Soft Tissue Injury,settlement,300000.0,0,12.611541086966115,News,"Car Accident case in California. Soft Tissue Injury resulting in a $300,000 award."
California,,2020,Premises Liability,Broken Bones,settlement,276000.0,0,12.52815976788113,News,"Premises Liability case in California. Broken Bones resulting in a $276,000 award."
California,,2020,Car Accident,Back Injury,verdict,256000.0,1,12.45293662970407,News,Rear-end at low speed with disputed liability.
Georgia,,2020,Car Accident,Other,verdict,250000.0,1,12.429220196836383,CourtListener,"In a bench trial, the court awarded Reid more than $23,000 in compensatory damages, which the court apportioned equally between the two defendants, citing the current version of the apportionment statute, OCGA § 51- 12-."
Tennessee,,2020,Truck Accident,Shoulder Injury,settlement,239055.36,0,12.384454619013031,CourtListener,E2019-00712-COA-R3-CV This appeal concerns a jury verdict in a personal injury case.
Colorado,,2020,Car Accident,Back Injury,verdict,227027.0,1,12.332828636874419,News,Plaintiff required fusion and disc replacement surgery after defendant ran a red light. C4-5 and C6-7 herniations with myelopathy.
Arizona,,2020,Car Accident,Shoulder Injury,verdict,220994.0,1,12.305895355809565,News,"Vehicle struck while exiting hotel parking lot. Torn rotator cuff. Fault apportioned with net award of $198,994."
Arizona,,2020,Car Accident,Shoulder Injury,settlement,220000.0,0,12.301387370778713,News,"Struck in a hotel parking lot, resulting in a rotator cuff tear."
New York,,2020,Slip and Fall,Broken Bones,verdict,195000.0,1,12.180759965737863,News,"Damaged step edge on a subway stairway caused a fall, breaking the victim's ankle and requiring surgical repair."
Michigan,,2020,Car Accident,Soft Tissue Injury,verdict,175000.0,1,12.07254696717504,News,Married couple involved in a collision with a PIP benefits dispute against Allstate.
California,,2020,Motorcycle Accident,Broken Bones,settlement,175000.0,0,12.07254696717504,News,"Motorcycle Accident case in California. Broken Bones resulting in a $175,000 award."
Arizona,,2020,Car Accident,Soft Tissue Injury,verdict,153829.0,1,11.943603375549797,News,Garbage truck sideswiped dump truck. Negligence claim against City of Tempe.
South Carolina,,2020,Car Accident,Back Injury,verdict,150000.0,1,11.918397239722838,News,"Woman rear-ended in Richland County, sustaining neck, back, and shoulder injuries. Jury award."
Mississippi,,2020,Medical Malpractice,Back Injury,verdict,133839.42,1,11.804403473731096,CourtListener,"The trial court rendered a verdict for Joyce, which included a monetary judgment in the amount of $133."
Colorado,,2020,Car Accident,Back Injury,settlement,130000.0,0,11.775297421715827,News,"Car Accident settlement of $130,000 in Colorado."
Utah,,2020,Car Accident,Whiplash,verdict,129579.0,1,11.772053730003949,News,"Car Accident jury verdict of $129,579 in Utah."
Indiana,,2020,Premises Liability,Traumatic Brain Injury,verdict,129000.0,1,11.767575435251748,News,"Falling tree limb struck the plaintiff, causing a head injury. Award was reduced for comparative fault."
California,,2020,Medical Malpractice,Other,settlement,125000.0,0,11.736077016252437,News,"Medical Malpractice case in California. Other resulting in a $125,000 award."
Georgia,,2020,Truck Accident,Knee Injury,verdict,125000.0,1,11.736077016252437,CourtListener,"Ultimately, the jury returned a verdict in favor of Bebee and awarded $75,000 in damages."
Pennsylvania,,2020,Premises Liability,Soft Tissue Injury,verdict,120000.0,1,11.695255355062795,News,"Plaintiff slipped on hidden ice on a sidewalk, sustaining head and neck injuries."
Ohio,,2020,Premises Liability,Wrongful Death,verdict,115000.0,1,11.652696102959753,News,Nursing home resident choked after being left unsupervised.
California,,2020,Car Accident,Soft Tissue Injury,settlement,110000.0,0,11.608244735642321,News,"Car Accident case in California. Soft Tissue Injury resulting in a $110,000 award."
California,,2020,Car Accident,Soft Tissue Injury,settlement,100000.0,0,11.51293546492023,News,"Car Accident case in California. Soft Tissue Injury resulting in a $100,000 award."
Ohio,,2020,Premises Liability,Back Injury,settlement,100000.0,0,11.51293546492023,CourtListener,"Premises Liability settlement of $100,000 in Ohio."
Tennessee,,2020,Medical Malpractice,Wrongful Death,verdict,100000.0,1,11.51293546492023,CourtListener,E2019-01170-COA-R3-CV ___________________________________ This is an appeal from a personal injury case where the trial court entered a directed verdict on liability and where the jury returned a verdict awarding the plaintiff $0 in damages.
Nevada,Clark,2020,Car Accident,Multiple Injuries,settlement,100000.0,0,11.51293546492023,Las Vegas Review-Journal,"The North Las Vegas City Council approved a $100,000 settlement in October 2020 for Brooke Shandor, whose car was struck by a city police vehicle in April 2018. She alleged injuries to her shoulders, back, limbs and organs, some potentially permanent, paid through the city's self-insurance fund."
Georgia,,2020,Medical Malpractice,Spinal Cord Injury,verdict,100000.0,1,11.51293546492023,CourtListener,"Medical Malpractice jury verdict of $100,000 in Georgia."
Alaska,,2020,Medical Malpractice,Knee Injury,verdict,100000.0,1,11.51293546492023,CourtListener,” She alleged that Alaska Airlines was negligent and breached its duty of care; she claimed damages in excess of $100.
South Carolina,,2020,Car Accident,Wrongful Death,verdict,97810.0,1,11.49079232413576,News,"Car Accident jury verdict of $97,810 in South Carolina."
South Carolina,,2020,Car Accident,Wrongful Death,verdict,90000.0,1,11.407576060361786,News,Fatal motor vehicle accident in Aiken County.
Texas,,2020,Medical Malpractice,Traumatic Brain Injury,settlement,85787.37,0,11.359638728503075,CourtListener,A jury awarded Adams a total of $85.
Illinois,,2020,Car Accident,Soft Tissue Injury,verdict,75000.0,1,11.225256725762893,News,"Woman sideswiped by a medical transport van, suffering multiple injuries and PTSD."
New York,,2020,Car Accident,Broken Bones,verdict,75000.0,1,11.225256725762893,News,"Taxi passenger injured in a rear-end collision, suffering a broken nose and soft tissue injuries that required surgery."
Colorado,,2020,Car Accident,Shoulder Injury,verdict,72011.0,1,11.184588050777514,News,"Head-on collision after defendant failed to stop at a red light. Plaintiff suffered a rotator cuff tear and headaches, unable to work for one year."
Ohio,,2020,Car Accident,Shoulder Injury,verdict,60625.0,1,11.012479122949106,News,Rear-end collision caused a permanent shoulder injury.
Ohio,,2020,Car Accident,Soft Tissue Injury,verdict,52127.0,1,10.861457511401772,News,"Passenger rear-ended while riding in an employer's truck, sustaining soft tissue injuries."
New York,,2020,Medical Malpractice,Back Injury,settlement,50000.0,0,10.819798284210286,CourtListener,"The matter proceeded to trial, where the jury awarded plaintiff damages of $50,000 for past pain and suffering on her negligence cause of action."
Missouri,,2020,Premises Liability,Other,settlement,49315.0,0,10.806003850988443,CourtListener,"Employer's workers' compensation insurer, AMCO Insurance Company (""AMCO""), paid Austin temporary total disability benefits at the rate of $545 per week for 93 weeks from March 11, 2011 through December 21."
Virginia,,2020,Personal Injury,Other,verdict,40064.0,1,10.598258414212172,STATE_COURT,"Virginia District Court Motion for Judgment, plaintiff represented by ALLEN, ALLEN, judgment for plaintiff, total 40,064"
Illinois,,2020,Truck Accident,Back Injury,verdict,36462.48,1,10.50406649074315,CourtListener,"” In addition, Budget asserted that, as a result of the accident, it had reimbursed the third parties for damages suffered to their persons and vehicles in the amount of $36."
Texas,Harris,2020,Car Accident,Back Injury,verdict,33525.0,1,10.420076536191223,News,"Woman failed to yield at a stop sign and T-boned the victim, who developed multiple disc herniations with radiating arm and leg pain."
Virginia,Fairfax,2020,Personal Injury,Other,verdict,30642.0,1,10.33015953028869,STATE_COURT,"Virginia District Court Motion for Judgment, (Fairfax), plaintiff represented by HUSTON & ANGUS, judgment for plaintiff, total 30,641.54"
Virginia,Portsmouth,2020,Personal Injury,Other,verdict,25092.0,1,10.13034420176222,STATE_COURT,"Virginia District Court Motion for Judgment, (Portsmouth), plaintiff represented by TRONFELD WEST & DURRETT, judgment for plaintiff, total 25,092"
Virginia,Louisa,2020,Personal Injury,Other,verdict,25062.0,1,10.129147933974613,STATE_COURT,"Virginia District Court Motion for Judgment, (Louisa), plaintiff represented by ALLEN, ALLEN, ALLEN & ALLEN, judgment for plaintiff, total 25,062"
Virginia,Portsmouth,2020,Personal Injury,Other,verdict,25055.0,1,10.128868598790529,STATE_COURT,"Virginia District Court Motion for Judgment, (Portsmouth), plaintiff represented by SHAPIRO APPLETON & WASHBURN PC, judgment for plaintiff, total 25,055, notes: BOP FILED 7/23/20 VIA FAX BOP RCVD 8/11/20 8/31/20 GOD RCVD"
Virginia,Henrico,2020,Personal Injury,Other,verdict,25052.0,1,10.12874885982134,STATE_COURT,"Virginia District Court Motion for Judgment, (Henrico), plaintiff represented by ALLEN ALLEN, judgment for plaintiff, total 25,052"
Virginia,,2020,Personal Injury,Other,verdict,25052.0,1,10.12874885982134,STATE_COURT,"Virginia District Court Motion for Judgment, plaintiff represented by TRONFELD, WEST, judgment for plaintiff, total 25,052"
Virginia,,2020,Personal Injury,Other,verdict,25052.0,1,10.12874885982134,STATE_COURT,"Virginia District Court Motion for Judgment, plaintiff represented by ALLEN, ALLEN, judgment for transfer/change of venue, total 25,052, notes: CASE TRANSFERED TO RICHMOND CIRCUIT COURT"
Virginia,Surry,2020,Personal Injury,Other,verdict,25048.0,1,10.1285891855565,STATE_COURT,"Virginia District Court Motion for Judgment, (Surry), plaintiff represented by MARKS & HARRISON, total 25,048"
Virginia,,2020,Personal Injury,Other,verdict,25046.0,1,10.128509338862111,STATE_COURT,"Virginia District Court Motion for Judgment, plaintiff represented by TRONFELD, WEST, judgment for transfer/change of venue, total 25,046"
Virginia,,2020,Personal Injury,Other,verdict,25046.0,1,10.128509338862111,STATE_COURT,"Virginia District Court Motion for Judgment, plaintiff represented by MARKS & HARRISON, judgment for transfer/change of venue, total 25,046, notes: VENUE TRANSFERRED TO HENRICO COUNTY GENERAL DISTRICT COURT"
Virginia,,2020,Personal Injury,Other,verdict,25046.0,1,10.128509338862111,STATE_COURT,"Virginia District Court Motion for Judgment, plaintiff represented by BLANK & MARCUS, total 25,046"
Virginia,,2020,Personal Injury,Other,verdict,25046.0,1,10.128509338862111,STATE_COURT,"Virginia District Court Motion for Judgment, plaintiff represented by TRONFELD, WEST, judgment for transfer/change of venue, total 25,046, notes: CASE TRANSFERED TO HENRICO GENERAL DISTRICT COURT"
Virginia,,2020,Personal Injury,Other,verdict,25046.0,1,10.128509338862111,STATE_COURT,"Virginia District Court Motion for Judgment, plaintiff represented by TRONFELD, WEST, judgment for transfer/change of venue, total 25,046"
Virginia,,2020,Personal Injury,Other,verdict,25046.0,1,10.128509338862111,STATE_COURT,"Virginia District Court Motion for Judgment, plaintiff represented by BLANK & MARCUS, judgment for plaintiff, total 25,046, notes: PLEASE CALL COURT FOR DISPOSITION"
Virginia,Henrico,2020,Personal Injury,Other,verdict,25046.0,1,10.128509338862111,STATE_COURT,"Virginia District Court Motion for Judgment, (Henrico), plaintiff represented by ALLEN ALLEN ALLEN & ALLEN, total 25,046, notes: TRANS TO CIRCUIT CT AFTER AD DAMNUM INCREASED OVER $25K"
Virginia,,2020,Personal Injury,Other,verdict,25046.0,1,10.128509338862111,STATE_COURT,"Virginia District Court Motion for Judgment, plaintiff represented by ALLEN, ALLEN, judgment for plaintiff, total 25,046"
Virginia,Henrico,2020,Personal Injury,Other,verdict,25046.0,1,10.128509338862111,STATE_COURT,"Virginia District Court Motion for Judgment, (Henrico), plaintiff represented by COMMONWEALTH LAW GROUP, judgment for plaintiff, total 25,046, notes: G/D DUE 30 DAYS, RCV'D 7/30/2020"
Virginia,Henrico,2020,Personal Injury,Other,verdict,25046.0,1,10.128509338862111,STATE_COURT,"Virginia District Court Motion for Judgment, (Henrico), plaintiff represented by TRONFELD WEST, total 25,046, notes: GDS RCV'D 10/07"
Virginia,Hanover,2020,Personal Injury,Other,verdict,25000.0,1,10.12667110305036,STATE_COURT,"Virginia District Court Motion for Judgment, (Hanover), plaintiff represented by ALLEN ALLEN ALLEN & ALLEN, judgment for plaintiff, total 25,000"
Virginia,Fairfax,2020,Personal Injury,Other,verdict,24356.0,1,10.100574561530555,STATE_COURT,"Virginia District Court Motion for Judgment, (Fairfax), plaintiff represented by HUSTON & ANGUS, judgment for plaintiff, total 24,355.73"
Virginia,Spotsylvania,2020,Personal Injury,Other,verdict,23564.0,1,10.067517839357832,STATE_COURT,"Virginia District Court Motion for Judgment, (Spotsylvania), plaintiff represented by ALLEN ALLEN ALLEN & ALLEN, judgment for plaintiff, total 23,564"
Virginia,Spotsylvania,2020,Personal Injury,Other,verdict,23546.0,1,10.066753702794923,STATE_COURT,"Virginia District Court Motion for Judgment, (Spotsylvania), plaintiff represented by ALLEN ALLEN ALLEN & ALLEN, judgment for plaintiff, total 23,546"
Virginia,Fairfax,2020,Personal Injury,Other,verdict,23512.0,1,10.065308738667605,STATE_COURT,"Virginia District Court Motion for Judgment, (Fairfax), plaintiff represented by HUSTON & ANGUS, judgment for plaintiff, total 23,512.24"
Virginia,,2020,Personal Injury,Other,verdict,23052.0,1,10.045551191799596,STATE_COURT,"Virginia District Court Motion for Judgment, plaintiff represented by ALLEN, ALLEN, judgment for plaintiff, total 23,052"
Virginia,Norfolk,2020,Personal Injury,Other,verdict,23046.0,1,10.045290888110491,STATE_COURT,"Virginia District Court Motion for Judgment, (Norfolk), plaintiff represented by BLANK & MARCUS, judgment for plaintiff, total 23,046"
Virginia,Norfolk,2020,Personal Injury,Other,verdict,22565.0,1,10.024199627698392,STATE_COURT,"Virginia District Court Motion for Judgment, (Norfolk), plaintiff represented by ALLEN ALLEN & ALLEN, judgment for plaintiff, total 22,565"
Virginia,,2020,Personal Injury,Other,verdict,22552.0,1,10.02362337377611,STATE_COURT,"Virginia District Court Motion for Judgment, plaintiff represented by MARKS & HARRISON, judgment for plaintiff, total 22,552"
Virginia,Prince Edward,2020,Personal Injury,Other,verdict,22062.0,1,10.001657276308372,STATE_COURT,"Virginia District Court Motion for Judgment, (Prince Edward), plaintiff represented by ALLEN ALLEN ALLEN & ALLEN, judgment for plaintiff, total 22,062"
Virginia,,2020,Personal Injury,Other,verdict,22046.0,1,10.000931817196982,STATE_COURT,"Virginia District Court Motion for Judgment, plaintiff represented by MARKS & HARRISON, judgment for other, total 22,046"
Virginia,Fairfax,2020,Personal Injury,Other,verdict,21914.0,1,9.99492661285291,STATE_COURT,"Virginia District Court Motion for Judgment, (Fairfax), plaintiff represented by HUSTON & ANGUS, judgment for plaintiff, total 21,914.14"
Virginia,Albemarle,2020,Personal Injury,Other,verdict,21461.0,1,9.974039208487072,STATE_COURT,"Virginia District Court Motion for Judgment, (Albemarle), plaintiff represented by ALLEN,ALLEN,ALLEN, judgment for plaintiff, total 21,460.76"
Virginia,,2020,Personal Injury,Other,verdict,21046.0,1,9.954513311139172,STATE_COURT,"Virginia District Court Motion for Judgment, plaintiff represented by ALLEN, ALLEN, judgment for plaintiff, total 21,046"
Virginia,,2020,Personal Injury,Other,verdict,20552.0,1,9.93076219467101,STATE_COURT,"Virginia District Court Motion for Judgment, plaintiff represented by ALLEN, ALLEN, judgment for plaintiff, total 20,552"
Virginia,,2020,Personal Injury,Other,verdict,20046.0,1,9.905834795604477,STATE_COURT,"Virginia District Court Motion for Judgment, plaintiff represented by TRONFELD, WEST, judgment for plaintiff, total 20,046"
Illinois,,2020,Premises Liability,Broken Bones,verdict,20000.0,1,9.90353755128617,News,"Business invitee fell on a damaged staircase, sustaining fall injuries."
Virginia,Henrico,2020,Personal Injury,Other,verdict,19136.0,1,9.859378912910065,STATE_COURT,"Virginia District Court Motion for Judgment, (Henrico), plaintiff represented by ALLEN ALLEN, judgment for plaintiff, total 19,136.01, notes: G/D DUE 4-2;G/D REC'D 3-5"
Illinois,,2020,Car Accident,Soft Tissue Injury,verdict,18740.0,1,9.838468916161679,News,Collision victim sustained injuries in a motor vehicle accident.
Virginia,King George,2020,Personal Injury,Other,verdict,18141.0,1,9.80598497117489,STATE_COURT,"Virginia District Court Motion for Judgment, (King George), plaintiff represented by HUSTON & ANGUS, judgment for plaintiff, total 18,141.1"
Virginia,Hanover,2020,Personal Injury,Other,verdict,18070.0,1,9.802063722398165,STATE_COURT,"Virginia District Court Motion for Judgment, (Hanover), plaintiff represented by ALLEN ALLEN ALLEN & ALLEN, judgment for plaintiff, total 18,070"
Virginia,,2020,Personal Injury,Other,verdict,18046.0,1,9.800734744961298,STATE_COURT,"Virginia District Court Motion for Judgment, plaintiff represented by TRONFELD, WEST, judgment for plaintiff, total 18,046"
Virginia,,2020,Personal Injury,Other,verdict,17546.0,1,9.772638274111136,STATE_COURT,"Virginia District Court Motion for Judgment, plaintiff represented by ALLEN, ALLEN, judgment for plaintiff, total 17,546"
Virginia,,2020,Personal Injury,Other,verdict,17546.0,1,9.772638274111136,STATE_COURT,"Virginia District Court Motion for Judgment, plaintiff represented by ALLEN, ALLEN, judgment for plaintiff, total 17,546"
Virginia,Fairfax,2020,Personal Injury,Other,verdict,17498.0,1,9.769899015421748,STATE_COURT,"Virginia District Court Motion for Judgment, (Fairfax), plaintiff represented by HUSTON & ANGUS, judgment for plaintiff, total 17,497.79"
Virginia,Chesapeake,2020,Personal Injury,Other,verdict,17356.0,1,9.761751162220882,STATE_COURT,"Virginia District Court Motion for Judgment, (Chesapeake), plaintiff represented by SHAPIRO APPLETON, judgment for plaintiff, total 17,356"
Virginia,,2020,Personal Injury,Other,verdict,17302.0,1,9.758635175856648,STATE_COURT,"Virginia District Court Motion for Judgment, plaintiff represented by ALLEN, ALLEN, judgment for plaintiff, total 17,302"
Virginia,,2020,Personal Injury,Other,verdict,17302.0,1,9.758635175856648,STATE_COURT,"Virginia District Court Motion for Judgment, plaintiff represented by BLANK & MARCUS, judgment for plaintiff, total 17,302"
Virginia,Charlottesville,2020,Personal Injury,Other,verdict,17057.0,1,9.744374580879056,STATE_COURT,"Virginia District Court Motion for Judgment, (Charlottesville), plaintiff represented by ALLEN ALLEN ALLEN & ALLEN, judgment for plaintiff, total 17,057"
Virginia,Fairfax,2020,Personal Injury,Other,verdict,16995.0,1,9.740733301234702,STATE_COURT,"Virginia District Court Motion for Judgment, (Fairfax), plaintiff represented by HUSTON & ANGUS, judgment for plaintiff, total 16,994.81"
Virginia,Colonial Heights,2020,Personal Injury,Other,verdict,16925.0,1,9.736606180230051,STATE_COURT,"Virginia District Court Motion for Judgment, (Colonial Heights), plaintiff represented by MARKS & HARRISON, judgment for plaintiff, total 16,924.95"
Virginia,King George,2020,Personal Injury,Other,verdict,16867.0,1,9.73317361486645,STATE_COURT,"Virginia District Court Motion for Judgment, (King George), plaintiff represented by HUSTON  ANGUS PLC, judgment for plaintiff, total 16,867.37"
Virginia,Fairfax,2020,Personal Injury,Other,verdict,16845.0,1,9.73186851887531,STATE_COURT,"Virginia District Court Motion for Judgment, (Fairfax), plaintiff represented by HUSTON & ANGUS, judgment for plaintiff, total 16,844.71"
Virginia,Henrico,2020,Personal Injury,Other,verdict,16802.0,1,9.729312720877942,STATE_COURT,"Virginia District Court Motion for Judgment, (Henrico), plaintiff represented by ALLEN ALLEN, judgment for plaintiff, total 16,802, notes: M/J FILED, G/D REC'D 3-22-21"
Virginia,Fairfax,2020,Personal Injury,Other,verdict,16504.0,1,9.711418644287294,STATE_COURT,"Virginia District Court Motion for Judgment, (Fairfax), plaintiff represented by HUSTON & ANGUS, judgment for plaintiff, total 16,503.81"
Virginia,,2020,Personal Injury,Other,verdict,16052.0,1,9.683651026979414,STATE_COURT,"Virginia District Court Motion for Judgment, plaintiff represented by ALLEN, ALLEN, judgment for plaintiff, total 16,052"
Virginia,,2020,Personal Injury,Other,verdict,16046.0,1,9.68327719519936,STATE_COURT,"Virginia District Court Motion for Judgment, plaintiff represented by TRONFELD, WEST, judgment for plaintiff, total 16,046"
Virginia,King George,2020,Personal Injury,Other,verdict,15821.0,1,9.669156655581341,STATE_COURT,"Virginia District Court Motion for Judgment, (King George), plaintiff represented by HUSTON & ANGUS, judgment for plaintiff, total 15,821.14"
Virginia,,2020,Personal Injury,Other,verdict,15546.0,1,9.65162297294974,STATE_COURT,"Virginia District Court Motion for Judgment, plaintiff represented by TRONFELD, WEST, judgment for plaintiff, total 15,546"
Virginia,Fairfax,2020,Personal Injury,Other,verdict,15233.0,1,9.631285050932734,STATE_COURT,"Virginia District Court Motion for Judgment, (Fairfax), plaintiff represented by HUSTON & ANGUS, judgment for plaintiff, total 15,232.53"
Virginia,,2020,Personal Injury,Other,verdict,15052.0,1,9.619332585860503,STATE_COURT,"Virginia District Court Motion for Judgment, plaintiff represented by MARKS & HARRISON, judgment for plaintiff, total 15,052"
Virginia,,2020,Personal Injury,Other,verdict,15052.0,1,9.619332585860503,STATE_COURT,"Virginia District Court Motion for Judgment, plaintiff represented by TRONFELD, WEST, judgment for transfer/change of venue, total 15,052, notes: TRANSFER VENUE TO YORK COUNTY GDC"
Virginia,,2020,Personal Injury,Other,verdict,15046.0,1,9.618933914758879,STATE_COURT,"Virginia District Court Motion for Judgment, plaintiff represented by BLANK & MARCUS, judgment for plaintiff, total 15,046"
Virginia,Henrico,2020,Personal Injury,Other,verdict,15046.0,1,9.618933914758879,STATE_COURT,"Virginia District Court Motion for Judgment, (Henrico), plaintiff represented by ALLEN ALLEN, judgment for plaintiff, total 15,046, notes: GD DUE 09/24/20 RCVD 082020"
Virginia,,2020,Personal Injury,Other,verdict,14552.0,1,9.585552436913327,STATE_COURT,"Virginia District Court Motion for Judgment, plaintiff represented by ALLEN, ALLEN, judgment for plaintiff, total 14,552"
Virginia,,2020,Personal Injury,Other,verdict,14546.0,1,9.585140065773462,STATE_COURT,"Virginia District Court Motion for Judgment, plaintiff represented by ALLEN, ALLEN, judgment for plaintiff, total 14,546"
Indiana,,2020,Car Accident,Soft Tissue Injury,verdict,14086.0,1,9.553007665260306,News,Multi-vehicle rear-end chain collision caused soft tissue injuries.
Virginia,Fairfax,2020,Personal Injury,Other,verdict,14052.0,1,9.550591175100745,STATE_COURT,"Virginia District Court Motion for Judgment, (Fairfax), plaintiff represented by ALLEN & ALLEN, judgment for plaintiff, total 14,052"
Virginia,Fairfax,2020,Personal Injury,Other,verdict,14046.0,1,9.55016412883091,STATE_COURT,"Virginia District Court Motion for Judgment, (Fairfax), plaintiff represented by ALLEN & ALLEN, judgment for plaintiff, total 14,046"
Virginia,,2020,Personal Injury,Other,verdict,14046.0,1,9.55016412883091,STATE_COURT,"Virginia District Court Motion for Judgment, plaintiff represented by ALLEN, ALLEN, judgment for plaintiff, total 14,046"
Virginia,Prince William,2020,Personal Injury,Other,verdict,13933.0,1,9.542087175590064,STATE_COURT,"Virginia District Court Motion for Judgment, (Prince William), plaintiff represented by ALLEN ALLEN ALLEN & ALLEN, judgment for plaintiff, total 13,933.48"
Virginia,Fairfax,2020,Personal Injury,Other,verdict,13733.0,1,9.527629789180622,STATE_COURT,"Virginia District Court Motion for Judgment, (Fairfax), plaintiff represented by HUSTON & ANGUS, judgment for plaintiff, total 13,733.43"
Virginia,,2020,Personal Injury,Other,verdict,13546.0,1,9.513920399580737,STATE_COURT,"Virginia District Court Motion for Judgment, plaintiff represented by TRONFELD, WEST, judgment for plaintiff, total 13,546"
Virginia,Henrico,2020,Personal Injury,Other,verdict,13546.0,1,9.513920399580737,STATE_COURT,"Virginia District Court Motion for Judgment, (Henrico), plaintiff represented by TRONFELD WEST & DURETT, judgment for plaintiff, total 13,546, notes: B/P DONE, G/D REC'D 4-30-20"
Virginia,Spotsylvania,2020,Personal Injury,Other,verdict,13058.0,1,9.477232830220407,STATE_COURT,"Virginia District Court Motion for Judgment, (Spotsylvania), plaintiff represented by MARKS & HARRISON, judgment for plaintiff, total 13,058"
Virginia,,2020,Personal Injury,Other,verdict,12552.0,1,9.437714959818209,STATE_COURT,"Virginia District Court Motion for Judgment, plaintiff represented by TRONFELD, WEST, judgment for plaintiff, total 12,552"
Virginia,Fairfax,2020,Personal Injury,Other,verdict,12546.0,1,9.4372368721597,STATE_COURT,"Virginia District Court Motion for Judgment, (Fairfax), plaintiff represented by ALLEN & ALLEN, judgment for plaintiff, total 12,546"
Virginia,Fairfax,2020,Personal Injury,Other,verdict,12274.0,1,9.41531995266272,STATE_COURT,"Virginia District Court Motion for Judgment, (Fairfax), plaintiff represented by HUSTON & ANGUS, judgment for plaintiff, total 12,273.95"
Virginia,Henrico,2020,Personal Injury,Other,verdict,12052.0,1,9.397068870588344,STATE_COURT,"Virginia District Court Motion for Judgment, (Henrico), plaintiff represented by ALLEN & ALLEN, judgment for plaintiff, total 12,052, notes: COMPLAINT FILED/ G/D REC'D 3-22-21"
Virginia,,2020,Personal Injury,Other,verdict,12046.0,1,9.396570945266852,STATE_COURT,"Virginia District Court Motion for Judgment, plaintiff represented by TRONFELD, WEST, judgment for plaintiff, total 12,046"
Virginia,Henrico,2020,Personal Injury,Other,verdict,12046.0,1,9.396570945266852,STATE_COURT,"Virginia District Court Motion for Judgment, (Henrico), plaintiff represented by MARKS & HARRISON, judgment for plaintiff, total 12,046, notes: GD RCVD 050820"
Virginia,Spotsylvania,2020,Personal Injury,Other,verdict,12009.0,1,9.39349491507403,STATE_COURT,"Virginia District Court Motion for Judgment, (Spotsylvania), plaintiff represented by ALLEN & ALLEN, judgment for plaintiff, total 12,008.94"
Virginia,,2020,Personal Injury,Other,verdict,11296.0,1,9.33229248272693,STATE_COURT,"Virginia District Court Motion for Judgment, plaintiff represented by TRONFELD, WEST, judgment for plaintiff, total 11,296, notes: NONSUIT AS TO LAUREEN ALBRECHT ONLY"
Virginia,,2020,Personal Injury,Other,verdict,11046.0,1,9.309914176872276,STATE_COURT,"Virginia District Court Motion for Judgment, plaintiff represented by BLANK & MARCUS, judgment for plaintiff, total 11,046"
Ohio,,2020,Medical Malpractice,Back Injury,verdict,10590.0,1,9.267759862843668,CourtListener,"On March 1, 2019, the jury unanimously awarded Jawary $10,590 for past medical damages but did not award past or future or noneconomic damages for pain and suffering, by a six to two vote."
Virginia,Fairfax,2020,Personal Injury,Other,verdict,10113.0,1,9.221675881639928,STATE_COURT,"Virginia District Court Motion for Judgment, (Fairfax), plaintiff represented by HUSTON & ANGUS, judgment for plaintiff, total 10,112.82"
Ohio,,2020,Medical Malpractice,Knee Injury,settlement,10000.0,0,9.210440366976517,CourtListener,The jury returned with a verdict in favor of McGugan for noneconomic damages of $10.
Virginia,Fairfax,2020,Personal Injury,Other,verdict,9943.0,1,9.204724633190548,STATE_COURT,"Virginia District Court Motion for Judgment, (Fairfax), plaintiff represented by HUSTON & ANGUS, judgment for plaintiff, total 9,942.91"
Virginia,Fairfax,2020,Personal Injury,Other,verdict,9725.0,1,9.182557990963732,STATE_COURT,"Virginia District Court Motion for Judgment, (Fairfax), plaintiff represented by HUSTON & ANGUS, judgment for plaintiff, total 9,725.49"
Virginia,,2020,Personal Injury,Other,verdict,9552.0,1,9.164610520270008,STATE_COURT,"Virginia District Court Motion for Judgment, plaintiff represented by TRONFELD, WEST, judgment for plaintiff, total 9,552, notes: JUDGMENT AS TO VIVIAN BROADIE ONLY"
Virginia,Prince William,2020,Personal Injury,Other,verdict,8563.0,1,9.055322649709574,STATE_COURT,"Virginia District Court Motion for Judgment, (Prince William), plaintiff represented by ALLEN & ALLEN, judgment for plaintiff, total 8,563"
Virginia,,2020,Personal Injury,Other,verdict,8546.0,1,9.053335623166017,STATE_COURT,"Virginia District Court Motion for Judgment, plaintiff represented by TRONFELD, WEST, judgment for plaintiff, total 8,546"
Virginia,Henrico,2020,Personal Injury,Other,verdict,7552.0,1,8.929700114313448,STATE_COURT,"Virginia District Court Motion for Judgment, (Henrico), plaintiff represented by MARKS & HARRISON, judgment for plaintiff, total 7,552, notes: BP RCVD 122220 / GD RCVD 011421"
Virginia,Hampton,2020,Personal Injury,Other,verdict,7262.0,1,8.890548245606167,STATE_COURT,"Virginia District Court Motion for Judgment, (Hampton), plaintiff represented by GOLDSTEIN EDGAR & REAGAN, judgment for plaintiff, total 7,262.49"
Virginia,Fairfax,2020,Personal Injury,Other,verdict,5064.0,1,8.530109416682784,STATE_COURT,"Virginia District Court Motion for Judgment, (Fairfax), plaintiff represented by ALLEN & ALLEN, judgment for plaintiff, total 5,064"
Virginia,Chesapeake,2020,Personal Injury,Other,verdict,4056.0,1,8.308199063206446,STATE_COURT,"Virginia District Court Motion for Judgment, (Chesapeake), plaintiff represented by SHAPIRO APPLETON, judgment for plaintiff, total 4,056"
Virginia,Louisa,2020,Personal Injury,Other,verdict,4050.0,1,8.30671904320269,STATE_COURT,"Virginia District Court Motion for Judgment, (Louisa), plaintiff represented by MARKS & HARRISON P.C., judgment for plaintiff, total 4,050"
Virginia,Henrico,2020,Personal Injury,Other,verdict,4046.0,1,8.305731144875866,STATE_COURT,"Virginia District Court Motion for Judgment, (Henrico), plaintiff represented by ALLEN ALLEN ALLEN & ALLEN, judgment for plaintiff, total 4,046, notes: G/D DUE 4-2;G/D REC'D 3-5"
Virginia,Hampton,2020,Personal Injury,Other,verdict,3494.0,1,8.15908865466791,STATE_COURT,"Virginia District Court Motion for Judgment, (Hampton), plaintiff represented by GOLDSTEIN EDGAR & REAGAN, judgment for plaintiff, total 3,493.91"
Virginia,Hampton,2020,Personal Injury,Other,verdict,3001.0,1,8.007034012193408,STATE_COURT,"Virginia District Court Motion for Judgment, (Hampton), plaintiff represented by GOLDSTEIN EDGAR AND REAGAN, judgment for plaintiff, total 3,000.9"
Virginia,Fairfax,2020,Personal Injury,Other,verdict,2746.0,1,7.918264686095274,STATE_COURT,"Virginia District Court Motion for Judgment, (Fairfax), plaintiff represented by ALLEN & ALLEN, judgment for plaintiff, total 2,746"
Virginia,Hampton,2020,Personal Injury,Other,verdict,2717.0,1,7.907651594711089,STATE_COURT,"Virginia District Court Motion for Judgment, (Hampton), plaintiff represented by GOLDSTEIN EDGAR AND REAGAN, judgment for plaintiff, total 2,716.8"
Virginia,Hampton,2020,Personal Injury,Other,verdict,2383.0,1,7.776535028185241,STATE_COURT,"Virginia District Court Motion for Judgment, (Hampton), plaintiff represented by GOLDSTEIN EDGAR AND REAGAN, judgment for plaintiff, total 2,382.6"
Virginia,Hampton,2020,Personal Injury,Other,verdict,2149.0,1,7.673223121121708,STATE_COURT,"Virginia District Court Motion for Judgment, (Hampton), plaintiff represented by GOLDSTEIN EDGAR & REAGAN, judgment for plaintiff, total 2,148.61"
Virginia,Hampton,2020,Personal Injury,Other,verdict,2123.0,1,7.66105638236183,STATE_COURT,"Virginia District Court Motion for Judgment, (Hampton), plaintiff represented by GOLDSTEIN EDGAR & REAGAN, judgment for plaintiff, total 2,122.62"
Virginia,Hampton,2020,Personal Injury,Other,verdict,1492.0,1,7.30854279753919,STATE_COURT,"Virginia District Court Motion for Judgment, (Hampton), plaintiff represented by GOLDSTEIN EDGAR & REAGAN, judgment for plaintiff, total 1,492.23"
Virginia,,2020,Personal Injury,Other,verdict,1487.0,1,7.305188215393037,STATE_COURT,"Virginia District Court Motion for Judgment, plaintiff represented by GOLDSTEIN EDGAR & REAGAN, judgment for plaintiff, total 1,486.9"
Virginia,Hampton,2020,Personal Injury,Other,verdict,1467.0,1,7.291656209174461,STATE_COURT,"Virginia District Court Motion for Judgment, (Hampton), plaintiff represented by GOLDSTEIN EDGAR & REAGAN, judgment for plaintiff, total 1,467.43"
Virginia,Hampton,2020,Personal Injury,Other,verdict,1333.0,1,7.195937226475569,STATE_COURT,"Virginia District Court Motion for Judgment, (Hampton), plaintiff represented by GOLDSTEIN EDGAR & REAGAN, judgment for plaintiff, total 1,333.43"
Virginia,,2020,Personal Injury,Other,verdict,1260.0,1,7.13966033596492,STATE_COURT,"Virginia District Court Motion for Judgment, plaintiff represented by GOLDSTEIN EDGAR & REAGAN, judgment for plaintiff, total 1,259.74"
Virginia,,2020,Personal Injury,Other,verdict,1259.0,1,7.138866999945524,STATE_COURT,"Virginia District Court Motion for Judgment, plaintiff represented by GOLDSTEIN EDGAR & REAGAN, judgment for plaintiff, total 1,258.5"
Virginia,Hampton,2020,Personal Injury,Other,verdict,1256.0,1,7.136483208590247,STATE_COURT,"Virginia District Court Motion for Judgment, (Hampton), plaintiff represented by GOLDSTEIN EDGAR & REAGAN, judgment for plaintiff, total 1,255.97"
Virginia,Hampton,2020,Personal Injury,Other,verdict,1246.0,1,7.1284959456800365,STATE_COURT,"Virginia District Court Motion for Judgment, (Hampton), plaintiff represented by GOLDSTEIN EDGAR & REAGAN, judgment for plaintiff, total 1,245.97"
Virginia,Hampton,2020,Personal Injury,Other,verdict,795.0,1,6.679599185844383,STATE_COURT,"Virginia District Court Motion for Judgment, (Hampton), plaintiff represented by GOLDSTEIN EDGAR & REAGAN, judgment for plaintiff, total 794.8"
Virginia,Hampton,2020,Personal Injury,Other,verdict,746.0,1,6.616065185132817,STATE_COURT,"Virginia District Court Motion for Judgment, (Hampton), plaintiff represented by GOLDSTEIN EDGAR & REAGAN, judgment for plaintiff, total 746.38"
Virginia,Hampton,2020,Personal Injury,Other,verdict,708.0,1,6.5638555265321274,STATE_COURT,"Virginia District Court Motion for Judgment, (Hampton), plaintiff represented by GOLDSTEIN EDGAR AND REAGAN, judgment for plaintiff, total 707.85"
Virginia,Hampton,2020,Personal Injury,Other,verdict,695.0,1,6.54534966033442,STATE_COURT,"Virginia District Court Motion for Judgment, (Hampton), plaintiff represented by GOLDSTEIN EDGAR AND REAGAN, judgment for plaintiff, total 695.32"
Virginia,Hampton,2020,Personal Injury,Other,verdict,589.0,1,6.380122536899765,STATE_COURT,"Virginia District Court Motion for Judgment, (Hampton), plaintiff represented by GOLDSTEIN EDGAR & REAGAN, judgment for plaintiff, total 589.32"
Virginia,Hampton,2020,Personal Injury,Other,verdict,581.0,1,6.366470447731438,STATE_COURT,"Virginia District Court Motion for Judgment, (Hampton), plaintiff represented by GOLDSTEIN EDGAR & REAGAN, judgment for plaintiff, total 581.32"
Virginia,Hampton,2020,Personal Injury,Other,verdict,506.0,1,6.2285110035911835,STATE_COURT,"Virginia District Court Motion for Judgment, (Hampton), plaintiff represented by GOLDSTEIN EDGAR & REAGAN, judgment for plaintiff, total 506"
Virginia,Hampton,2020,Personal Injury,Other,verdict,469.0,1,6.152732694704104,STATE_COURT,"Virginia District Court Motion for Judgment, (Hampton), plaintiff represented by GOLDSTEIN EDGAR & REAGAN, judgment for plaintiff, total 469"
Virginia,Hampton,2020,Personal Injury,Other,verdict,455.0,1,6.1224928095143865,STATE_COURT,"Virginia District Court Motion for Judgment, (Hampton), plaintiff represented by GOLDSTEIN EDGAR & REAGAN, judgment for plaintiff, total 455"
Virginia,Hampton,2020,Personal Injury,Other,verdict,454.0,1,6.12029741895095,STATE_COURT,"Virginia District Court Motion for Judgment, (Hampton), plaintiff represented by GOLDSTEIN EDGAR & REAGAN, judgment for plaintiff, total 454.01"
Virginia,Hampton,2020,Personal Injury,Other,verdict,418.0,1,6.037870919922137,STATE_COURT,"Virginia District Court Motion for Judgment, (Hampton), plaintiff represented by GOLDSTEIN EDGAR & REAGAN, judgment for plaintiff, total 418.47"
Virginia,Hampton,2020,Personal Injury,Other,verdict,393.0,1,5.976350909297934,STATE_COURT,"Virginia District Court Motion for Judgment, (Hampton), plaintiff represented by GOLDSTEIN EDGAR AND REAGAN, judgment for plaintiff, total 392.66"
Virginia,Hampton,2020,Personal Injury,Other,verdict,381.0,1,5.945420608606575,STATE_COURT,"Virginia District Court Motion for Judgment, (Hampton), plaintiff represented by GOLDSTEIN EDGAR & REAGAN, judgment for plaintiff, total 381"
Virginia,Hampton,2020,Personal Injury,Other,verdict,290.0,1,5.673323267171493,STATE_COURT,"Virginia District Court Motion for Judgment, (Hampton), plaintiff represented by GOLDSTEIN EDGAR & REAGAN, judgment for plaintiff, total 290.35"
California,,2019,Other,Wrongful Death,verdict,41600000.0,1,17.543610749269952,News,Murder case involving vehicle; defendant convicted criminally.
Montana,,2019,Bus Accident,Burns,settlement,32000000.0,0,17.281246492014,CourtListener,"After reviewing the Wilcoxes' total claims for damages, the Special Master found the Wilcoxes were entitled to a total of $21,734,605 in damages."
Texas,,2019,Bus Accident,Traumatic Brain Injury,settlement,25000000.0,0,17.034386422832473,CourtListener,Bus Accident settlement of $25 million in Texas.
Maryland,,2019,Premises Liability,Burns,settlement,22150000.0,0,16.913348099602146,CourtListener,"The building sustained damages in excess of $22,150."
Michigan,,2019,Medical Malpractice,Spinal Cord Injury,verdict,17000000.0,1,16.648723960844016,News,"Angioplasty complication caused a blood clot, leading to paralysis and amputation."
Connecticut,,2019,Bus Accident,Wrongful Death,verdict,15000000.0,1,16.52356082573315,CourtListener,"Following the trial, the jury found in favor of the plaintiff and returned a verdict awarding her $15 million in compensatory damages."
Georgia,,2019,Car Accident,Traumatic Brain Injury,settlement,14550000.0,0,16.493101620310295,CourtListener,"The jury returned a verdict in favor of the Sandfords in the total amount of $14,550,000, with 25% fault apportioned to Mr."
California,,2019,Other,Traumatic Brain Injury,settlement,14000000.0,0,16.454567959008102,News,"Orange County, California Teresa Johnston, age thirteen, was acting as a good samaritan and walking the dog of an elderly neighbor in the University community complex when one of the trees in the common area fell. Teresa suffered severe and life-altering injuries including head trauma, TBI, and fac."
New York,,2019,Medical Malpractice,Spinal Cord Injury,settlement,13920850.74,0,16.448898399217015,CourtListener,Medical Malpractice settlement of $13.9 million in New York.
Illinois,,2019,Medical Malpractice,Wrongful Death,verdict,12000000.0,1,16.300417291085605,News,Radiologist noted an abnormality on imaging but the patient was discharged. Terminal lung cancer was diagnosed one year later.
Illinois,,2019,Bus Accident,Other,settlement,10000000.0,0,16.118095750958314,CourtListener,"When the jury returned a $2 million verdict in favor of the accident victim, Landmark refused to cover the excess amount because it received such late notice."
Texas,,2019,Car Accident,Wrongful Death,settlement,10000000.0,0,16.118095750958314,CourtListener,Car Accident settlement of $10 million in Texas.
North Carolina,NC (statewide list),2019,Truck Accident,Wrongful Death,settlement,9850000.0,0,16.10298211467111,NC Lawyers Weekly,Settlement for the family of a 60-year-old North Carolina woman killed when a commercial truck rear-ended her car. Ranked No. 9 in NC Lawyers Weekly's Top 50 Verdicts and Settlements of 2019.
California,,2019,Other,Burns,settlement,9500000.0,0,16.066802461833923,News,$9.5 million settlement in California . The plaintiff sustained burns and was awarded damages.
North Carolina,NC (statewide list),2019,Truck Accident,Wrongful Death,settlement,9450000.0,0,16.061525405290027,NC Lawyers Weekly,Confidential settlement for surviving relatives of a family of four killed when a tanker truck crashed into the back of their car in an I-95 reflector work zone. Ranked No. 10 in NC Lawyers Weekly's Top 50 of 2019.
Texas,,2019,Truck Accident,Spinal Cord Injury,verdict,9000000.0,1,16.012735246411598,CourtListener,Truck Accident jury verdict of $9 million in Texas.
Georgia,Clayton,2019,Motorcycle Accident,Broken Bones,verdict,8000000.0,1,15.894952224644102,News,"A dump truck knocked a construction barrel into a motorcyclist's path on I-75, causing a fractured wrist and shattered ankle that forced a Navy chief petty officer into early retirement. Clayton County jury verdict of $8 million."
California,,2019,Medical Malpractice,Back Injury,settlement,7619457.0,0,15.846215796524145,CourtListener,"Specifically, she “offer[ed] to allow judgment to be taken against Cedars and in favor of the plaintiff in the amount of $249."
Colorado,,2019,Pedestrian Accident,Broken Bones,verdict,7000000.0,1,15.76142084987672,News,"Crossfit instructor hit by a drunk driver in a parking lot, suffering an arm fracture, dislocated hip, broken back, and liver laceration."
North Carolina,Federal (E.D.N.C.),2019,Bus Accident,Multiple Injuries,verdict,7000000.0,1,15.76142084987672,NC Lawyers Weekly,Jury verdict for a former N.C. Highway Patrolman and his wife after a speeding Greyhound bus crashed into his car; tried in the U.S. District Court for the Eastern District of North Carolina.
Illinois,,2019,Other,Wrongful Death,verdict,5500000.0,1,15.520258832020865,News,Subcontractor died when a pipe joint tester exploded due to a product defect.
Arizona,,2019,Truck Accident,Wrongful Death,verdict,5000000.0,1,15.424948670398354,News,Truck Accident jury verdict of $5.0 million in Arizona.
North Carolina,Cumberland,2019,Truck Accident,Multiple Injuries,verdict,5000000.0,1,15.424948670398354,NC Lawyers Weekly,Jury verdict in Cumberland County Superior Court for a 35-year-old man blinded in his right eye with brain injuries after a ladder fell off a work van on Interstate 40.
Ohio,,2019,Premises Liability,Broken Bones,verdict,4000000.0,1,15.201805169084134,News,"Bar bouncer slammed a patron, breaking the humerus. The establishment had poor bouncer training."
Oregon,,2019,Truck Accident,Wrongful Death,settlement,4000000.0,0,15.201805169084134,CourtListener,"As a result of the lawsuits filed against it, Rosco entered a global settlement with the products-liability claimants in the amount of $225."
North Carolina,Alamance,2019,Car Accident,Wrongful Death,settlement,3500000.0,0,15.068273812173887,NC Lawyers Weekly,"Pre-suit settlement for the family of three people (a mother, her son, and her daughter-in-law) killed in a head-on collision in Alamance County caused by a driver illegally passing a bicyclist."
New York,,2019,Motorcycle Accident,Shoulder Injury,settlement,3000000.0,0,14.914123179965662,CourtListener,Motorcycle Accident settlement of $3 million in New York.
Arizona,,2019,Car Accident,Traumatic Brain Injury,verdict,2964000.0,1,14.902050602779974,News,"Dump truck struck vehicle head-on causing TBI and orthopedic injuries. Net award $2,445,300 after liability apportionment."
Florida,,2019,Car Accident,Spinal Cord Injury,settlement,2800000.0,0,14.845130332288226,CourtListener,Gray successfully sued the driver of the car and was 3 awarded a verdict of over $.
Pennsylvania,,2019,Workplace Injury,Soft Tissue Injury,verdict,2780000.0,1,14.837961845378985,News,"Sheet metal mechanic struck by a motorized pallet jack, resulting in chronic pain."
Louisiana,,2019,Car Accident,Spinal Cord Injury,verdict,2612313.0,1,14.775746976548387,CourtListener,FACTS AND PROCEDURAL HISTORY Benjamin Perry (the “plaintiff”) suffered back and neck injuries in an automobile collision on September 14.
Pennsylvania,,2019,Medical Malpractice,Traumatic Brain Injury,verdict,2500000.0,1,14.731801689838349,News,"Patient in a wheelchair fell down stairs after improper eye dilation, suffering an anoxic brain injury."
Michigan,,2019,Car Accident,Other,settlement,2485000.0,0,14.725783619927272,News,Four plaintiffs injured in an auto accident.
Washington,,2019,Bus Accident,Burns,settlement,2000000.0,0,14.508658238524095,CourtListener,Bus Accident settlement of $2.0 million in Washington.
Texas,,2019,Truck Accident,Burns,settlement,1800000.0,0,14.403297778421795,CourtListener,"Puga damages for loss of consortium, $."
Arizona,,2019,Truck Accident,Broken Bones,settlement,1700000.0,0,14.346139397261565,News,"Truck struck motorized wheelchair user. Driver was eating while driving with improper training. Rib fractures, spleen laceration, and thumb dislocation."
South Carolina,,2019,Car Accident,Broken Bones,verdict,1100000.0,1,13.910821646859095,News,"Woman sideswiped on SEC-30, sustaining severe injuries."
South Carolina,,2019,Premises Liability,Broken Bones,verdict,1100000.0,1,13.910821646859095,News,Premises Liability jury verdict of $1.1 million in South Carolina.
Florida,Duval,2019,Premises Liability,Wrongful Death,settlement,1000000.0,0,13.815511557963774,News,Premises Liability settlement of $1.0 million in Florida.
New York,,2019,Truck Accident,Wrongful Death,verdict,904021.9,1,13.714609970911875,CourtListener,"After a nonjury trial, the Supreme Court rendered a verdict finding, among other things, that the defendant was 95% at fault in the happening of the accident and that the decedent was 5% at fault, and awarding damages to the plaintiff in the principal sums of $108."
South Carolina,,2019,Car Accident,Broken Bones,verdict,809395.0,1,13.604043569479396,News,"Man sideswiped in Myrtle Beach, sustaining hand and finger injuries."
South Carolina,,2019,Car Accident,Broken Bones,verdict,795000.0,1,13.586098651497313,News,"Married couple T-boned at an intersection; their vehicle flipped into water, causing multiple trauma."
Pennsylvania,,2019,Other,Broken Bones,verdict,700000.0,1,13.45883704259595,CourtListener,"The jury awarded [Pearson] $700,000 in damages."
Massachusetts,,2019,Bus Accident,Back Injury,verdict,500000.0,1,13.122365377402328,CourtListener,"After a jury returned a $500,000 verdict for Stiles, the defendant moved for a new trial, alleging, in part, that counsel for the plaintiffs engaged in prejudicial misconduct during his closing argument."
Mississippi,,2019,Bus Accident,Knee Injury,verdict,460000.0,1,13.038983942375959,CourtListener,"The jury found that Savage suffered total damages of $460,000, that Fairley was 80% at fault, and that Savage was 20% at fault."
Colorado,,2019,Car Accident,Soft Tissue Injury,verdict,437887.0,1,12.989718448897221,News,Honda CR-V rear-ended by a Buick SUV. Award included pre-judgment interest adjustment.
Montana,,2019,Bus Accident,Back Injury,settlement,410000.0,0,12.923914877701906,CourtListener,"The jury returned its verdict on April 18, 2018, which found that King had suffered damages in the amount of $410."
Michigan,,2019,Car Accident,Soft Tissue Injury,verdict,340000.0,1,12.73670383776449,News,"Plaintiff struck by a tractor-trailer that ran a red light, causing soft tissue injuries."
Utah,,2019,Medical Malpractice,Soft Tissue Injury,verdict,331402.0,1,12.711090436438152,News,"Gastroenterologist perforated the colon during a colonoscopy, requiring emergency laparoscopy."
Nebraska,,2019,Car Accident,Back Injury,verdict,320900.0,1,12.67888794332868,News,Rear-end collision in which the plaintiff underwent an L4-S1 fusion procedure.
North Dakota,,2019,Medical Malpractice,Back Injury,verdict,300000.0,1,12.611541086966115,CourtListener,"After nine days of proceedings, the jury returned a verdict finding negligence and awarding Condon $265,000 in past economic loss, $."
South Carolina,,2019,Car Accident,Back Injury,verdict,250000.0,1,12.429220196836383,News,"Woman rear-ended on I-77, sustaining neck, back, and chest injuries."
Arizona,,2019,Premises Liability,Soft Tissue Injury,verdict,250000.0,1,12.429220196836383,News,"Veterinarian mauled by a dog, suffering severe bite wounds."
New York,Kings,2019,Car Accident,Herniated Disc,verdict,250000.0,1,12.429220196836383,News,"Plaintiff stopped at a red light was struck in the rear, suffering a herniated C5-6 disc with radiculopathy requiring anterior cervical discectomy and fusion. The appellate court increased the award to $250,000."
Michigan,,2019,Premises Liability,Broken Bones,settlement,240000.0,0,12.388398368982115,News,Single mother fell from deteriorating front steps of her home.
Illinois,,2019,Bus Accident,Soft Tissue Injury,verdict,235000.0,1,12.367345048436391,News,Construction worker hit by a CTA bus while working near the roadway.
Texas,,2019,Truck Accident,Back Injury,verdict,207550.0,1,12.243132371585695,CourtListener,"The jury held Sanchez and Advantage jointly and severally liable for $137,025 in compensatory damages."
Pennsylvania,,2019,Car Accident,Soft Tissue Injury,settlement,200000.0,0,12.206077645517674,News,Rear-end collision caused by distracted driving.
South Carolina,,2019,Medical Malpractice,Other,verdict,200000.0,1,12.206077645517674,News,"Surgeon failed to completely remove the thyroid, causing an ongoing thyroid condition."
New York,,2019,Truck Accident,Broken Bones,settlement,200000.0,0,12.206077645517674,CourtListener,"Truck Accident settlement of $200,000 in New York."
Florida,,2019,Medical Malpractice,Spinal Cord Injury,verdict,184976.0,1,12.127986772007228,CourtListener,It determined damages to be $20.
Nebraska,,2019,Medical Malpractice,Broken Bones,verdict,166000.0,1,12.019749091416921,News,Woman required full mouth reconstruction after improperly measured dental implants.
Nebraska,,2019,Car Accident,Knee Injury,settlement,165000.0,0,12.013706813470414,News,Passenger needed a knee replacement following a rear-end collision.
New York,,2019,Medical Malpractice,Back Injury,verdict,162500.0,1,11.998439434579149,CourtListener,"Medical Malpractice jury verdict of $162,500 in New York."
Utah,,2019,Car Accident,Broken Bones,verdict,152207.0,1,11.933003285446238,News,"Chain-reaction collision caused by tailgating and inattention, resulting in severe injuries."
New York,Nassau,2019,Car Accident,Knee Injury,verdict,150000.0,1,11.918397239722838,News,"Intersection crash where the defendant ran a stop sign with liability conceded. Complex medial meniscus tear requiring arthroscopic partial meniscectomy plus a thumb ligament tear; the appellate court increased the award to $150,000."
Utah,,2019,Car Accident,Back Injury,settlement,125000.0,0,11.736077016252437,News,Head-on collision in icy conditions requiring cervical disc replacement. Plaintiff received a 28% impairment rating.
Ohio,,2019,Car Accident,Soft Tissue Injury,verdict,101524.0,1,11.5280603525545,News,"Uninsured motorist struck the plaintiff, causing soft tissue injuries."
Texas,,2019,Car Accident,Burns,verdict,100000.0,1,11.51293546492023,CourtListener,The Texas Medical Liability Act (Act) requires a claimant pursuing a “health care liability claim” to timely serve an adequate expert report.
Colorado,,2019,Car Accident,Traumatic Brain Injury,verdict,98400.0,1,11.496806245590331,News,"Plaintiff hit head on vehicle interior during a lane change accident, suffering a concussion and post-concussion syndrome."
Texas,,2019,Truck Accident,Other,verdict,93244.91,1,11.442995475954346,CourtListener,The trial court rendered a judgment awarding Zuniga $93.
Arizona,,2019,Car Accident,Soft Tissue Injury,verdict,90021.0,1,11.407809363885171,News,F150 exited driveway striking Honda. Failed to yield right-of-way.
Florida,,2019,Car Accident,Other,verdict,75000.0,1,11.225256725762893,News,"Verdict MEET KIMBERLY A. Kimberly was injured in a 2019 car crash when her vehicle was rear-ended by an underinsured driver. She suffered severe injuries, accumulating over $75,000 in medical bills."
Texas,,2019,Medical Malpractice,Traumatic Brain Injury,verdict,70000.0,1,11.156264806643742,CourtListener,"DC-15-05169 MEMORANDUM OPINION Before Justices Schenck, Osborne, and Reichek Opinion by Justice Reichek Anthony Edes appeals the trial court’s judgment rendered on a jury verdict awarding him past medical expenses for injuries sustained in an automobile accident."
Michigan,,2019,Car Accident,Soft Tissue Injury,verdict,68000.0,1,11.127277689932466,News,"Uninsured motorist struck the plaintiff, causing soft tissue injuries."
Nebraska,,2019,Car Accident,Back Injury,verdict,65000.0,1,11.082157933374816,News,"Rear-end collision causing cervical injury, lumbar pain, and left foot numbness."
Ohio,,2019,Bus Accident,Wrongful Death,verdict,56434.27,1,10.940849596643366,CourtListener,The jury awarded Appellant $56.
Pennsylvania,,2019,Premises Liability,Back Injury,verdict,50000.0,1,10.819798284210286,News,"Customer slipped on water in the produce area, developing multiple disc bulges."
Michigan,,2019,Car Accident,Back Injury,verdict,50000.0,1,10.819798284210286,News,"Plaintiff rear-ended, sustaining neck and back injuries."
New York,,2019,Bus Accident,Traumatic Brain Injury,verdict,50000.0,1,10.819798284210286,CourtListener,"Following a jury trial on the issue of damages, the jury rendered a verdict in favor of the defendant, finding that the plaintiff did not sustain a serious injury within the meaning of Insurance Law § 5102(d) and awarding her no damages for claimed economic loss in excess of $50."
Nebraska,,2019,Car Accident,Back Injury,verdict,37500.0,1,10.53212287826962,News,Rear-end collision causing limited neck mobility and chronic pain.
Arizona,,2019,Car Accident,Soft Tissue Injury,verdict,35000.0,1,10.463131911491967,News,"Vehicle struck at intersection. Reckless operation, failed to yield."
Nebraska,,2019,Premises Liability,Back Injury,verdict,35000.0,1,10.463131911491967,CourtListener,The jury determined that Chad and -1- Francine in her individual capacity were the owners of the dog and awarded Molina damages of $35.
Utah,,2019,Car Accident,Back Injury,settlement,30000.0,0,10.308985993422082,News,FedEx van rear-end collision causing cervical herniation and foraminal stenosis.
Missouri,,2019,Medical Malpractice,Burns,settlement,30000.0,0,10.308985993422082,CourtListener,"The settlement totaled $30,000 and was approved by an Administrative Law Judge (“ALJ”) on February 9."
Mississippi,,2019,Truck Accident,Back Injury,verdict,27000.0,1,10.203629181337648,CourtListener,"As a result of the accident, Anderson alleged damages of $16."
Colorado,,2019,Car Accident,Soft Tissue Injury,verdict,26514.0,1,10.18546588957123,News,Wife and three minor children passengers were rear-ended. Defendant claimed a passenger distracted him.
Virginia,Russell,2019,Personal Injury,Other,verdict,25060.0,1,10.129068131883756,STATE_COURT,"Virginia District Court Motion for Judgment, (Russell), plaintiff represented by ALLEN, ALLEN, ALLEN & ALLEN, judgment for defendant, total 25,060"
Virginia,Norfolk,2019,Personal Injury,Other,verdict,25059.0,1,10.129028228450059,STATE_COURT,"Virginia District Court Motion for Judgment, (Norfolk), plaintiff represented by ALLEN ALLEN ALLEN, judgment for transfer/change of venue, total 25,059"
Virginia,Cumberland,2019,Personal Injury,Other,verdict,25058.0,1,10.128988323424016,STATE_COURT,"Virginia District Court Motion for Judgment, (Cumberland), plaintiff represented by ALLEN, ALLEN, ALLEN & ALLEN, judgment for defendant, total 25,058"
Virginia,Lunenburg,2019,Personal Injury,Other,verdict,25056.0,1,10.128908508594378,STATE_COURT,"Virginia District Court Motion for Judgment, (Lunenburg), plaintiff represented by ALLEN ALLEN ALLEN & ALLEN, judgment for defendant, total 25,056"
Virginia,Albemarle,2019,Personal Injury,Other,verdict,25054.0,1,10.128828687393826,STATE_COURT,"Virginia District Court Motion for Judgment, (Albemarle), plaintiff represented by ALLEN ALLEN, total 25,054"
Virginia,Petersburg,2019,Personal Injury,Other,verdict,25047.0,1,10.128549263006242,STATE_COURT,"Virginia District Court Motion for Judgment, (Petersburg), plaintiff represented by TRONFELD WEST & DURRETT, judgment for transfer/change of venue, total 25,047"
Virginia,,2019,Personal Injury,Other,verdict,25046.0,1,10.128509338862111,STATE_COURT,"Virginia District Court Motion for Judgment, plaintiff represented by TRONFELD, WEST, judgment for transfer/change of venue, total 25,046, notes: VENUE TRANSFERRED TO CHESTERFIELD GENERAL DISTRICT COURT"
Virginia,,2019,Personal Injury,Other,verdict,25046.0,1,10.128509338862111,STATE_COURT,"Virginia District Court Motion for Judgment, plaintiff represented by TRONFELD, WEST, judgment for transfer/change of venue, total 25,046, notes: VENUE TRANSFERRED TO NEW KENT COUNTY GDC"
Virginia,,2019,Personal Injury,Other,verdict,25046.0,1,10.128509338862111,STATE_COURT,"Virginia District Court Motion for Judgment, plaintiff represented by TRONFELD, WEST, judgment for transfer/change of venue, total 25,046, notes: TRANSFERRED TO CHESTERFIELD GENERAL DISTRICT COURT"
Virginia,,2019,Personal Injury,Other,verdict,25046.0,1,10.128509338862111,STATE_COURT,"Virginia District Court Motion for Judgment, plaintiff represented by TRONFELD, WEST, judgment for transfer/change of venue, total 25,046"
Virginia,,2019,Personal Injury,Other,verdict,25046.0,1,10.128509338862111,STATE_COURT,"Virginia District Court Motion for Judgment, plaintiff represented by TRONFELD, WEST, judgment for transfer/change of venue, total 25,046"
Virginia,,2019,Personal Injury,Other,verdict,25046.0,1,10.128509338862111,STATE_COURT,"Virginia District Court Motion for Judgment, plaintiff represented by TRONFELD, WEST, judgment for transfer/change of venue, total 25,046"
Virginia,,2019,Personal Injury,Other,verdict,25046.0,1,10.128509338862111,STATE_COURT,"Virginia District Court Motion for Judgment, plaintiff represented by BLANK & MARCUS, judgment for plaintiff, total 25,046"
Virginia,,2019,Personal Injury,Other,verdict,25046.0,1,10.128509338862111,STATE_COURT,"Virginia District Court Motion for Judgment, plaintiff represented by TRONFELD, WEST, judgment for transfer/change of venue, total 25,046, notes: TRANSFER OF VENUE TO CHESTERFIELD GENERAL DISTRICT COURT"
Virginia,,2019,Personal Injury,Other,verdict,25046.0,1,10.128509338862111,STATE_COURT,"Virginia District Court Motion for Judgment, plaintiff represented by MARKS & HARRISON, judgment for other, total 25,046"
Virginia,Henrico,2019,Personal Injury,Other,verdict,25046.0,1,10.128509338862111,STATE_COURT,"Virginia District Court Motion for Judgment, (Henrico), plaintiff represented by ALLEN & ALLEN, judgment for transfer/change of venue, total 25,046, notes: G/D RCVD 081519; PLT MOTION TO TRANSFER TO CC GRANTED"
Virginia,Virginia Beach,2019,Personal Injury,Other,verdict,25046.0,1,10.128509338862111,STATE_COURT,"Virginia District Court Motion for Judgment, (Virginia Beach), plaintiff represented by TRONFELD WEST, judgment for other, total 25,046"
Virginia,,2019,Personal Injury,Other,verdict,25046.0,1,10.128509338862111,STATE_COURT,"Virginia District Court Motion for Judgment, plaintiff represented by TRONFELD, WEST, judgment for transfer/change of venue, total 25,046, notes: AGREED ORDER TO TRANSFER TO CHESTERFIELD COUNTY GDC"
Virginia,,2019,Personal Injury,Other,verdict,25046.0,1,10.128509338862111,STATE_COURT,"Virginia District Court Motion for Judgment, plaintiff represented by MARKS & HARRISON, total 25,046"
Virginia,,2019,Personal Injury,Other,verdict,23070.0,1,10.046331696565609,STATE_COURT,"Virginia District Court Motion for Judgment, plaintiff represented by ALLEN, ALLEN, judgment for plaintiff, total 23,070"
Virginia,,2019,Personal Injury,Other,verdict,22582.0,1,10.024952689817304,STATE_COURT,"Virginia District Court Motion for Judgment, plaintiff represented by ALLEN, ALLEN, judgment for plaintiff, total 22,582"
Virginia,Rockingham,2019,Personal Injury,Other,verdict,21058.0,1,9.955083301179778,STATE_COURT,"Virginia District Court Motion for Judgment, (Rockingham), plaintiff represented by ALLEN ALLEN ALLEN, judgment for plaintiff, total 21,058"
Virginia,,2019,Personal Injury,Other,verdict,20646.0,1,9.93532530938488,STATE_COURT,"Virginia District Court Motion for Judgment, plaintiff represented by BLANK & MARCUS, judgment for plaintiff, total 20,646"
Virginia,,2019,Personal Injury,Other,verdict,20046.0,1,9.905834795604477,STATE_COURT,"Virginia District Court Motion for Judgment, plaintiff represented by BLANK & MARCUS, judgment for plaintiff, total 20,046"
Virginia,Prince William,2019,Personal Injury,Other,verdict,20000.0,1,9.90353755128617,STATE_COURT,"Virginia District Court Motion for Judgment, (Prince William), plaintiff represented by ALLEN ALLEN ALLEN, judgment for plaintiff, total 20,000"
Virginia,,2019,Personal Injury,Other,verdict,19596.0,1,9.883131772279054,STATE_COURT,"Virginia District Court Motion for Judgment, plaintiff represented by ALLEN, ALLEN, judgment for plaintiff, total 19,596"
Virginia,Fairfax,2019,Personal Injury,Other,verdict,19546.0,1,9.880577100953023,STATE_COURT,"Virginia District Court Motion for Judgment, (Fairfax), plaintiff represented by ALLEN & ALLEN, judgment for plaintiff, total 19,546"
Virginia,,2019,Personal Injury,Other,verdict,19449.0,1,9.875602349046593,STATE_COURT,"Virginia District Court Motion for Judgment, plaintiff represented by ALLEN, ALLEN, judgment for plaintiff, total 19,449"
Virginia,Augusta,2019,Personal Injury,Other,verdict,18637.0,1,9.8329577863456,STATE_COURT,"Virginia District Court Motion for Judgment, (Augusta), plaintiff represented by MARKS & HARRISON, judgment for plaintiff, total 18,637, notes: GR OF DEFENSE REC 1/6/20"
Pennsylvania,,2019,Truck Accident,Traumatic Brain Injury,verdict,18500.0,1,9.825580063659602,CourtListener,": FILED DECEMBER 23, Plaintiff, Andrea Avery, appeals from the judgment entered in this car- accident case, after a jury awarded her $18,500 for lost wages and pain and suffering."
Virginia,Henrico,2019,Personal Injury,Other,verdict,18046.0,1,9.800734744961298,STATE_COURT,"Virginia District Court Motion for Judgment, (Henrico), plaintiff represented by ALLEN, ALLEN, ALLEN, & ALLEN, judgment for plaintiff, total 18,046, notes: G/D REC  1/27/20"
Virginia,Petersburg,2019,Personal Injury,Other,verdict,18000.0,1,9.798182590890704,STATE_COURT,"Virginia District Court Motion for Judgment, (Petersburg), plaintiff represented by MARKS & HARRISON, judgment for plaintiff, total 18,000"
Virginia,Hanover,2019,Personal Injury,Other,verdict,17565.0,1,9.773720494477063,STATE_COURT,"Virginia District Court Motion for Judgment, (Hanover), plaintiff represented by ALLEN ALLEN & ALLEN, judgment for plaintiff, total 17,565"
Virginia,Colonial Heights,2019,Personal Injury,Other,verdict,17558.0,1,9.773321917959331,STATE_COURT,"Virginia District Court Motion for Judgment, (Colonial Heights), plaintiff represented by TRONFELD WEST, judgment for plaintiff, total 17,558, notes: GODS RCVD 5/14/19-JLC"
Virginia,Rockingham,2019,Personal Injury,Other,verdict,17058.0,1,9.74443320268052,STATE_COURT,"Virginia District Court Motion for Judgment, (Rockingham), plaintiff represented by ALLEN ALLEN ALLEN, judgment for plaintiff, total 17,058"
Virginia,,2019,Personal Injury,Other,verdict,17046.0,1,9.743729514150925,STATE_COURT,"Virginia District Court Motion for Judgment, plaintiff represented by MARKS & HARRISON, judgment for plaintiff, total 17,046"
Virginia,Hopewell,2019,Personal Injury,Other,verdict,17000.0,1,9.741027444837728,STATE_COURT,"Virginia District Court Motion for Judgment, (Hopewell), plaintiff represented by MARKS & HARRISON, judgment for plaintiff, total 17,000"
Texas,,2019,Car Accident,Burns,verdict,16567.0,1,9.71522840307542,CourtListener,"MEMORANDUM OPINION Before Justices Benavides, Longoria, and Hinojosa Memorandum Opinion by Justice Longoria Appellant Ana Villa sued appellee Felicia Martinez for injuries she sustained in a car collision."
Virginia,,2019,Personal Injury,Other,verdict,16046.0,1,9.68327719519936,STATE_COURT,"Virginia District Court Motion for Judgment, plaintiff represented by BLANK & MARCUS, judgment for plaintiff, total 16,046"
Virginia,Henrico,2019,Personal Injury,Other,verdict,15639.0,1,9.657587014099303,STATE_COURT,"Virginia District Court Motion for Judgment, (Henrico), plaintiff represented by ALLEN ALLEN, judgment for plaintiff, total 15,638.58, notes: G/D REC  9/20/19"
Illinois,,2019,Car Accident,Soft Tissue Injury,verdict,15000.0,1,9.61587214452889,News,Negligent collision caused by improper lookout at an intersection.
Virginia,Chesterfield,2019,Personal Injury,Other,verdict,14956.0,1,9.612934696659327,STATE_COURT,"Virginia District Court Motion for Judgment, (Chesterfield), plaintiff represented by ALLEN ALLEN  & ALLEN, judgment for plaintiff, total 14,956, notes: TRIAL ON 11-25-19 CONT'D TO 4-23-19 ON 10-23-19"
Virginia,Hampton,2019,Personal Injury,Other,verdict,14273.0,1,9.566194979531012,STATE_COURT,"Virginia District Court Motion for Judgment, (Hampton), plaintiff represented by GOLDSTEIN EDGAR & REAGAN, judgment for plaintiff, total 14,272.68"
Virginia,,2019,Personal Injury,Other,verdict,12796.0,1,9.456966047437597,STATE_COURT,"Virginia District Court Motion for Judgment, plaintiff represented by BLANK & MARCUS, judgment for plaintiff, total 12,796"
Ohio,,2019,Bus Accident,Back Injury,settlement,12500.0,0,9.433563920090563,CourtListener,"According to said application and other probate court documents, Progressive Insurance Corporation made a settlement offer of $12."
Colorado,,2019,Car Accident,Soft Tissue Injury,verdict,12340.0,1,9.420682331453184,News,Three-car rear-end chain collision. Plaintiff sued all three drivers for following too closely.
Ohio,,2019,Bus Accident,Back Injury,verdict,11781.0,1,9.374328222081633,CourtListener,"Bus Accident jury verdict of $11,781 in Ohio."
Virginia,Staunton,2019,Personal Injury,Other,verdict,11046.0,1,9.309914176872276,STATE_COURT,"Virginia District Court Motion for Judgment, (Staunton), plaintiff represented by MARKS & HARRISON, judgment for plaintiff, total 11,046"
Virginia,,2019,Personal Injury,Other,verdict,10972.0,1,9.3031929889908,STATE_COURT,"Virginia District Court Motion for Judgment, plaintiff represented by GOLDSTEIN EDGAR & REAGAN, judgment for plaintiff, total 10,971.86"
Virginia,,2019,Personal Injury,Other,verdict,10046.0,1,9.215029361462314,STATE_COURT,"Virginia District Court Motion for Judgment, plaintiff represented by ALLEN, ALLEN, judgment for plaintiff, total 10,046"
Arizona,,2019,Car Accident,Back Injury,verdict,10000.0,1,9.210440366976517,News,Rear-ended at red light aggravating pre-existing disc herniations and degenerative disc disease.
Florida,,2019,Premises Liability,Wrongful Death,settlement,10000.0,0,9.210440366976517,CourtListener,"Greg Lee, personal representative of the Estate of Raymond Consul, challenges the final judgment entered in favor of Mark Chmielewski, as court-appointed guardian for Matthew Martin, in Martin's action against Consul for damages resulting from a tragic car accident that left Martin in a vegetativ."
Virginia,,2019,Personal Injury,Other,verdict,9546.0,1,9.163982247998034,STATE_COURT,"Virginia District Court Motion for Judgment, plaintiff represented by ALLEN, ALLEN, judgment for plaintiff, total 9,546"
Virginia,Hampton,2019,Personal Injury,Other,verdict,9363.0,1,9.144627828610801,STATE_COURT,"Virginia District Court Motion for Judgment, (Hampton), plaintiff represented by GOLDSTEIN EDGAR & REAGAN, judgment for plaintiff, total 9,362.67"
Virginia,Henrico,2019,Personal Injury,Other,verdict,9046.0,1,9.110188490025742,STATE_COURT,"Virginia District Court Motion for Judgment, (Henrico), plaintiff represented by ALLEN & ALLEN, judgment for plaintiff, total 9,046, notes: DONE/21, G/D REC'D 5-16-19"
Virginia,Hampton,2019,Personal Injury,Other,verdict,8687.0,1,9.069698042173716,STATE_COURT,"Virginia District Court Motion for Judgment, (Hampton), plaintiff represented by GOLDSTEIN EDGAR & REAGAN, judgment for plaintiff, total 8,687"
Virginia,Hampton,2019,Personal Injury,Other,verdict,8649.0,1,9.065314599925925,STATE_COURT,"Virginia District Court Motion for Judgment, (Hampton), plaintiff represented by GOLDSTEIN EDGAR & REAGAN, judgment for plaintiff, total 8,648.5"
Illinois,,2019,Car Accident,Soft Tissue Injury,verdict,8500.0,1,9.04793908261736,News,Rear-end collision while the plaintiff was making a left turn.
Virginia,Hampton,2019,Personal Injury,Other,verdict,8367.0,1,9.032170186304704,STATE_COURT,"Virginia District Court Motion for Judgment, (Hampton), plaintiff represented by GOLDSTEIN EDGAR & REAGAN, judgment for plaintiff, total 8,367"
Virginia,Henrico,2019,Personal Injury,Other,verdict,7882.0,1,8.972463821059907,STATE_COURT,"Virginia District Court Motion for Judgment, (Henrico), plaintiff represented by ALLEN & ALLEN, judgment for plaintiff, total 7,882, notes: G/D DUE 30 DAYS G/D REC'D 7-1-19"
Virginia,Hampton,2019,Personal Injury,Other,verdict,7164.0,1,8.876963340262272,STATE_COURT,"Virginia District Court Motion for Judgment, (Hampton), plaintiff represented by GOLDSTEIN EDGAR & REAGAN, judgment for plaintiff, total 7,164.13"
Virginia,Hampton,2019,Personal Injury,Other,verdict,7006.0,1,8.854664928370534,STATE_COURT,"Virginia District Court Motion for Judgment, (Hampton), plaintiff represented by GOLDSTEIN EDGAR & REGAN, judgment for plaintiff, total 7,005.56"
Arizona,,2019,Car Accident,Traumatic Brain Injury,verdict,7000.0,1,8.853808274977197,News,Rear-ended causing TBI and PTSD headaches. Claimed 25% bodily impairment. Defendant admitted liability.
Virginia,,2019,Personal Injury,Other,verdict,5308.0,1,8.57715877258367,STATE_COURT,"Virginia District Court Motion for Judgment, plaintiff represented by GOLDSTEIN EDGAR & REAGAN, judgment for plaintiff, total 5,308"
Virginia,Hampton,2019,Personal Injury,Other,verdict,5163.0,1,8.549466751966532,STATE_COURT,"Virginia District Court Motion for Judgment, (Hampton), plaintiff represented by GOLDSTEIN EDGAR & REAGAN, judgment for plaintiff, total 5,163"
Virginia,Fairfax,2019,Personal Injury,Other,verdict,4909.0,1,8.499029220788566,STATE_COURT,"Virginia District Court Motion for Judgment, (Fairfax), plaintiff represented by HUSTON & ANGUS, judgment for plaintiff, total 4,908.97"
Virginia,,2019,Personal Injury,Other,verdict,4899.0,1,8.496990484098719,STATE_COURT,"Virginia District Court Motion for Judgment, plaintiff represented by GOLDSTEIN EDGAR & REAGAN, judgment for plaintiff, total 4,899.06"
Virginia,,2019,Personal Injury,Other,verdict,4546.0,1,8.42222295382501,STATE_COURT,"Virginia District Court Motion for Judgment, plaintiff represented by TRONFELD, WEST, judgment for plaintiff, total 4,546"
Virginia,Hampton,2019,Personal Injury,Other,verdict,3201.0,1,8.07153089355666,STATE_COURT,"Virginia District Court Motion for Judgment, (Hampton), plaintiff represented by GOLDSTEIN EDGAR & REGAN, judgment for plaintiff, total 3,201.3"
Virginia,,2019,Personal Injury,Other,verdict,2774.0,1,7.928406026180535,STATE_COURT,"Virginia District Court Motion for Judgment, plaintiff represented by GOLDSTEIN EDGAR & REAGAN, judgment for plaintiff, total 2,773.99"
Virginia,Hampton,2019,Personal Injury,Other,verdict,2246.0,1,7.717351272185329,STATE_COURT,"Virginia District Court Motion for Judgment, (Hampton), plaintiff represented by GOLDSTEIN EDGAR & REAGAN, judgment for plaintiff, total 2,246"
Virginia,Hampton,2019,Personal Injury,Other,verdict,2049.0,1,7.6255950721324535,STATE_COURT,"Virginia District Court Motion for Judgment, (Hampton), plaintiff represented by GOLDSTEIN EDGAR & REGAN, judgment for plaintiff, total 2,049.28"
Virginia,Hampton,2019,Personal Injury,Other,verdict,1931.0,1,7.566311014772463,STATE_COURT,"Virginia District Court Motion for Judgment, (Hampton), plaintiff represented by GOLDSTEIN EDGAR & REAGAN, judgment for plaintiff, total 1,931"
Virginia,Hampton,2019,Personal Injury,Other,verdict,1803.0,1,7.4977617006225685,STATE_COURT,"Virginia District Court Motion for Judgment, (Hampton), plaintiff represented by GOLDSTEIN EDGAR & REAGAN, judgment for plaintiff, total 1,803.26"
Virginia,Hampton,2019,Personal Injury,Other,verdict,1797.0,1,7.494430215031565,STATE_COURT,"Virginia District Court Motion for Judgment, (Hampton), plaintiff represented by GOLDSTEIN EDGAR & REAGAN, judgment for plaintiff, total 1,796.7"
Virginia,,2019,Personal Injury,Other,verdict,1720.0,1,7.450660796211539,STATE_COURT,"Virginia District Court Motion for Judgment, plaintiff represented by GOLDSTEIN EDGAR & REAGAN, judgment for plaintiff, total 1,720.38"
Virginia,Hampton,2019,Personal Injury,Other,verdict,1604.0,1,7.380879035564116,STATE_COURT,"Virginia District Court Motion for Judgment, (Hampton), plaintiff represented by GOLDSTEIN EDGAR & REGAN, judgment for plaintiff, total 1,603.96"
Virginia,Hampton,2019,Personal Injury,Other,verdict,1560.0,1,7.353081920515432,STATE_COURT,"Virginia District Court Motion for Judgment, (Hampton), plaintiff represented by GOLDSTEIN EDGAR & REGAN, judgment for plaintiff, total 1,560.1"
Virginia,Hampton,2019,Personal Injury,Other,verdict,1548.0,1,7.3453648404168685,STATE_COURT,"Virginia District Court Motion for Judgment, (Hampton), plaintiff represented by GOLDSTEIN EDGAR & REAGAN, judgment for plaintiff, total 1,547.96"
Virginia,,2019,Personal Injury,Other,verdict,1514.0,1,7.323170717943469,STATE_COURT,"Virginia District Court Motion for Judgment, plaintiff represented by GOLDSTEIN EDGAR & REAGAN, judgment for plaintiff, total 1,514.31"
Virginia,Hampton,2019,Personal Injury,Other,verdict,1497.0,1,7.311886164077165,STATE_COURT,"Virginia District Court Motion for Judgment, (Hampton), plaintiff represented by GOLDSTEIN EDGAR & REGAN, judgment for plaintiff, total 1,497.43"
Virginia,Hampton,2019,Personal Injury,Other,verdict,1373.0,1,7.2254814727822945,STATE_COURT,"Virginia District Court Motion for Judgment, (Hampton), plaintiff represented by GOLDSTEIN EDGAR & REAGAN, judgment for plaintiff, total 1,373.3"
Virginia,Hampton,2019,Personal Injury,Other,verdict,1336.0,1,7.198183577101943,STATE_COURT,"Virginia District Court Motion for Judgment, (Hampton), plaintiff represented by GOLDSTEIN EDGAR & REAGAN, judgment for plaintiff, total 1,335.97"
Virginia,Hampton,2019,Personal Injury,Other,verdict,1200.0,1,7.0909098220799835,STATE_COURT,"Virginia District Court Motion for Judgment, (Hampton), plaintiff represented by GOLDSTEIN EDGAR & REGAN, judgment for plaintiff, total 1,200.25"
Virginia,,2019,Personal Injury,Other,verdict,1167.0,1,7.0630481633881725,STATE_COURT,"Virginia District Court Motion for Judgment, plaintiff represented by GOLDSTEIN EDGAR & REAGAN, judgment for plaintiff, total 1,167.38"
Virginia,Hampton,2019,Personal Injury,Other,verdict,1163.0,1,7.059617628291383,STATE_COURT,"Virginia District Court Motion for Judgment, (Hampton), plaintiff represented by GOLDSTEIN EDGAR & REGAN, judgment for plaintiff, total 1,162.64"
Virginia,,2019,Personal Injury,Other,verdict,1114.0,1,7.016609683894219,STATE_COURT,"Virginia District Court Motion for Judgment, plaintiff represented by GOLDSTEIN EDGAR & REAGAN, judgment for plaintiff, total 1,114.25"
Virginia,Hampton,2019,Personal Injury,Other,verdict,941.0,1,6.848005274576363,STATE_COURT,"Virginia District Court Motion for Judgment, (Hampton), plaintiff represented by GOLDSTEIN EDGAR & REGAN, judgment for plaintiff, total 940.66"
Virginia,Hampton,2019,Personal Injury,Other,verdict,843.0,1,6.738152494595957,STATE_COURT,"Virginia District Court Motion for Judgment, (Hampton), plaintiff represented by GOLDSTEIN EDGAR & REGAN, judgment for plaintiff, total 843.18"
Virginia,Hampton,2019,Personal Injury,Other,verdict,805.0,1,6.692083742506628,STATE_COURT,"Virginia District Court Motion for Judgment, (Hampton), plaintiff represented by GOLDSTEIN EDGAR & REAGAN, judgment for plaintiff, total 805.29"
Virginia,Hampton,2019,Personal Injury,Other,verdict,627.0,1,6.4425401664681985,STATE_COURT,"Virginia District Court Motion for Judgment, (Hampton), plaintiff represented by GOLDSTEIN EDGAR & REGAN, judgment for plaintiff, total 626.56"
Virginia,Hampton,2019,Personal Injury,Other,verdict,589.0,1,6.380122536899765,STATE_COURT,"Virginia District Court Motion for Judgment, (Hampton), plaintiff represented by GOLDSTEIN EDGAR & REGAN, judgment for plaintiff, total 589.32"
Virginia,Hampton,2019,Personal Injury,Other,verdict,582.0,1,6.368187186350492,STATE_COURT,"Virginia District Court Motion for Judgment, (Hampton), plaintiff represented by GOLDSTEIN EDGAR & REAGAN, judgment for plaintiff, total 582.12"
Virginia,Hampton,2019,Personal Injury,Other,verdict,561.0,1,6.331501849893691,STATE_COURT,"Virginia District Court Motion for Judgment, (Hampton), plaintiff represented by GOLDSTEIN EDGAR & REGAN, judgment for plaintiff, total 561.32"
Virginia,Hampton,2019,Personal Injury,Other,verdict,550.0,1,6.311734809152915,STATE_COURT,"Virginia District Court Motion for Judgment, (Hampton), plaintiff represented by GOLDSTEIN EDGAR & REAGAN, judgment for plaintiff, total 549.6"
Virginia,Hampton,2019,Personal Injury,Other,verdict,528.0,1,6.270988431858299,STATE_COURT,"Virginia District Court Motion for Judgment, (Hampton), plaintiff represented by GOLDSTEIN EDGAR & REGAN, judgment for plaintiff, total 527.99"
Virginia,Hampton,2019,Personal Injury,Other,verdict,499.0,1,6.214608098422191,STATE_COURT,"Virginia District Court Motion for Judgment, (Hampton), plaintiff represented by GOLDSTEIN EDGAR & REAGAN, judgment for plaintiff, total 498.66"
Virginia,Hampton,2019,Personal Injury,Other,verdict,452.0,1,6.115892125483034,STATE_COURT,"Virginia District Court Motion for Judgment, (Hampton), plaintiff represented by GOLDSTEIN EDGAR & REAGAN, judgment for plaintiff, total 452.32"
Virginia,Hampton,2019,Personal Injury,Other,verdict,443.0,1,6.095824562432225,STATE_COURT,"Virginia District Court Motion for Judgment, (Hampton), plaintiff represented by GOLDSTEIN EDGAR & REAGAN, judgment for plaintiff, total 442.66"
Virginia,Hampton,2019,Personal Injury,Other,verdict,419.0,1,6.040254711277414,STATE_COURT,"Virginia District Court Motion for Judgment, (Hampton), plaintiff represented by GOLDSTEIN EDGAR & REAGAN, judgment for plaintiff, total 419.19"
Virginia,Hampton,2019,Personal Injury,Other,verdict,405.0,1,6.0063531596017325,STATE_COURT,"Virginia District Court Motion for Judgment, (Hampton), plaintiff represented by GOLDSTEIN EDGAR & REAGAN, judgment for plaintiff, total 404.5"
Virginia,Hampton,2019,Personal Injury,Other,verdict,387.0,1,5.961005339623274,STATE_COURT,"Virginia District Court Motion for Judgment, (Hampton), plaintiff represented by GOLDSTEIN EDGAR & REAGAN, judgment for plaintiff, total 387.33"
Virginia,Hampton,2019,Personal Injury,Other,verdict,383.0,1,5.950642552587727,STATE_COURT,"Virginia District Court Motion for Judgment, (Hampton), plaintiff represented by GOLDSTEIN EDGAR & REAGAN, judgment for plaintiff, total 382.66"
Virginia,Hampton,2019,Personal Injury,Other,verdict,347.0,1,5.8522024797744745,STATE_COURT,"Virginia District Court Motion for Judgment, (Hampton), plaintiff represented by GOLDSTEIN EDGAR & REAGAN, judgment for plaintiff, total 346.93"
Virginia,Hampton,2019,Personal Injury,Other,verdict,316.0,1,5.75890177387728,STATE_COURT,"Virginia District Court Motion for Judgment, (Hampton), plaintiff represented by GOLDSTEIN EDGAR & REGAN, judgment for plaintiff, total 315.99"
Virginia,Hampton,2019,Personal Injury,Other,verdict,296.0,1,5.6937321388027,STATE_COURT,"Virginia District Court Motion for Judgment, (Hampton), plaintiff represented by GOLDSTEIN EDGAR & REGAN, judgment for plaintiff, total 295.99"
Virginia,Hampton,2019,Personal Injury,Other,verdict,296.0,1,5.6937321388027,STATE_COURT,"Virginia District Court Motion for Judgment, (Hampton), plaintiff represented by GOLDSTEIN EDGAR & REGAN, judgment for plaintiff, total 295.99"
Florida,,2018,Other,Wrongful Death,verdict,150000000.0,1,18.826145858727198,CourtListener,"Reynolds, appeal a final judgment awarding the plaintiff just under $."
Illinois,,2018,Medical Malpractice,Traumatic Brain Injury,verdict,48195000.0,1,17.690765859949245,News,Woman at 37 weeks of pregnancy was sent home after a phone call with her OB. Her son suffered oxygen deprivation and developed cerebral palsy.
Massachusetts,,2018,Medical Malpractice,Spinal Cord Injury,settlement,35400000.0,0,17.38222240635259,CourtListener,The jury awarded damages in the sum of $.
Florida,Pasco,2018,Car Accident,Wrongful Death,verdict,25910000.0,1,17.07013959113343,News,"Catastrophic tread separation caused church van to roll, ejecting unrestrained passenger who died from injuries sustained in the crash."
Arizona,,2018,Other,Spinal Cord Injury,verdict,24100000.0,1,16.997722439954657,News,Helicopter crash due to transmission failure caused paraplegia and multiple injuries (Maricopa County).
Illinois,,2018,Medical Malpractice,Wrongful Death,verdict,22185598.5,1,16.914953965193167,CourtListener,"OPINION ¶1 Defendant, Mercy Hospital & Medical Center (Mercy), appeals from a jury verdict in favor of plaintiff, Joi Jefferson, in the amount of $22,185."
Indiana,,2018,Truck Accident,Wrongful Death,settlement,21000000.0,0,16.860033043306743,CourtListener,Truck Accident settlement of $21.0 million in Indiana.
Tennessee,,2018,Medical Malpractice,Back Injury,verdict,16000000.0,1,16.588099342704055,CourtListener,"On August 15, 2016, the trial court entered an order on the attorney’s fee sanctions, wherein it awarded SpecialtyCare $119."
Indiana,,2018,Medical Malpractice,Wrongful Death,settlement,14000000.0,0,16.454567959008102,CourtListener,"At trial, a jury awarded a $14 million verdict against Dr."
Texas,,2018,Bus Accident,Other,settlement,12500000.0,0,16.341239282272525,CourtListener,"Construction of Water and Adventure Park In September 2013, the City Claimants entered into a transaction with Hawaiian Parks , White Settlement, LLC (HPARKS) pursuant to which the City would ground lease land to HPARKS to construct a water and adventure park (the Park) and would pay up to $."
Texas,,2018,Car Accident,Wrongful Death,settlement,10000000.0,0,16.118095750958314,CourtListener,Car Accident settlement of $10 million in Texas.
Indiana,,2018,Truck Accident,Back Injury,verdict,9130000.0,1,16.02707636210017,CourtListener,"Goodwin (“Goodwin”) was awarded $9,130."
Georgia,Gwinnett,2018,Motorcycle Accident,Wrongful Death,verdict,7500000.0,1,15.830413711839864,News,"A motorcyclist was struck by a company van on I-285 and slid beneath a truck, fatally. The Gwinnett County jury awarded $7.5 million total, reduced to about $5.6 million after 25 percent fault apportionment."
Tennessee,,2018,Truck Accident,Back Injury,verdict,5930820.0,1,15.5956732099574,CourtListener,W2017-02189-COA-R3-CV ___________________________________ This is an FELA1 case arising out of an accident that occurred at the railroad’s intermodal facility in which a railroad employee was crushed by a container box being lifted off of a holster truck.
Nebraska,,2018,Medical Malpractice,Traumatic Brain Injury,verdict,3364960.0,1,15.028926931097814,News,Medical Malpractice jury verdict of $3.4 million in Nebraska.
Alabama,,2018,Workplace Injury,Back Injury,settlement,3000000.0,0,14.914123179965662,CourtListener,"The jury returned a verdict in favor of Kennedy, awarding him compensatory damages in the amount of $3,000."
Ohio,,2018,Truck Accident,Wrongful Death,verdict,2978522.0,1,14.906938098028787,CourtListener,Truck Accident jury verdict of $3 million in Ohio.
Utah,,2018,Truck Accident,Shoulder Injury,verdict,2900000.0,1,14.88022163978423,CourtListener,"At trial, the jury awarded Plaintiff $."
Texas,,2018,Medical Malpractice,Wrongful Death,settlement,2700000.0,0,14.80876270134486,CourtListener,"The hospital settled prior to the first trial, which resulted in a hung jury, and on retrial a different jury awarded $2,679,000 to Appellants, which, We discovered this gem of a phrase in Appellants Marcus and Diane Hernandezes’ summary judgment response, in which they argued that summary judg."
Indiana,,2018,Motorcycle Accident,Burns,verdict,2000000.0,1,14.508658238524095,CourtListener,Motorcycle Accident jury verdict of $2 million in Indiana.
Utah,,2018,Medical Malpractice,Wrongful Death,verdict,1407210.68,1,14.15712077254159,CourtListener,"The jury also determined that Plaintiff’s total damages were $1,407."
Texas,,2018,Motorcycle Accident,Burns,verdict,1200000.0,1,13.997832948091215,CourtListener,"The jury determined that Milton’s damages were $1,200."
Ohio,,2018,Premises Liability,Back Injury,settlement,1198000.0,0,13.996164892381724,CourtListener,Premises Liability settlement of $1.2 million in Ohio.
Tennessee,,2018,Medical Malpractice,Wrongful Death,verdict,1061042.71,1,13.874763613731526,CourtListener,Medical Malpractice jury verdict of $1.1 million in Tennessee.
Louisiana,,2018,Car Accident,Back Injury,verdict,700000.0,1,13.45883704259595,CourtListener,"Spann's comparative fault, the additional judgment awarded against Gerry Lane pursuant to the JNOV was $210."
New York,,2018,Car Accident,Shoulder Injury,verdict,600000.0,1,13.304686600863562,News,"Driver ran a red light and T-boned the victim's vehicle, causing a rotator cuff tear requiring arthroscopic surgery."
Florida,,2018,Medical Malpractice,Knee Injury,verdict,507874.95,1,13.13799250382729,CourtListener,Gustavsson sued appellees Carol Marie Holder and Sean Leonard Beck after being struck and injured as a pedestrian by a vehicle owned by Holder and driven by Beck.
Illinois,,2018,Premises Liability,Broken Bones,verdict,500000.0,1,13.122365377402328,CourtListener,"Premises Liability jury verdict of $500,000 in Illinois."
Maryland,,2018,Car Accident,Wrongful Death,verdict,451956.0,1,13.0213423215456,CourtListener,"Car Accident jury verdict of $451,956 in Maryland."
Vermont,,2018,Medical Malpractice,Soft Tissue Injury,verdict,400000.0,1,12.899222326086994,News,"Patient aspirated during surgery, developing bowel complications."
Michigan,,2018,Car Accident,Whiplash,settlement,395000.0,0,12.886643575525625,News,Rear-end auto collision caused injuries.
New York,,2018,Car Accident,Knee Injury,settlement,375000.0,0,12.834683971615659,News,"Construction worker rear-ended by a truck, suffering knee ligament tears and a herniated disc. Expected to need eventual knee replacement."
Ohio,,2018,Medical Malpractice,Wrongful Death,verdict,300000.0,1,12.611541086966115,News,"Nurse administered medication that lodged in the patient's windpipe, causing death."
Colorado,,2018,Car Accident,Back Injury,verdict,300000.0,1,12.611541086966115,CourtListener,"Car Accident jury verdict of $300,000 in Colorado."
Michigan,,2018,Premises Liability,Other,settlement,300000.0,0,12.611541086966115,News,Young boy severely injured in a swimming pool at a premises.
Nebraska,,2018,Car Accident,Back Injury,verdict,287012.0,1,12.567282789883166,News,Struck by a truck after the defendant allegedly ran a red light. Plaintiff suffered a herniated cervical disc.
Washington,,2018,Motorcycle Accident,Back Injury,verdict,250000.0,1,12.429220196836383,CourtListener,"Motorcycle Accident jury verdict of $250,000 in Washington."
Michigan,,2018,Premises Liability,Other,settlement,237500.0,0,12.377927112974284,News,Trip and fall at an elementary school caused injuries.
Arizona,,2018,Car Accident,Shoulder Injury,verdict,190000.0,1,12.154784614286667,News,Head-on collision after defendant failed to drive on proper side of road. Torn rotator cuff.
Ohio,,2018,Bus Accident,Other,settlement,175000.0,0,12.07254696717504,CourtListener,"Bus Accident settlement of $175,000 in Ohio."
Wisconsin,,2018,Premises Liability,Back Injury,settlement,164632.42,0,12.011476584282821,CourtListener,"Premises Liability settlement of $164,632.42 in Wisconsin."
Utah,,2018,Medical Malpractice,Wrongful Death,verdict,143000.0,1,11.870606902224587,CourtListener,"Medical Malpractice jury verdict of $143,000 in Utah."
South Carolina,,2018,Truck Accident,Back Injury,settlement,100000.0,0,11.51293546492023,CourtListener,"The Pooles requested another $50,000 from the UIM policy's property damage coverage in anticipation of a large punitive damages award, but GEICO refused."
Ohio,,2018,Bus Accident,Back Injury,verdict,100000.0,1,11.51293546492023,CourtListener,"In that agreement, the Jacksons agreed that the Links should be awarded damages arising from the dog bite incident in the amount of $100."
Tennessee,,2018,Medical Malpractice,Shoulder Injury,verdict,81343.47,1,11.306448132463197,CourtListener,"E2017-00091-COA-R3-CV Kristin McKenzie and her husband, Joshua McKenzie, filed this health care liability action individually, and on behalf of their infant child, Jacob, who sustained injuries during his birth."
Iowa,,2018,Medical Malpractice,Back Injury,settlement,69430.2,0,11.148091613192948,CourtListener,"Medical Malpractice settlement of $69,430.2 in Iowa."
Texas,,2018,Medical Malpractice,Shoulder Injury,settlement,39801.62,0,10.591688018251615,CourtListener,"After the trial, the trial court signed a final judgment against Ramer awarding Cardona damages plus prejudgment interest and costs totaling $39."
Colorado,,2018,Medical Malpractice,Back Injury,verdict,38356.46,1,10.554704311997988,CourtListener,"Medical Malpractice jury verdict of $38,356.46 in Colorado."
Texas,,2018,Truck Accident,Back Injury,verdict,30000.0,1,10.308985993422082,CourtListener,"Truck Accident jury verdict of $30,000 in Texas."
Virginia,Martinsville,2018,Personal Injury,Other,verdict,25330.0,1,10.139784221095251,STATE_COURT,"Virginia District Court Motion for Judgment, (Martinsville), plaintiff represented by KALFUS & NACHMAN, judgment for other, total 25,330"
Virginia,,2018,Personal Injury,Other,verdict,25082.0,1,10.129945604818168,STATE_COURT,"Virginia District Court Motion for Judgment, plaintiff represented by ALLEN, ALLEN, judgment for plaintiff, total 25,082, notes: JUDGMENT AS TO TANAE CARTER ONLY"
Virginia,Henrico,2018,Personal Injury,Other,verdict,25058.0,1,10.128988323424016,STATE_COURT,"Virginia District Court Motion for Judgment, (Henrico), plaintiff represented by BLANK & MARCUS, judgment for defendant, total 25,058, notes: GD RCVD 112618"
Virginia,Albemarle,2018,Personal Injury,Other,verdict,25054.0,1,10.128828687393826,STATE_COURT,"Virginia District Court Motion for Judgment, (Albemarle), plaintiff represented by ALLEN ALLEN ALLEN, judgment for plaintiff, total 25,054"
Virginia,,2018,Personal Injury,Other,verdict,25046.0,1,10.128509338862111,STATE_COURT,"Virginia District Court Motion for Judgment, plaintiff represented by TRONFELD, WEST, judgment for transfer/change of venue, total 25,046, notes: TRANSFERED TO CHESTERFIELD COUNTY GDC"
Virginia,,2018,Personal Injury,Other,verdict,25046.0,1,10.128509338862111,STATE_COURT,"Virginia District Court Motion for Judgment, plaintiff represented by TRONFELD, WEST, judgment for transfer/change of venue, total 25,046, notes: TRANSFER TO HENRICO COUNTY GDC"
Virginia,,2018,Personal Injury,Other,verdict,25046.0,1,10.128509338862111,STATE_COURT,"Virginia District Court Motion for Judgment, plaintiff represented by JOEL BIEBER FIRM, judgment for plaintiff, total 25,046"
Virginia,Arlington,2018,Personal Injury,Other,verdict,25000.0,1,10.12667110305036,STATE_COURT,"Virginia District Court Motion for Judgment, (Arlington), plaintiff represented by ALLEN ALLEN ALLEN, judgment for plaintiff, total 25,000"
Virginia,,2018,Personal Injury,Other,verdict,23558.0,1,10.067263192042985,STATE_COURT,"Virginia District Court Motion for Judgment, plaintiff represented by ALLEN, ALLEN, judgment for plaintiff, total 23,558"
Illinois,,2018,Medical Malpractice,Spinal Cord Injury,verdict,23000.0,1,10.043292972227004,CourtListener,"Medical Malpractice jury verdict of $23,000 in Illinois."
Louisiana,,2018,Truck Accident,Burns,settlement,21318.0,0,9.967353972864542,CourtListener,"Truck Accident settlement of $21,318 in Louisiana."
Virginia,,2018,Personal Injury,Other,verdict,21058.0,1,9.955083301179778,STATE_COURT,"Virginia District Court Motion for Judgment, plaintiff represented by MARKS & HARRISON, judgment for plaintiff, total 21,058"
Virginia,Prince William,2018,Personal Injury,Other,verdict,20290.0,1,9.917932716967623,STATE_COURT,"Virginia District Court Motion for Judgment, (Prince William), plaintiff represented by ALLEN ALLEN ALLEN, judgment for plaintiff, total 20,290.08"
Virginia,Henrico,2018,Personal Injury,Other,verdict,20058.0,1,9.906433209824698,STATE_COURT,"Virginia District Court Motion for Judgment, (Henrico), plaintiff represented by ALLEN & ALLEN, judgment for plaintiff, total 20,058, notes: G/D DUE IN 30;G/D RECD 061218"
Virginia,,2018,Personal Injury,Other,verdict,20058.0,1,9.906433209824698,STATE_COURT,"Virginia District Court Motion for Judgment, plaintiff represented by MARKS & HARRISON, judgment for plaintiff, total 20,058"
Virginia,,2018,Personal Injury,Other,verdict,18058.0,1,9.801399454452342,STATE_COURT,"Virginia District Court Motion for Judgment, plaintiff represented by ALLEN, ALLEN, judgment for plaintiff, total 18,058"
Virginia,Chesterfield,2018,Personal Injury,Other,verdict,17858.0,1,9.7902628618215,STATE_COURT,"Virginia District Court Motion for Judgment, (Chesterfield), plaintiff represented by TRONFELD WEST ET AL, judgment for plaintiff, total 17,858, notes: MFJ RCVD  G/D 01-28-19; NO GD RCVD"
Virginia,Prince William,2018,Personal Injury,Other,verdict,17556.0,1,9.773208009769208,STATE_COURT,"Virginia District Court Motion for Judgment, (Prince William), plaintiff represented by ALLEN ALLEN ALLEN, judgment for plaintiff, total 17,556, notes: JUDGMENT VACATED AND DISMISSED 7/29/19"
California,,2018,Other,Back Injury,verdict,17000.0,1,9.741027444837728,CourtListener,"Holt alleged he briefly represented Yeager in 2009 and successfully sued Victoria Yeager in Nevada County for his fees (some $11,000), and defended the judgment on appeal to the Appellate Department of the superior court."
Virginia,Charlotte,2018,Personal Injury,Other,verdict,15071.0,1,9.620593996816144,STATE_COURT,"Virginia District Court Motion for Judgment, (Charlotte), plaintiff represented by ALLEN ALLEN ALLEN AL, judgment for plaintiff, total 15,071"
Virginia,Arlington,2018,Personal Injury,Other,verdict,15058.0,1,9.61973109808682,STATE_COURT,"Virginia District Court Motion for Judgment, (Arlington), plaintiff represented by ALLEN, ALLEN, ALLEN, judgment for plaintiff, total 15,058"
Virginia,,2018,Personal Injury,Other,verdict,14546.0,1,9.585140065773462,STATE_COURT,"Virginia District Court Motion for Judgment, plaintiff represented by MARKS & HARRISON, judgment for plaintiff, total 14,546"
Virginia,Petersburg,2018,Personal Injury,Other,verdict,13779.0,1,9.53097354456765,STATE_COURT,"Virginia District Court Motion for Judgment, (Petersburg), plaintiff represented by MARKS & HARRISON, judgment for plaintiff, total 13,779"
Virginia,,2018,Personal Injury,Other,verdict,13082.0,1,9.479068956510876,STATE_COURT,"Virginia District Court Motion for Judgment, plaintiff represented by ALLEN, ALLEN, judgment for plaintiff, total 13,082"
Virginia,,2018,Personal Injury,Other,verdict,13058.0,1,9.477232830220407,STATE_COURT,"Virginia District Court Motion for Judgment, plaintiff represented by ALLEN, ALLEN, judgment for plaintiff, total 13,058"
Virginia,Charlottesville,2018,Personal Injury,Other,verdict,12054.0,1,9.397234790615272,STATE_COURT,"Virginia District Court Motion for Judgment, (Charlottesville), plaintiff represented by MARKS & HARRISON, judgment for other, total 12,054"
Virginia,Norfolk,2018,Personal Injury,Other,verdict,10059.0,1,9.21632244365373,STATE_COURT,"Virginia District Court Motion for Judgment, (Norfolk), plaintiff represented by ALLEN ALLEN ALLEN, judgment for plaintiff, total 10,059, notes: 10:30"
Virginia,,2018,Personal Injury,Other,verdict,10058.0,1,9.216223035134337,STATE_COURT,"Virginia District Court Motion for Judgment, plaintiff represented by JOEL BIEBER FIRM, judgment for plaintiff, total 10,058"
Virginia,Fairfax,2018,Personal Injury,Other,verdict,9587.0,1,9.168267595554275,STATE_COURT,"Virginia District Court Motion for Judgment, (Fairfax), plaintiff represented by HUSTON & ANGUS, judgment for plaintiff, total 9,586.52"
Virginia,,2018,Personal Injury,Other,verdict,8570.0,1,9.056139690898883,STATE_COURT,"Virginia District Court Motion for Judgment, plaintiff represented by MARKS & HARRISON, judgment for plaintiff, total 8,570"
Virginia,,2018,Personal Injury,Other,verdict,8046.0,1,8.993054630146133,STATE_COURT,"Virginia District Court Motion for Judgment, plaintiff represented by MARKS & HARRISON, judgment for plaintiff, total 8,046"
Virginia,,2018,Personal Injury,Other,verdict,8046.0,1,8.993054630146133,STATE_COURT,"Virginia District Court Motion for Judgment, plaintiff represented by TRONFELD, WEST, judgment for plaintiff, total 8,046"
Virginia,Fairfax,2018,Personal Injury,Other,verdict,7817.0,1,8.9641840463529,STATE_COURT,"Virginia District Court Motion for Judgment, (Fairfax), plaintiff represented by HUSTON & ANGUS, judgment for plaintiff, total 7,816.98"
Vermont,,2018,Car Accident,Whiplash,verdict,6590.0,1,8.79346036105272,News,Rear-end collision caused by a texting driver resulted in whiplash.
Virginia,,2018,Personal Injury,Other,verdict,5582.0,1,8.62748154531036,STATE_COURT,"Virginia District Court Motion for Judgment, plaintiff represented by ALLEN, ALLEN, judgment for defendant, total 5,582"
Virginia,Rockingham,2018,Personal Injury,Other,verdict,5058.0,1,8.528924114291936,STATE_COURT,"Virginia District Court Motion for Judgment, (Rockingham), plaintiff represented by MARKS & HARRISON, judgment for plaintiff, total 5,058"
Virginia,Shenandoah,2018,Personal Injury,Other,verdict,3549.0,1,8.174702882469461,STATE_COURT,"Virginia District Court Motion for Judgment, (Shenandoah), plaintiff represented by MARKS & HARRISON, judgment for plaintiff, total 3,549"
California,,2017,Car Accident,Wrongful Death,verdict,31000000.0,1,17.249497794707484,News,Car Accident jury verdict of $31.0 million in California.
New York,,2017,Truck Accident,Wrongful Death,settlement,27500000.0,0,17.129696599000436,News,Verdict for a former Cornell student who suffered a fracture of her Lumbar Spine in a car accident in New York. The victim is now able to walk with braces but still suffers from neurogenic bowel. She will need medical help for the rest of her life. The jury awarded $5 million for her pas.
New York,,2017,Truck Accident,Wrongful Death,settlement,26000000.0,0,17.073607134447293,News,"Verdict for a sanitation worker who was fatally hit by a sweeper truck. At the time of the fatal accident, Steven Frosh was in a city garage adjusting his sweeper truck. Another truck arrived in the."
Texas,,2017,Premises Liability,Burns,settlement,25000000.0,0,17.034386422832473,CourtListener,"The total award, including postjudgment interest, was $8,063."
Nebraska,,2017,Medical Malpractice,Traumatic Brain Injury,settlement,17000000.0,0,16.648723960844016,CourtListener,"After a jury awarded $17 million to a child born with severe brain damage, the district court3 applied Nebraska’s tort-reform act to reduce the verdict by almost 90 percent, to $."
California,,2017,Truck Accident,Traumatic Brain Injury,settlement,17000000.0,0,16.648723960844016,News,"SETTLEMENT Zesatti v. Doe Construction; $17 Million Settlement- Los Angeles, California Gary Dordick's client sustained massive head and spinal trauma, including traumatic brain injury, when the car she was riding in struck a tractor-trailer making a prohibited right-turn into a retail distribution center."
Florida,,2017,Medical Malpractice,Other,verdict,14905585.29,1,16.517246619443146,CourtListener,"The jury found the Boozers liable for Hintz’s injuries and' awarded Stalley $14,905."
Florida,,2017,Other,Back Injury,verdict,7755415.0,1,15.863901995965142,CourtListener,Bus Accident jury verdict of $7.8 million in Florida.
Arizona,,2017,Medical Malpractice,Traumatic Brain Injury,settlement,7000000.0,0,15.76142084987672,News,Medical Malpractice settlement of $7.0 million in Arizona.
Ohio,Cuyahoga,2017,Car Accident,Multiple Injuries,verdict,6100000.0,1,15.623799493077952,Akron Legal News,"Jury verdict for a man seriously injured when an East Cleveland police cruiser traveling about 70 mph in a 25 mph zone struck him; the jury found both the officer and the city negligent. A second victim received $1,600,000, and $1,000,000 in punitive damages was assessed against the officer individually."
California,,2017,Truck Accident,Wrongful Death,settlement,5000000.0,0,15.424948670398354,CourtListener,"B265304 Plaintiffs and Appellants, (Los Angeles County Super."
North Carolina,,2017,Bus Accident,Wrongful Death,settlement,4250000.0,0,15.26242977619469,CourtListener,"The jury awarded Plaintiff $45,000 in punitive damages."
Pennsylvania,,2017,Motorcycle Accident,Wrongful Death,verdict,3100000.0,1,14.946912992035967,CourtListener,Motorcycle Accident jury verdict of $3.1 million in Pennsylvania.
Utah,,2017,Medical Malpractice,Wrongful Death,verdict,2940250.0,1,14.894005509820358,News,Hospital failed to diagnose aortic dissection. Patient died after presenting with abdominal and chest pain.
New York,,2017,Car Accident,Back Injury,verdict,2200000.0,1,14.603968372873895,News,Rear-ended by a taxi cab causing disc herniations and labrum tear. Required hip arthroscopic surgeries and extensive rehabilitation.
Utah,,2017,Premises Liability,Wrongful Death,verdict,1833000.0,1,14.42146507237543,News,Man with MS developed stage IV bedsores at a nursing home due to substandard care and died from an infected bedsore.
New York,,2017,Medical Malpractice,Spinal Cord Injury,settlement,1500000.0,0,14.220976332738882,CourtListener,Medical Malpractice settlement of $1.5 million in New York.
Louisiana,,2017,Medical Malpractice,Wrongful Death,verdict,1375000.0,1,14.13396501635527,CourtListener,"JUDGE SANDRA CABRINA JENKINS | ,This is an appeal of a June 9, 2015 judgment by the trial court rendered after a $1,375."
Oklahoma,,2017,Medical Malpractice,Wrongful Death,verdict,1200000.0,1,13.997832948091215,CourtListener,Medical Malpractice jury verdict of $1.2 million in Oklahoma.
New York,,2017,Car Accident,Back Injury,verdict,1100000.0,1,13.910821646859095,News,"Vehicle struck during a left turn, causing disc herniations with radiculopathy. Eventually required back surgery for pain relief."
Pennsylvania,,2017,Medical Malpractice,Wrongful Death,verdict,1000000.0,1,13.815511557963774,CourtListener,"Further, on March 21, 2013, following a bifurcated punitive damages trial, the same jury awarded $875."
New York,,2017,Car Accident,Back Injury,verdict,925000.0,1,13.73755009757506,News,T-bone collision at an intersection caused disc herniations requiring spinal fusion surgery and ongoing physical therapy.
Ohio,,2017,Medical Malpractice,Wrongful Death,verdict,560000.0,1,13.235693848424024,CourtListener,""" The case went to trial, and on November 3, 2015, the jury found in favor of Plaintiff and awarded $440,000 in compensatory damages."
Louisiana,,2017,Medical Malpractice,Wrongful Death,verdict,500000.0,1,13.122365377402328,CourtListener,"|tIn this survival action and wrongful death case, plaintiff Janet Cahanin, wife of the decedent Ronald Cahanin, brought suit against Dr."
Ohio,,2017,Truck Accident,Wrongful Death,settlement,450000.0,0,13.017005083966255,CourtListener,"In the decision, the magistrate recommended the settlement proceeds be distributed as follows: $178."
New York,,2017,Bicycle Accident,Other,verdict,425000.0,1,12.959846800844963,News,"$430,000 on behalf of a man that slipped on the step shown in the."
Mississippi,,2017,Other,Wrongful Death,verdict,400000.0,1,12.899222326086994,CourtListener,"On February 28, 2017, the plaintiffs received a jury verdict in their favor and against MVSC in the amount of $400."
New York,,2017,Other,Other,settlement,360000.0,0,12.793862088206213,CourtListener,"Bus Accident settlement of $360,000 in New York."
California,,2017,Premises Liability,Back Injury,verdict,355000.0,1,12.779875885354993,CourtListener,"Premises Liability jury verdict of $355,000 in California."
Illinois,,2017,Medical Malpractice,Traumatic Brain Injury,verdict,354070.72,1,12.77725477046559,CourtListener,"After a weeklong trial, the jury found the City liable and awarded $225,000 in damages."
Florida,,2017,Truck Accident,Wrongful Death,settlement,300000.0,0,12.611541086966115,CourtListener,The plaintiff asserted that the accident resulted in severe and permanent injuries leading to damages in excess of $300.
Georgia,,2017,Car Accident,Traumatic Brain Injury,settlement,300000.0,0,12.611541086966115,CourtListener,This case involves allegations that the defendant insurer is liable for failing to settle an insurance claim.
New York,,2017,Car Accident,Knee Injury,verdict,300000.0,1,12.611541086966115,News,Intersection collision caused a knee fracture requiring hospitalization and surgical repair.
New York,,2017,Car Accident,Shoulder Injury,settlement,300000.0,0,12.611541086966115,News,Parking lot collision worsened pre-existing shoulder injuries and caused spinal issues requiring fusion surgery.
Vermont,,2017,Car Accident,Back Injury,verdict,286185.0,1,12.56439722806665,News,Rear-end collision aggravated a pre-existing back condition.
District of Columbia,,2017,Bus Accident,Burns,settlement,265000.0,0,12.487488878546145,CourtListener,"Bus Accident settlement of $265,000 in District of Columbia."
New York,,2017,Car Accident,Back Injury,verdict,250000.0,1,12.429220196836383,News,"Car Accident jury verdict of $250,000 in New York."
Ohio,,2017,Medical Malpractice,Knee Injury,verdict,240000.0,1,12.388398368982115,CourtListener,"(CSXT), appeals the judgment of the Lucas County Court of Common Pleas, awarding appellee, Jerome Shiple, $240,000 in damages following a three-day jury trial on Shiple’s Federal Employers’ Liability Act (FELA) claim."
Nebraska,,2017,Truck Accident,Back Injury,settlement,210000.0,0,12.25486757159303,CourtListener,"In the course of her employment on September 29, 2008, she was involved in an automobile accident that resulted in injury."
Ohio,,2017,Car Accident,Soft Tissue Injury,verdict,209047.0,1,12.250319169649734,News,Multi-vehicle chain-reaction crash on I-270 caused soft tissue injuries.
Michigan,,2017,Truck Accident,Other,settlement,200000.0,0,12.206077645517674,News,Semi-truck struck a disabled vehicle on the highway.
Utah,,2017,Medical Malpractice,Soft Tissue Injury,verdict,186845.0,1,12.138040027138326,News,"General surgeon severed the left ureter during a sigmoid colectomy, requiring surgical repair."
Oklahoma,,2017,Truck Accident,Knee Injury,settlement,125000.0,0,11.736077016252437,CourtListener,"That agreement awarded Claimant $125,000 for the permanent, partial disability (PPD) and impairment ratings to the following body parts:- 40% right knee, 40% left knee and 42% back."
Connecticut,,2017,Bus Accident,Back Injury,verdict,125000.0,1,11.736077016252437,CourtListener,"Samson in a lawsuit filed against her by Defendant Matthew Hebert, and no duty to indemnify her for a $125,000 judgment entered in that case."
New York,,2017,Truck Accident,Other,settlement,100000.0,0,11.51293546492023,CourtListener,"KNIGHT, PLAINTIFF-RESPONDENT, V MEMORANDUM AND ORDER ROBERT HOLLAND AND CIRCLE L, LLC, DEFENDANTS-APPELLANTS."
Louisiana,,2017,Medical Malpractice,Shoulder Injury,settlement,100000.0,0,11.51293546492023,CourtListener,"They stated that they reached a full and final settlement with Glenwood and Nurse Vollmar for the payment of $95,000, paid pursuant to the Medical Malpractice Act, with a full reservation of rights, claims and causes of action against the Fund."
Maine,,2017,Bus Accident,Burns,verdict,75000.0,1,11.225256725762893,CourtListener,"The court granted Canney’s motion and, after a hearing on damages at which Burns did not appear, awarded Canney $75,000 plus interest and costs."
Colorado,,2017,Car Accident,Back Injury,verdict,41746.76,1,10.639401076145033,CourtListener,The jury had therefore intended to award total damages of only $20.
Kentucky,,2017,Truck Accident,Burns,verdict,26330.0,1,10.178502231260227,CourtListener,"The Beer Trappe sustained damages in the amount of $26,330 in repairs."
Virginia,,2017,Personal Injury,Other,verdict,25058.0,1,10.128988323424016,STATE_COURT,"Virginia District Court Motion for Judgment, plaintiff represented by ALLEN, ALLEN, judgment for plaintiff, total 25,058"
Virginia,,2017,Personal Injury,Other,verdict,25046.0,1,10.128509338862111,STATE_COURT,"Virginia District Court Motion for Judgment, plaintiff represented by TRONFELD, WEST, judgment for transfer/change of venue, total 25,046, notes: TRANSFER TO LOUISA COUNTY GDC"
Virginia,,2017,Personal Injury,Other,verdict,25046.0,1,10.128509338862111,STATE_COURT,"Virginia District Court Motion for Judgment, plaintiff represented by TRONFELD, WEST, judgment for transfer/change of venue, total 25,046, notes: TRANSFERED TO HENRICO GDC ON APPROVAL"
North Dakota,,2017,Truck Accident,Wrongful Death,verdict,25000.0,1,10.12667110305036,CourtListener,"Truck Accident jury verdict of $25,000 in North Dakota."
New York,,2017,Truck Accident,Other,verdict,25000.0,1,10.12667110305036,CourtListener,"Plaintiff commenced this action to recover the principal sum of $25,000 for damages sustained to his vehicle when, while on the Long Island Expressway in Queens, New York, his vehicle rear-ended a vehicle operated by defendant Argante R."
Idaho,,2017,Premises Liability,Back Injury,verdict,25000.0,1,10.12667110305036,CourtListener,"She obtained a $25,000 default judgment against the Thomases."
Virginia,Chesterfield,2017,Personal Injury,Other,verdict,23056.0,1,10.045724689956613,STATE_COURT,"Virginia District Court Motion for Judgment, (Chesterfield), plaintiff represented by MARKS & HARRISON, judgment for plaintiff, total 23,056, notes: COMPLAINT:RCVD & GD:2-22, G/D RCVD 2-22-18"
Virginia,,2017,Personal Injury,Other,verdict,22556.0,1,10.023800718046136,STATE_COURT,"Virginia District Court Motion for Judgment, plaintiff represented by ALLEN, ALLEN, judgment for plaintiff, total 22,556"
Virginia,,2017,Personal Injury,Other,verdict,21570.0,1,9.979105098994717,STATE_COURT,"Virginia District Court Motion for Judgment, plaintiff represented by MARKS & HARRISON, judgment for plaintiff, total 21,570"
Virginia,,2017,Personal Injury,Other,verdict,20069.0,1,9.906981441790384,STATE_COURT,"Virginia District Court Motion for Judgment, plaintiff represented by MARKS & HARRISON, judgment for plaintiff, total 20,069"
Virginia,Henrico,2017,Personal Injury,Other,verdict,20058.0,1,9.906433209824698,STATE_COURT,"Virginia District Court Motion for Judgment, (Henrico), plaintiff represented by ALLEN & ALLEN, judgment for plaintiff, total 20,058, notes: 21/21 G/D RECD 041117"
Florida,,2017,Truck Accident,Other,verdict,20000.0,1,9.90353755128617,CourtListener,"Before trial, GEICO and the co-defendant uninsured motorist driver admitted liability for the accident, and the court ordered that the plaintiff, GEICO’s insured, was entitled to recover an award of punitive damages against the uninsured motorist driver in an amount to be determined in the second."
New York,,2017,Medical Malpractice,Back Injury,verdict,20000.0,1,9.90353755128617,CourtListener,"Memorandum: In this action to recover damages for injuries sustained by plaintiff in a motorcycle accident, the jury returned a verdict that, inter alia, awarded plaintiff no damages for past pain and suffering and $20,000 for future pain and suffering."
Virginia,Virginia Beach,2017,Personal Injury,Other,verdict,18549.0,1,9.82822506803558,STATE_COURT,"Virginia District Court Motion for Judgment, (Virginia Beach), plaintiff represented by SHAPIRO APPLETON, judgment for plaintiff, total 18,549"
Virginia,Henrico,2017,Personal Injury,Other,verdict,18058.0,1,9.801399454452342,STATE_COURT,"Virginia District Court Motion for Judgment, (Henrico), plaintiff represented by ALLEN & ALLEN, judgment for plaintiff, total 18,058"
Virginia,,2017,Personal Injury,Other,verdict,16058.0,1,9.68402471906149,STATE_COURT,"Virginia District Court Motion for Judgment, plaintiff represented by ALLEN, ALLEN, judgment for plaintiff, total 16,058"
Virginia,Henrico,2017,Personal Injury,Other,verdict,16058.0,1,9.68402471906149,STATE_COURT,"Virginia District Court Motion for Judgment, (Henrico), plaintiff represented by ALLEN & ALLEN, judgment for plaintiff, total 16,058, notes: G/D-DONE"
Virginia,Prince William,2017,Personal Injury,Other,verdict,15056.0,1,9.619598278323043,STATE_COURT,"Virginia District Court Motion for Judgment, (Prince William), plaintiff represented by ALLEN, ALLEN, ALLEN, judgment for plaintiff, total 15,056"
Ohio,,2017,Truck Accident,Back Injury,settlement,14975.0,0,9.614204198717374,CourtListener,"Truck Accident settlement of $14,975 in Ohio."
Virginia,,2017,Personal Injury,Other,verdict,14570.0,1,9.586788531013854,STATE_COURT,"Virginia District Court Motion for Judgment, plaintiff represented by ALLEN, ALLEN, judgment for plaintiff, total 14,570"
Virginia,Petersburg,2017,Personal Injury,Other,verdict,14459.0,1,9.579141495712756,STATE_COURT,"Virginia District Court Motion for Judgment, (Petersburg), plaintiff represented by MARKS & HARRISON, judgment for plaintiff, total 14,459"
Virginia,,2017,Personal Injury,Other,verdict,14058.0,1,9.551018039079908,STATE_COURT,"Virginia District Court Motion for Judgment, plaintiff represented by TRONFELD, WEST, judgment for plaintiff, total 14,058"
Virginia,Henrico,2017,Personal Injury,Other,verdict,12546.0,1,9.4372368721597,STATE_COURT,"Virginia District Court Motion for Judgment, (Henrico), plaintiff represented by MARKS & HARRISON, judgment for plaintiff, total 12,546, notes: COMPLAINT FILED / GD RCVD 070717"
Virginia,,2017,Personal Injury,Other,verdict,12528.0,1,9.435801236245553,STATE_COURT,"Virginia District Court Motion for Judgment, plaintiff represented by MARKS & HARRISON, judgment for plaintiff, total 12,527.82"
Virginia,,2017,Personal Injury,Other,verdict,12058.0,1,9.397566548103592,STATE_COURT,"Virginia District Court Motion for Judgment, plaintiff represented by ALLEN, ALLEN, judgment for plaintiff, total 12,058"
Virginia,,2017,Personal Injury,Other,verdict,12046.0,1,9.396570945266852,STATE_COURT,"Virginia District Court Motion for Judgment, plaintiff represented by TRONFELD, WEST, judgment for plaintiff, total 12,046"
Virginia,,2017,Personal Injury,Other,verdict,11371.0,1,9.33890947277089,STATE_COURT,"Virginia District Court Motion for Judgment, plaintiff represented by MARKS & HARRISON, judgment for plaintiff, total 11,370.56"
Virginia,,2017,Personal Injury,Other,verdict,11058.0,1,9.31099985507536,STATE_COURT,"Virginia District Court Motion for Judgment, plaintiff represented by TRONFELD, WEST, judgment for plaintiff, total 11,058"
Virginia,,2017,Personal Injury,Other,verdict,11046.0,1,9.309914176872276,STATE_COURT,"Virginia District Court Motion for Judgment, plaintiff represented by MARKS & HARRISON, judgment for plaintiff, total 11,046"
Virginia,Fairfax,2017,Personal Injury,Other,verdict,10058.0,1,9.216223035134337,STATE_COURT,"Virginia District Court Motion for Judgment, (Fairfax), plaintiff represented by ALLEN & ALLEN, judgment for plaintiff, total 10,058"
Virginia,,2017,Personal Injury,Other,verdict,9558.0,1,9.165238398063762,STATE_COURT,"Virginia District Court Motion for Judgment, plaintiff represented by ALLEN, ALLEN, judgment for plaintiff, total 9,558"
Virginia,,2017,Personal Injury,Other,verdict,7396.0,1,8.908829791587868,STATE_COURT,"Virginia District Court Motion for Judgment, plaintiff represented by TRONFELD, WEST, judgment for plaintiff, total 7,396"
Virginia,Henrico,2017,Personal Injury,Other,verdict,7358.0,1,8.903679332926599,STATE_COURT,"Virginia District Court Motion for Judgment, (Henrico), plaintiff represented by ALLEN & ALLEN, judgment for plaintiff, total 7,358"
Virginia,,2017,Personal Injury,Other,verdict,6558.0,1,8.788593431293735,STATE_COURT,"Virginia District Court Motion for Judgment, plaintiff represented by MARKS & HARRISON, judgment for plaintiff, total 6,558"
Virginia,Charlottesville,2017,Personal Injury,Other,verdict,6056.0,1,8.708969906980947,STATE_COURT,"Virginia District Court Motion for Judgment, (Charlottesville), plaintiff represented by ALLEN ALLEN ALLEN &, judgment for plaintiff, total 6,056"
Virginia,,2017,Personal Injury,Other,verdict,4558.0,1,8.424858580213442,STATE_COURT,"Virginia District Court Motion for Judgment, plaintiff represented by ALLEN, ALLEN, judgment for plaintiff, total 4,558"
Virginia,,2017,Personal Injury,Other,verdict,3346.0,1,8.115819701211327,STATE_COURT,"Virginia District Court Motion for Judgment, plaintiff represented by TRONFELD, WEST, judgment for plaintiff, total 3,346"
California,,2016,Truck Accident,Other,verdict,125000000.0,1,18.643824303266577,News,$125.0 million jury verdict in a truck accident case in California . The plaintiff sustained personal injury and was awarded damages.
Ohio,,2016,Medical Malpractice,Traumatic Brain Injury,verdict,28746000.0,1,17.174009219880762,News,"Hospital failed to intervene during labor, resulting in cerebral palsy and permanent brain damage to the infant."
Missouri,,2016,Medical Malpractice,Traumatic Brain Injury,verdict,23000000.0,1,16.951004817371683,CourtListener,Medical Malpractice jury verdict of $23 million in Missouri.
Colorado,,2016,Medical Malpractice,Traumatic Brain Injury,settlement,22300000.0,0,16.920097281273396,News,"Largest Medical Malpractice Settlement in Colorado $22.3 million medical malpractice settlement. In David Woodruff the largest known medical malpractice settlement in Colorado. Mr. Woodruff represented a child who was injured when several hospital staff members violated hospital policy, causing a young boy to suffer catastrophic brain injury from lack of oxygen. After s."
Ohio,,2016,Other,Wrongful Death,settlement,20000000.0,0,16.811242881518265,CourtListener,Other settlement of $20.0 million in Ohio.
California,,2016,Other,Spinal Cord Injury,settlement,19000000.0,0,16.759949589762293,CourtListener,"At the close of Nickerson‘s case, the trial court granted Nickerson‘s motion for a directed verdict on the breach of contract cause of action and awarded him $31,500 in unpaid policy benefits."
New York,,2016,Bus Accident,Traumatic Brain Injury,settlement,16000000.0,0,16.588099342704055,CourtListener,Bus Accident settlement of $16 million in New York.
Pennsylvania,Lancaster,2016,Car Accident,Wrongful Death,verdict,15100000.0,1,16.530205368010318,News,A drunk driver with a suspended license and a 0.144 BAC was speeding and weaving on East King Street in Lancaster when he caused a crash that killed 24-year-old Kaitlyn Berry and left her mother needing a wheelchair. A Lancaster County jury awarded $15.1 million.
California,,2016,Truck Accident,Spinal Cord Injury,settlement,10900000.0,0,16.204273438942487,News,"San Bernardino, California Gary Dordick's client, Juan Velasco, was involved in a multi-vehicle collision in June of 2016. Velasco suffered serious injuries resulting in quadriplegia when he was rear-ended by a construction vehicle. The force of the collision drove him into the car immediately ahead of him."
California,,2016,Truck Accident,Back Injury,verdict,10780000.0,1,16.1932032162095,News,Truck made improper turn; victim required spine fusion surgery.
Colorado,,2016,Bus Accident,Other,verdict,6000000.0,1,15.607270193858982,News,The Largest Personal Injury Verdict in Colorado in Steve Wahlberg received the largest personal injury verdict in Colorado in 2016. They represented a pedestrian who was run over by a bus. The jury awarded the fourth largest verdict in Colorado History for permanent physical impairment plus all of Mr. McDonald’s past and future medical expenses. The jury found that Horizon Coach Li.
Illinois,,2016,Medical Malpractice,Wrongful Death,verdict,5001000.0,1,15.42514865036103,News,"Surgeon negligently cut an artery during a hysterectomy, causing cardiac arrest and death."
California,,2016,Car Accident,Broken Bones,verdict,4200000.0,1,15.250595321348806,News,"Broad-side collision causing head, face, and shoulder injuries."
California,,2016,Car Accident,Broken Bones,verdict,4100000.0,1,15.226497775576945,News,Low-speed impact with disputed injuries.
California,,2016,Premises Liability,Broken Bones,verdict,3530000.0,1,15.07680871219556,News,Intoxicated patron fell from window; building had unsafe windows.
Colorado,,2016,Truck Accident,Wrongful Death,settlement,2600000.0,0,14.77102238760702,News,"Settlement Against a Reckless Truck Driver In January 2016, Steve Wahlberg $2.6 million settlement from a reckless truck driver who seriously injured a Wyoming wheat farmer and killed his beloved wife. Tom Tasker argued and briefed the case all the way to the Supreme Court; winning the full victory on coverage. Shortly after the victory, the case settled."
New Jersey,,2016,Other,Other,settlement,1500000.0,0,14.220976332738882,News,"$1,500,000 settlement for passenger injured in a serious train crash in Hoboken, New Jersey on September 29, 2016."
New York,,2016,Medical Malpractice,Wrongful Death,settlement,1500000.0,0,14.220976332738882,CourtListener,"The defendant Olena Ksovreli appeals from an order of the Supreme Court, Kings County (Pfau, J."
Texas,,2016,Truck Accident,Wrongful Death,settlement,1305628.5,0,14.082195857912208,CourtListener,"(Jean) suffered fatal injuries from a vehicle accident in Corpus Christi, Texas when a commercial truck, driven by Mumme, ran a red light and collided with his car."
California,,2016,Car Accident,Shoulder Injury,verdict,1130000.0,1,13.937729075643883,News,Rear-end causing shoulder and lower back injury.
Colorado,,2016,Car Accident,Other,verdict,1115504.76,1,13.924818456445157,CourtListener,"Noneconomic damages $ 468,010 to $936."
Mississippi,,2016,Other,Wrongful Death,verdict,1095000.0,1,13.90626583447433,CourtListener,"The trial court then submitted the issue of punitive damages to the jury, and the jury returned a verdict for punitive damages in the amount of $500."
New York,,2016,Medical Malpractice,Spinal Cord Injury,settlement,1016613.0,0,13.83198805529496,CourtListener,Medical Malpractice settlement of $1 million in New York.
Mississippi,,2016,Medical Malpractice,Wrongful Death,verdict,1000000.0,1,13.815511557963774,CourtListener,"Cleveland Nursing and Rehabilitation Center, LLC, (“Cleveland”) filed a motion for new trial alleging, inter alia, that the jury, which awarded the Estate of Annie Mae Gully (hereinafter “Bellmon”) $1,000,000, had been allowed to hear undisclosed opinions from an expert and improper closing argum."
California,,2016,Truck Accident,Wrongful Death,settlement,750001.0,0,13.527831152175605,CourtListener,) Michaelson and V&J Rock Transport were awarded $98.
California,,2016,Medical Malpractice,Knee Injury,settlement,730000.0,0,13.500801182986649,CourtListener,Defendants and Appellants.
Louisiana,,2016,Medical Malpractice,Back Injury,verdict,560000.0,1,13.235693848424024,CourtListener,"|2In this medical malpractice case, the defendants appeal the trial court’s entry of a judgment notwithstanding the jury’s verdict (JNOV) and its conditional grant of a motion for a new trial in favor of the plaintiffs."
New York,,2016,Truck Accident,Wrongful Death,verdict,539000.0,1,13.197472705176983,CourtListener,"Truck Accident jury verdict of $539,000 in New York."
California,,2016,Car Accident,Soft Tissue Injury,verdict,421000.0,1,12.95039048795861,News,"$421,000 jury verdict in a car accident case in California . The plaintiff sustained soft tissue injury and was awarded damages."
Louisiana,,2016,Medical Malpractice,Back Injury,verdict,154570.37,1,11.948411210405267,CourtListener,Would grant and assigns reasons: lil respectfully dissent and would grant defendant LAMMICO’s application for the reasons assigned in Judge Bonin’s dissent.
Louisiana,,2016,Medical Malpractice,Wrongful Death,verdict,154470.37,1,11.947764050705025,CourtListener,"Therefore, we affirm the trial court’s judgment assessing all costs, totaling $154."
Georgia,,2016,Truck Accident,Wrongful Death,verdict,150000.0,1,11.918397239722838,CourtListener,"Following the first phase of the bifurcated trial, the jury returned a verdict of $150,000 in compensatory damages and concluded that Dagne was liable for punitive damages."
Michigan,,2016,Premises Liability,Other,settlement,150000.0,0,11.918397239722838,News,Dog bite involving a minor child.
Ohio,,2016,Premises Liability,Soft Tissue Injury,verdict,120000.0,1,11.695255355062795,CourtListener,"” Approximately nine months later, while the motion for summary judgment was pending, Gerson moved the trial court to increase the amount of the bond to $50,000, claiming that a proposed deal to sell the property fell through due to the existence of the restraining order."
Michigan,,2016,Slip and Fall,Other,settlement,97500.0,0,11.487617913343598,News,Postal carrier slipped and fell on ice while working.
Oklahoma,,2016,Workplace Injury,Wrongful Death,verdict,45084.0,1,10.716304875934007,CourtListener,[he] is due compensation at the rate of $.
Louisiana,,2016,Medical Malpractice,Back Injury,verdict,30757.62,1,10.333925559154148,CourtListener,"Hln this medical malpractice lawsuit, Plaintiffs appeal the judgment of the trial court awarding costs to Defendants."
Massachusetts,,2016,Medical Malpractice,Traumatic Brain Injury,verdict,30000.0,1,10.308985993422082,CourtListener,"INTRODUCTION On August 5, 2012, Plaintiff Megan C."
Virginia,,2016,Personal Injury,Other,verdict,25046.0,1,10.128509338862111,STATE_COURT,"Virginia District Court Motion for Judgment, plaintiff represented by TRONFELD, WEST, judgment for transfer/change of venue, total 25,046"
Virginia,,2016,Personal Injury,Other,verdict,25046.0,1,10.128509338862111,STATE_COURT,"Virginia District Court Motion for Judgment, plaintiff represented by TRONFELD, WEST, judgment for transfer/change of venue, total 25,046, notes: TRANSFERRED TO HANOVER COUNTY GENERAL DISTRICT COURT"
Virginia,,2016,Personal Injury,Other,verdict,25046.0,1,10.128509338862111,STATE_COURT,"Virginia District Court Motion for Judgment, plaintiff represented by TRONFELD, WEST, judgment for transfer/change of venue, total 25,046, notes: TRANSFER TO CHESTERFIELD"
Virginia,,2016,Personal Injury,Other,verdict,25046.0,1,10.128509338862111,STATE_COURT,"Virginia District Court Motion for Judgment, plaintiff represented by TRONFELD, WEST, judgment for transfer/change of venue, total 25,046, notes: TRANSFER TO CHESTERFIELD GDC"
Pennsylvania,,2016,Car Accident,Back Injury,settlement,25000.0,0,10.12667110305036,CourtListener,"However, the Prothonotary entered a Judgment Verdict on December 22, 2014, in an amount of $."
Virginia,,2016,Personal Injury,Other,verdict,24046.0,1,10.08776552762847,STATE_COURT,"Virginia District Court Motion for Judgment, plaintiff represented by MARKS & HARRISON, judgment for plaintiff, total 24,046"
Texas,,2016,Medical Malpractice,Traumatic Brain Injury,verdict,23299.5,1,10.056230098551014,CourtListener,"At the conclusion of trial, the jury awarded Edwards $23."
Virginia,,2016,Personal Injury,Other,verdict,22000.0,1,9.99884318585288,STATE_COURT,"Virginia District Court Motion for Judgment, plaintiff represented by ALLEN, ALLEN, judgment for plaintiff, total 22,000"
Virginia,Fairfax,2016,Personal Injury,Other,verdict,20058.0,1,9.906433209824698,STATE_COURT,"Virginia District Court Motion for Judgment, (Fairfax), plaintiff represented by ALLEN & ALLEN, judgment for plaintiff, total 20,058"
Louisiana,,2016,Medical Malpractice,Back Injury,verdict,19592.26,1,9.882940908528145,CourtListener,"The second judgment, signed on August 5, 2015, granted defendants’ Rule to Tax Costs in the amount of $19."
Virginia,,2016,Personal Injury,Other,verdict,18058.0,1,9.801399454452342,STATE_COURT,"Virginia District Court Motion for Judgment, plaintiff represented by ALLEN, ALLEN, judgment for plaintiff, total 18,058"
Virginia,Prince William,2016,Personal Injury,Other,verdict,17568.0,1,9.773891264365055,STATE_COURT,"Virginia District Court Motion for Judgment, (Prince William), plaintiff represented by ALLEN ALLEN ALLEN, judgment for plaintiff, total 17,568"
Virginia,Henrico,2016,Personal Injury,Other,verdict,17558.0,1,9.773321917959331,STATE_COURT,"Virginia District Court Motion for Judgment, (Henrico), plaintiff represented by ALLEN & ALLEN, judgment for plaintiff, total 17,558, notes: DONE/21"
Virginia,Charlottesville,2016,Personal Injury,Other,verdict,17554.0,1,9.773094088602532,STATE_COURT,"Virginia District Court Motion for Judgment, (Charlottesville), plaintiff represented by MARKS & HARRISON, judgment for plaintiff, total 17,554"
Virginia,,2016,Personal Injury,Other,verdict,15546.0,1,9.65162297294974,STATE_COURT,"Virginia District Court Motion for Judgment, plaintiff represented by TRONFELD, WEST, judgment for plaintiff, total 15,546"
Virginia,Prince William,2016,Personal Injury,Other,verdict,15056.0,1,9.619598278323043,STATE_COURT,"Virginia District Court Motion for Judgment, (Prince William), plaintiff represented by ALLEN ALLEN ALLEN, judgment for plaintiff, total 15,056"
Virginia,Henrico,2016,Personal Injury,Other,verdict,14058.0,1,9.551018039079908,STATE_COURT,"Virginia District Court Motion for Judgment, (Henrico), plaintiff represented by ALLEN, ALLEN & ALLEN, judgment for plaintiff, total 14,058, notes: DONE/21 G/D REC'D 11-2-16"
Virginia,Goochland,2016,Personal Injury,Other,verdict,13297.0,1,9.495368926962401,STATE_COURT,"Virginia District Court Motion for Judgment, (Goochland), plaintiff represented by LONG W/ ALLEN, ALLEN, judgment for plaintiff, total 13,297"
Virginia,,2016,Personal Injury,Other,verdict,13046.0,1,9.476313501265748,STATE_COURT,"Virginia District Court Motion for Judgment, plaintiff represented by MARKS & HARRISON, judgment for plaintiff, total 13,046"
Texas,,2016,Medical Malpractice,Back Injury,verdict,12345.0,1,9.421087402953841,CourtListener,"Medical Malpractice jury verdict of $12,345 in Texas."
Virginia,,2016,Personal Injury,Other,verdict,12046.0,1,9.396570945266852,STATE_COURT,"Virginia District Court Motion for Judgment, plaintiff represented by ALLEN, ALLEN, judgment for plaintiff, total 12,046"
Virginia,Goochland,2016,Personal Injury,Other,verdict,12000.0,1,9.392745258631441,STATE_COURT,"Virginia District Court Motion for Judgment, (Goochland), plaintiff represented by ALLEN & ALLEN, judgment for plaintiff, total 12,000"
Virginia,,2016,Personal Injury,Other,verdict,11546.0,1,9.354180941951856,STATE_COURT,"Virginia District Court Motion for Judgment, plaintiff represented by TRONFELD, WEST, judgment for plaintiff, total 11,546"
Virginia,,2016,Personal Injury,Other,verdict,11058.0,1,9.31099985507536,STATE_COURT,"Virginia District Court Motion for Judgment, plaintiff represented by ALLEN, ALLEN, judgment for plaintiff, total 11,058"
Virginia,Charlottesville,2016,Personal Injury,Other,verdict,11000.0,1,9.305741456739435,STATE_COURT,"Virginia District Court Motion for Judgment, (Charlottesville), plaintiff represented by MARKS & HARRISON, judgment for plaintiff, total 11,000"
Virginia,,2016,Personal Injury,Other,verdict,9058.0,1,9.111514017669288,STATE_COURT,"Virginia District Court Motion for Judgment, plaintiff represented by MARKS & HARRISON, judgment for plaintiff, total 9,058"
Virginia,Henrico,2016,Personal Injury,Other,verdict,8558.0,1,9.05473863988161,STATE_COURT,"Virginia District Court Motion for Judgment, (Henrico), plaintiff represented by ALLEN & ALLEN, judgment for plaintiff, total 8,558"
Virginia,Petersburg,2016,Personal Injury,Other,verdict,8385.0,1,9.034318927730707,STATE_COURT,"Virginia District Court Motion for Judgment, (Petersburg), plaintiff represented by MARKS & HARRISON, judgment for plaintiff, total 8,385.22, notes: CROSS CLAIM WM NEWSOME VS. JARVIS HILL JR"
Virginia,,2016,Personal Injury,Other,verdict,6296.0,1,8.747828608488742,STATE_COURT,"Virginia District Court Motion for Judgment, plaintiff represented by MARKS & HARRISON, judgment for plaintiff, total 6,296"
Virginia,,2016,Personal Injury,Other,verdict,4796.0,1,8.475746001502063,STATE_COURT,"Virginia District Court Motion for Judgment, plaintiff represented by MARKS & HARRISON, judgment for plaintiff, total 4,796"
Virginia,Chesterfield,2016,Personal Injury,Other,verdict,4718.0,1,8.459352191726387,STATE_COURT,"Virginia District Court Motion for Judgment, (Chesterfield), plaintiff represented by MARKS & HARRISON, judgment for plaintiff, total 4,718, notes: COMPLAINT RCVD  G/D 8-22-16  GD RCVD 6-27"
Virginia,,2016,Personal Injury,Other,verdict,4058.0,1,8.308691916838898,STATE_COURT,"Virginia District Court Motion for Judgment, plaintiff represented by TRONFELD, WEST, judgment for plaintiff, total 4,058"
Virginia,,2016,Personal Injury,Other,verdict,3046.0,1,8.021912778985708,STATE_COURT,"Virginia District Court Motion for Judgment, plaintiff represented by MARKS & HARRISON, judgment for plaintiff, total 3,046"
Delaware,,2015,Medical Malpractice,Back Injury,settlement,150500000.0,0,18.829473648797723,CourtListener,First Health eventually settled with that plaintiff class (the “Settlement Class”) for $.
Florida,,2015,Other,Wrongful Death,verdict,37875000.0,1,17.449801848196447,CourtListener,"Based on these findings, the jury awarded Plaintiff $."
Iowa,,2015,Premises Liability,Back Injury,settlement,25000000.0,0,17.034386422832473,CourtListener,Premises Liability settlement of $25 million in Iowa.
Washington,,2015,Premises Liability,Wrongful Death,settlement,25000000.0,0,17.034386422832473,CourtListener,The jury found Valley and LabCorp equally at fault and awarded the Wuths $25 million on each claim.
California,,2015,Truck Accident,Wrongful Death,settlement,15000000.0,0,16.52356082573315,News,"California Supreme Court Angela Rodriguez was 11 years old when she was struck by a car due to a dangerous and unsafe intersection in Los Angeles, California. Her sister, Emely Aleman, was killed in the accident. Despite notice of the dangers of the intersection, the City of Los Angeles refused to offer any amount."
California,,2015,Medical Malpractice,Wrongful Death,settlement,14789658.0,0,16.509438778302187,CourtListener,"The trial court approved the settlement, along with the request of Ashlynn's counsel for attorney fees and costs totaling $253."
Texas,,2015,Car Accident,Back Injury,verdict,12000000.0,1,16.300417291085605,CourtListener,"Com Kennedy Attorneys & Counselors at Law Merit Drive, Suite Dallas, Texas 75251 445-0740 661-9320 (fax) Oral Argument Requested Identity of Parties and Counsel Plaintiff/Appellant MJS and Associates, L."
Arizona,,2015,Motorcycle Accident,Other,settlement,8000000.0,0,15.894952224644102,CourtListener,"On the same day, the McGills submitted a settlement demand to Bovre for $1,500."
California,,2015,Truck Accident,Back Injury,verdict,7000000.0,1,15.76142084987672,News,Semi rear-ended vehicle on I-40 causing traumatic injuries.
Texas,,2015,Truck Accident,Back Injury,settlement,5000000.0,0,15.424948670398354,CourtListener,"Cayce Clerk JOSEPH ROBERTSON; LARRY HANKTON; SHARVONNE JOHNSON; TOMMIE JONES; WENSANNER KING; ET AL, Plaintiffs, Appellees v."
Louisiana,,2015,Premises Liability,Back Injury,settlement,5000000.0,0,15.424948670398354,CourtListener,The district court allowed jurisdictional discovery and then ordered the case remanded to state court on the ground that Defendants had not met their burden of showing that at least one plaintiff satisfies the individual amount-in-controversy requirement that CAFA applies to so-called “mass actions.
North Carolina,,2015,Medical Malpractice,Back Injury,settlement,4650000.0,0,15.35237799261728,CourtListener,"Thom liable for medical malpractice and awarded Nicholson $4,650,000 in damages, plus prejudgment and postjudgment interest."
Louisiana,,2015,Medical Malpractice,Wrongful Death,settlement,4000000.0,0,15.201805169084134,CourtListener,"Francis with $100,000 in damages and the Louisiana Patients’ Compensation Fund (“PCF”) with."
Ohio,Fulton,2015,Motorcycle Accident,Multiple Injuries,verdict,2750000.0,1,14.827111833279051,Firm trial report (Elk & Elk),"Jury verdict reported as a Fulton County record for a married couple on a motorcycle struck by a work truck: $1,330,000 compensatory to Pamela Worman (multiple fractures, five surgeries) and $1,420,000 on James Worman's survivorship and wrongful death claims (paralysis, later death)."
Ohio,,2015,Other,Spinal Cord Injury,verdict,2700000.0,1,14.80876270134486,News,"Trike axle broke due to improper manufacturing, causing paralysis and eventual death."
California,,2015,Premises Liability,Other,verdict,2650000.0,1,14.790070575320824,News,Sexual assault; negligent employer supervision.
Pennsylvania,,2015,Car Accident,Back Injury,settlement,2000000.0,0,14.508658238524095,CourtListener,"Under the settlement agreement, McMahon paid $50,000 of her own money in addition to the money paid by Medical Protective."
New York,,2015,Medical Malpractice,Back Injury,settlement,1485000.0,0,14.210926003619385,CourtListener,"The Clerk is directed to enter judgment in the amount of $250,000 pursuant to the high-low agreement."
Texas,,2015,Truck Accident,Wrongful Death,verdict,1305628.5,1,14.082195857912208,CourtListener,"(Jean) suffered fatal injuries from a vehicle accident in Corpus Christi, Texas when a commercial truck, driven by Mumme, ran a red light and collided with his car."
California,,2015,Car Accident,Back Injury,verdict,1250000.0,1,14.038654909278163,News,$1.3 million jury verdict in a car accident case in California . The plaintiff sustained back injury and was awarded damages.
New York,,2015,Truck Accident,Other,settlement,1250000.0,0,14.038654909278163,CourtListener,"On March 16, 2011, the parties agreed that the defendant would concede liability, and the plaintiffs would cap damages at the insurance policy limits of $1,250."
Colorado,,2015,Car Accident,Other,settlement,1100000.0,0,13.910821646859095,News,"Settlement Against Auto Insurer Who Offered a Small Fraction of Policy Limits Plaintiff received a badly injured young man whose own auto insurer only offered him a small fraction of his policy limits. We sued the insurance company, and after taking several very damaging depositions of the insurance company’s claim personnel, we made the insurer pay a $1.1 million settlement in."
Texas,,2015,Medical Malpractice,Burns,settlement,988000.0,0,13.803438988875241,CourtListener,"Medical Malpractice settlement of $988,000 in Texas."
California,Orange,2015,Car Accident,Herniated Disc,verdict,957863.0,1,13.772461084453667,News,"Broadside red-light intersection crash causing a herniated disc at L5-S1 requiring lumbar fusion. Verdict October 1, 2015."
Texas,,2015,Premises Liability,Wrongful Death,verdict,700633.44,1,13.459741546402002,CourtListener,Cowey obtained a judgment of $700.
Nevada,Washoe,2015,Car Accident,Neck Injury,verdict,684000.0,1,13.435714658591923,Courtroom View Network trial coverage,"Second Judicial District Court (Reno) verdict for a driver rear-ended on I-80 at about 35 mph after another car's brakes, serviced at a tire shop, failed completely. Neck injuries required nerve ablation treatment; $140,000 of the July 2015 award was for pain and suffering."
California,,2015,Workplace Injury,Broken Bones,verdict,667000.0,1,13.410546824147012,News,Table saw finger amputation; Labor Code violation.
California,,2015,Premises Liability,Back Injury,verdict,500000.0,1,13.122365377402328,News,Neck and back injuries from premises incident.
Wisconsin,,2015,Workplace Injury,Back Injury,settlement,412372.0,0,12.929683558564589,CourtListener,"In Johnson filed a $300,000 offer of settlement, but the parties never settled."
Vermont,,2015,Pedestrian Accident,Soft Tissue Injury,verdict,267240.0,1,12.49590615198721,News,"Pedestrian struck by a bus, suffering permanent head and neck pain."
New York,,2015,Medical Malpractice,Back Injury,verdict,200000.0,1,12.206077645517674,CourtListener,"Medical Malpractice jury verdict of $200,000 in New York."
Virginia,,2015,Medical Malpractice,Spinal Cord Injury,verdict,197513.08,1,12.193565151921462,CourtListener,"Upon consideration of the record, briefs, and argument of counsel, the Court is of opinion that the circuit court erred in setting aside the verdict rendered by the jury on June 5, 2012, in the amount of $9."
Maryland,,2015,Bus Accident,Burns,settlement,174825.0,0,12.071546472561428,CourtListener,"” As a result, the Commission awarded $46."
Georgia,,2015,Premises Liability,Traumatic Brain Injury,settlement,173679.49,0,12.064972625828709,CourtListener,"Premises Liability settlement of $173,679.49 in Georgia."
Louisiana,,2015,Bus Accident,Back Injury,settlement,166784.63,0,12.024464614116429,CourtListener,"Bus Accident settlement of $166,784.63 in Louisiana."
Oregon,,2015,Bus Accident,Back Injury,verdict,160000.0,1,11.982935344196433,CourtListener,"Bus Accident jury verdict of $160,000 in Oregon."
Missouri,,2015,Other,Wrongful Death,verdict,150000.0,1,11.918397239722838,CourtListener,The court thereupon entered a judgment awarding DeLaRosa $104.
Mississippi,,2015,Car Accident,Other,verdict,100000.0,1,11.51293546492023,CourtListener,"Car Accident jury verdict of $100,000 in Mississippi."
Missouri,,2015,Workplace Injury,Wrongful Death,settlement,85735.36,0,11.359032285320287,CourtListener,"The ALJ also concluded that Gleason was employable on the open labor market after his fall from the railcar, and that his inability to find work resulted from a In addition, Ceva Logistics had paid temporary total disability compensation totaling $4."
Louisiana,,2015,Truck Accident,Back Injury,verdict,67072.12,1,11.113538646574524,CourtListener,"Lin regards to damages, Plaintiff was awarded all medical damages claimed, $67."
New York,,2015,Truck Accident,Traumatic Brain Injury,verdict,50000.0,1,10.819798284210286,CourtListener,"> In an action to recover damages for personal injuries, etc."
Florida,,2015,Truck Accident,Wrongful Death,verdict,40000.0,1,10.596659732783579,CourtListener,"Truck Accident jury verdict of $40,000 in Florida."
Texas,,2015,Pedestrian Accident,Wrongful Death,verdict,40000.0,1,10.596659732783579,CourtListener,The jury awarded O’Banion zero damages for past and future loss of companionship and $7500 for mental anguish suffered because of Richmond’s death.
New York,,2015,Truck Accident,Other,verdict,26000.0,1,10.165890277802454,CourtListener,"Truck Accident jury verdict of $26,000 in New York."
Virginia,,2015,Personal Injury,Other,verdict,25086.0,1,10.130105062661839,STATE_COURT,"Virginia District Court Motion for Judgment, plaintiff represented by ALLEN, ALLEN, judgment for transfer/change of venue, total 25,086"
Virginia,,2015,Personal Injury,Other,verdict,25082.0,1,10.129945604818168,STATE_COURT,"Virginia District Court Motion for Judgment, plaintiff represented by ALLEN, ALLEN, judgment for other, total 25,082, notes: DISMISS WITH PREJUDICE K. MEDINA/NONSUIT AS TO C. COLEMAN"
Virginia,,2015,Personal Injury,Other,verdict,25046.0,1,10.128509338862111,STATE_COURT,"Virginia District Court Motion for Judgment, plaintiff represented by TRONFELD, WEST, judgment for transfer/change of venue, total 25,046"
Virginia,,2015,Personal Injury,Other,verdict,25046.0,1,10.128509338862111,STATE_COURT,"Virginia District Court Motion for Judgment, plaintiff represented by TRONFELD, WEST, judgment for transfer/change of venue, total 25,046"
Virginia,,2015,Personal Injury,Other,verdict,25046.0,1,10.128509338862111,STATE_COURT,"Virginia District Court Motion for Judgment, plaintiff represented by TRONFELD, WEST, judgment for other, total 25,046, notes: NONSUIT K O'MALLEY EFF.8/27/15 DISMISSED A HOLSWADE 9/17/15"
Virginia,,2015,Personal Injury,Other,verdict,25046.0,1,10.128509338862111,STATE_COURT,"Virginia District Court Motion for Judgment, plaintiff represented by TRONFELD, WEST, judgment for transfer/change of venue, total 25,046, notes: TRANSFER TO CHESTERFIELD GENERAL DISTRICT COURT"
Virginia,,2015,Personal Injury,Other,verdict,25046.0,1,10.128509338862111,STATE_COURT,"Virginia District Court Motion for Judgment, plaintiff represented by TRONFELD, WEST, judgment for transfer/change of venue, total 25,046"
Virginia,Henrico,2015,Personal Injury,Other,verdict,21694.0,1,9.98483709823245,STATE_COURT,"Virginia District Court Motion for Judgment, (Henrico), plaintiff represented by ALLEN & ALLEN, judgment for plaintiff, total 21,694.11, notes: 21/21  G/D REC'D 3/7/16"
Missouri,,2015,Medical Malpractice,Knee Injury,settlement,21243.0,0,9.96382978154229,CourtListener,"Lawrence and his Employer eventually entered into a settlement agreement under which Employer agreed to pay Lawrence $21,243 for a permanent partial disability representing approximately 15% of the body as a whole due to the primary injury."
Virginia,,2015,Personal Injury,Other,verdict,19046.0,1,9.85466488783856,STATE_COURT,"Virginia District Court Motion for Judgment, plaintiff represented by MARKS & HARRISON, judgment for plaintiff, total 19,046"
Virginia,,2015,Personal Injury,Other,verdict,18681.0,1,9.835315772432795,STATE_COURT,"Virginia District Court Motion for Judgment, plaintiff represented by ALLEN, ALLEN, judgment for plaintiff, total 18,681.02"
Virginia,Petersburg,2015,Personal Injury,Other,verdict,18659.0,1,9.834137474401334,STATE_COURT,"Virginia District Court Motion for Judgment, (Petersburg), plaintiff represented by MARKS & HARRISON, judgment for plaintiff, total 18,659"
Virginia,,2015,Personal Injury,Other,verdict,18629.0,1,9.832528463595635,STATE_COURT,"Virginia District Court Motion for Judgment, plaintiff represented by MARKS & HARRISON, judgment for plaintiff, total 18,628.5, notes: JUDGMENT AS TO D. FANCETT-STOOKS/NON-SUIT AS TO W. DAVIS, III"
Virginia,Charlottesville,2015,Personal Injury,Other,verdict,18054.0,1,9.801177933711559,STATE_COURT,"Virginia District Court Motion for Judgment, (Charlottesville), plaintiff represented by MARKS & HARRISON PC, judgment for plaintiff, total 18,054"
Virginia,,2015,Personal Injury,Other,verdict,17167.0,1,9.75080246487048,STATE_COURT,"Virginia District Court Motion for Judgment, plaintiff represented by TRONFELD, WEST, judgment for plaintiff, total 17,166.96"
Virginia,,2015,Personal Injury,Other,verdict,15058.0,1,9.61973109808682,STATE_COURT,"Virginia District Court Motion for Judgment, plaintiff represented by TRONFELD, WEST, judgment for plaintiff, total 15,058"
Virginia,,2015,Personal Injury,Other,verdict,15046.0,1,9.618933914758879,STATE_COURT,"Virginia District Court Motion for Judgment, plaintiff represented by TRONFELD, WEST, judgment for plaintiff, total 15,046"
Virginia,,2015,Personal Injury,Other,verdict,15046.0,1,9.618933914758879,STATE_COURT,"Virginia District Court Motion for Judgment, plaintiff represented by ALLEN, ALLEN, judgment for plaintiff, total 15,046"
Virginia,,2015,Personal Injury,Other,verdict,15046.0,1,9.618933914758879,STATE_COURT,"Virginia District Court Motion for Judgment, plaintiff represented by TRONFELD, WEST, judgment for plaintiff, total 15,046"
Virginia,,2015,Personal Injury,Other,verdict,14046.0,1,9.55016412883091,STATE_COURT,"Virginia District Court Motion for Judgment, plaintiff represented by MARKS & HARRISON, judgment for plaintiff, total 14,046"
Virginia,,2015,Personal Injury,Other,verdict,13546.0,1,9.513920399580737,STATE_COURT,"Virginia District Court Motion for Judgment, plaintiff represented by TRONFELD, WEST, judgment for plaintiff, total 13,546"
Virginia,,2015,Personal Injury,Other,verdict,11158.0,1,9.320001626185702,STATE_COURT,"Virginia District Court Motion for Judgment, plaintiff represented by TRONFELD, WEST, judgment for plaintiff, total 11,158"
Virginia,,2015,Personal Injury,Other,verdict,11046.0,1,9.309914176872276,STATE_COURT,"Virginia District Court Motion for Judgment, plaintiff represented by TRONFELD, WEST, judgment for plaintiff, total 11,046"
Virginia,Chesterfield,2015,Personal Injury,Other,verdict,10084.0,1,9.218804450388312,STATE_COURT,"Virginia District Court Motion for Judgment, (Chesterfield), plaintiff represented by MARKS & HARRISON, judgment for plaintiff, total 10,084, notes: NO PLEADINGS ORDERED"
Virginia,Petersburg,2015,Personal Injury,Other,verdict,9059.0,1,9.111624399037025,STATE_COURT,"Virginia District Court Motion for Judgment, (Petersburg), plaintiff represented by MARKS & HARRISON, judgment for plaintiff, total 9,059"
Virginia,,2015,Personal Injury,Other,verdict,9058.0,1,9.111514017669288,STATE_COURT,"Virginia District Court Motion for Judgment, plaintiff represented by TRONFELD, WEST, judgment for plaintiff, total 9,058"
Virginia,Chesterfield,2015,Personal Injury,Other,verdict,8789.0,1,9.081369990679223,STATE_COURT,"Virginia District Court Motion for Judgment, (Chesterfield), plaintiff represented by MARKS & HARRISON, judgment for plaintiff, total 8,789, notes: GD DUE 11-30"
Virginia,Chesterfield,2015,Personal Injury,Other,verdict,8731.0,1,9.074749717669835,STATE_COURT,"Virginia District Court Motion for Judgment, (Chesterfield), plaintiff represented by MARKS & HARRISON, judgment for plaintiff, total 8,731.48, notes: BP:10-22 & GD:11-12; ANSWER & GD REC'D 11-13-15"
Virginia,,2015,Personal Injury,Other,verdict,8546.0,1,9.053335623166017,STATE_COURT,"Virginia District Court Motion for Judgment, plaintiff represented by TRONFELD, WEST, judgment for plaintiff, total 8,546"
Virginia,Halifax,2015,Personal Injury,Other,verdict,8096.0,1,8.999248901686114,STATE_COURT,"Virginia District Court Motion for Judgment, (Halifax), plaintiff represented by TRONFELD WEST & DURR, judgment for plaintiff, total 8,095.76"
Virginia,,2015,Personal Injury,Other,verdict,1546.0,1,7.344072850573066,STATE_COURT,"Virginia District Court Motion for Judgment, plaintiff represented by TRONFELD, WEST, judgment for plaintiff, total 1,546"
New York,,2014,Other,Other,settlement,500000000.0,0,20.030118658386467,CourtListener,"Bankruptcy Judge Lifland had required 3 appellees -- The Travelers Indemnity Company and Travelers Casualty and Surety Company (together, “Travelers”) -- to pay 5 over $500 million to asbestos plaintiffs based on Travelers’ 6 obligations under certain settlement agreements (the 7 “Agreements”)."
Ohio,Cuyahoga,2014,Pedestrian Accident,Wrongful Death,verdict,39000000.0,1,17.479072229734946,EHS Today,"Jury verdict for the family of a highway paving inspector struck and killed by a car in a construction work zone: $19,000,000 compensatory plus $20,000,000 punitive damages."
Ohio,Cuyahoga,2014,Truck Accident,Traumatic Brain Injury,verdict,34600000.0,1,17.359364268929685,Ohio Court of Appeals (8th District) opinion via FindLaw,"Jury verdict for a young passenger who suffered an open skull fracture with intracranial hemorrhaging and permanent deformity in a dump-truck collision: $8,200,000 economic plus $26,400,000 noneconomic damages. The noneconomic award survived because the court held the R.C. 2315.18 cap inapplicable under the catastrophic-injury (permanent and substantial physical deformity) exception; affirmed on appeal in 2018."
California,,2014,Car Accident,Back Injury,verdict,16490000.0,1,16.618264755178593,News,Light impact rear-end collision requiring cervical and lumbar fusion surgeries.
Arizona,,2014,Motorcycle Accident,Other,settlement,8000000.0,0,15.894952224644102,CourtListener,"On the same day, the McGills submitted a settlement demand to Bovre for $1,500."
California,San Francisco,2014,Medical Malpractice,Traumatic Brain Injury,verdict,4000000.0,1,15.201805169084134,News,Child suffered spastic cerebral palsy and epilepsy due to catastrophic brain injury during delivery. Sued at age 16 for lifetime care needs.
Illinois,,2014,Medical Malpractice,Wrongful Death,verdict,3000000.0,1,14.914123179965662,News,"Nurse dislodged a tracheostomy tube during a bath, causing brain damage and subsequent death."
Illinois,,2014,Medical Malpractice,Wrongful Death,verdict,2748000.0,1,14.82638429622533,News,Fatal pulmonary embolism developed after a hysterectomy. Symptoms were not recognized in time.
Massachusetts,,2014,Medical Malpractice,Wrongful Death,verdict,2444374.46,1,14.709300212679063,CourtListener,"For the reasons that follow, this Court concludes that the judgment, including prejudgment interest, must be apportioned between the Fund and MLMIC on a pro rata “time on the risk” basis and that the Fund is not required to pay more than $299,999, including prejudgment interest, in connection wit."
Missouri,,2014,Truck Accident,Wrongful Death,verdict,1620000.0,1,14.297937324492327,CourtListener,"The jury awarded Plaintiff damages of $1,620."
Mississippi,,2014,Other,Wrongful Death,verdict,1500000.0,1,14.220976332738882,CourtListener,"After trial in May 2012 against the sole remaining defendant, Valley, the jury found economic damages in the amount of $149."
California,Kern,2014,Car Accident,Broken Bones,verdict,1357746.0,1,14.121337266356813,News,Woman struck by 16-year-old driver who ran a red light. Sustained injuries requiring three expected hip replacements over her lifetime.
Mississippi,,2014,Medical Malpractice,Broken Bones,verdict,1213300.0,1,14.008855302238091,CourtListener,"After a four-day trial in the Hinds County Circuit Court, the jury returned a $1,213,300 verdict against Manhattan."
Louisiana,,2014,Truck Accident,Wrongful Death,verdict,1000000.0,1,13.815511557963774,CourtListener,We amend the judgment to reduce the survival damages award to the statutory cap of $500.
Texas,,2014,Medical Malpractice,Burns,settlement,988000.0,0,13.803438988875241,CourtListener,"Medical Malpractice settlement of $988,000 in Texas."
Rhode Island,,2014,Car Accident,Soft Tissue Injury,verdict,925000.0,1,13.73755009757506,CourtListener,"Superior Court awarded $925,000 after remittitur in a motor vehicle personal injury case."
California,Alameda,2014,Car Accident,Broken Bones,settlement,925000.0,0,13.73755009757506,News,"A dump truck crossed the center line and struck the plaintiff head-on, causing a C2 neck fracture, nose fracture, toe fracture, and closed head injury. Mediated settlement of $925,000."
California,,2014,Motorcycle Accident,Broken Bones,verdict,845000.0,1,13.647093089770562,News,Left turn collision with extensive injuries.
New York,,2014,Medical Malpractice,Other,settlement,800000.0,0,13.592368256649284,CourtListener,"Defendants, however, persuasively argue that a total award of $800,000 for plaintiffs past pain and suffering is excessive and deviates from what is reasonable compensation under the circumstances (CPLR 5501 [c])."
California,,2014,Car Accident,Back Injury,verdict,736000.0,1,13.508986756405742,News,Rear-end with pre-existing injury claims disputed.
California,,2014,Premises Liability,Knee Injury,verdict,616000.0,1,13.331003865890963,News,Trip and fall at Target store; knee fracture.
California,San Diego,2014,Car Accident,Broken Bones,settlement,560000.0,0,13.235693848424024,News,"Head-on truck collision caused lacerations, broken ribs, and internal injuries to the driver. A 2-year-old passenger was also injured."
Wyoming,,2014,Car Accident,Wrongful Death,settlement,400000.0,0,12.899222326086994,CourtListener,"Wrongful death claim settled for $400,000 on behalf of the beneficiaries after a fatal car accident."
California,,2014,Slip and Fall,Soft Tissue Injury,verdict,391000.0,1,12.876465396508989,News,"$391,000 jury verdict in a slip and fall case in California . The plaintiff sustained soft tissue injury and was awarded damages."
California,,2014,Premises Liability,Shoulder Injury,settlement,370000.0,0,12.821260987319457,News,"Painter fell when a railing collapsed on a property, suffering a torn rotator cuff and cervical herniation requiring two surgeries."
Ohio,Summit,2014,Truck Accident,Neck Injury,verdict,225000.0,1,12.323860125621126,Firm results page (Chester Law Group),Award for a woman injured in an Akron truck accident whose neck injury required surgery.
Ohio,Summit,2014,Car Accident,Broken Bones,verdict,175000.0,1,12.07254696717504,Firm results page (Chester Law Group),Award for a Uniontown T-bone collision victim who suffered broken ribs and fractured vertebrae.
New York,,2014,Premises Liability,Back Injury,verdict,140000.0,1,11.849404844423074,CourtListener,"Premises Liability jury verdict of $140,000 in New York."
Arizona,,2014,Medical Malpractice,Back Injury,settlement,126590.93,0,11.748724042584643,CourtListener,Pending before the Court is Defendant Herman Pang’s motion for attorneys’ fees (Doc.
Iowa,,2014,Premises Liability,Other,settlement,125655.04,0,11.741303611852224,CourtListener,The court assessed damages of $54.
Minnesota,,2014,Premises Liability,Wrongful Death,verdict,100000.0,1,11.51293546492023,CourtListener,Timothy Davidson purchased accidental-death-and-dismemberment coverage under a group insurance policy issued by defendant Hartford Life and Accident Insurance Company (“Hartford”).
Pennsylvania,,2014,Medical Malpractice,Back Injury,verdict,100000.0,1,11.51293546492023,CourtListener,"(Doctor’s Choice), appeals from the August 7, 2013 judgment entered in its favor and against Appellee, Travelers Personal Insurance Company (Travelers), in the amount of $27."
New York,,2014,Truck Accident,Knee Injury,verdict,80000.0,1,11.289794413577894,CourtListener,"However, the court found that claimant's fractured right humerus was ""unexplained"" by the use of reasonable force and rendered a partial judgment in claimant's favor as to that particular injury and awarded $80,000 in damages."
Vermont,,2014,Car Accident,Soft Tissue Injury,verdict,61329.0,1,11.02402439862003,News,"Car Accident jury verdict of $61,329 in Vermont."
Wyoming,,2014,Medical Malpractice,Wrongful Death,verdict,60000.0,1,11.002116507732017,CourtListener,"On November 6, 2012, the district court entered an Order Allowing Fees and Costs, which awarded Plaintiff approximately $60,000 for costs and fees incurred in connection with the first trial."
Ohio,,2014,Bus Accident,Wrongful Death,verdict,50000.0,1,10.819798284210286,CourtListener,"Bus Accident jury verdict of $50,000 in Ohio."
Louisiana,,2014,Pedestrian Accident,Knee Injury,verdict,50000.0,1,10.819798284210286,CourtListener,Granger’s accident and awarded the total of $50.
California,,2014,Car Accident,Soft Tissue Injury,verdict,49900.0,1,10.817796321618971,News,Soft tissue injuries; low settlement offer.
Vermont,,2014,Car Accident,Back Injury,verdict,40000.0,1,10.596659732783579,News,"Rear-end collision caused neck radiculopathy, aggravating a pre-existing condition."
Arkansas,,2014,Medical Malpractice,Wrongful Death,verdict,34790.77,1,10.457136143540517,CourtListener,"Medical Malpractice jury verdict of $34,790.77 in Arkansas."
Louisiana,,2014,Truck Accident,Back Injury,settlement,30000.0,0,10.308985993422082,CourtListener,"It awarded Tyler $15,000, per the stipulation, and allocated the balance 90% to Coby and 10% to Cameron."
Texas,,2014,Medical Malpractice,Back Injury,verdict,29149.21,1,10.280217395869327,CourtListener,"We overrule the issues relating to the awards of past and future medical expenses; we further conclude the trial court erred when it taxed all costs to defendant, given our court’s mandate in the prior appeal."
Virginia,,2014,Personal Injury,Other,verdict,25046.0,1,10.128509338862111,STATE_COURT,"Virginia District Court Motion for Judgment, plaintiff represented by TRONFELD, WEST, judgment for transfer/change of venue, total 25,046"
Virginia,,2014,Personal Injury,Other,verdict,25046.0,1,10.128509338862111,STATE_COURT,"Virginia District Court Motion for Judgment, plaintiff represented by TRONFELD, WEST, judgment for transfer/change of venue, total 25,046, notes: TRANSFER TO HENRICO GDC"
Virginia,,2014,Personal Injury,Other,verdict,25046.0,1,10.128509338862111,STATE_COURT,"Virginia District Court Motion for Judgment, plaintiff represented by TRONFELD, WEST, judgment for transfer/change of venue, total 25,046"
Virginia,,2014,Personal Injury,Other,verdict,25046.0,1,10.128509338862111,STATE_COURT,"Virginia District Court Motion for Judgment, plaintiff represented by MARKS & HARRISON, judgment for transfer/change of venue, total 25,046"
Virginia,,2014,Personal Injury,Other,verdict,25046.0,1,10.128509338862111,STATE_COURT,"Virginia District Court Motion for Judgment, plaintiff represented by TRONFELD, WEST, judgment for transfer/change of venue, total 25,046, notes: TRANSFER TO HENRICO GDC"
Virginia,Arlington,2014,Personal Injury,Other,verdict,24845.0,1,10.120452052773622,STATE_COURT,"Virginia District Court Motion for Judgment, (Arlington), plaintiff represented by HUSTON & ANGUS, judgment for plaintiff, total 24,844.91"
Virginia,,2014,Personal Injury,Other,verdict,22058.0,1,10.001475960864331,STATE_COURT,"Virginia District Court Motion for Judgment, plaintiff represented by TRONFELD, WEST, judgment for plaintiff, total 22,058"
Virginia,Henrico,2014,Personal Injury,Other,verdict,22046.0,1,10.000931817196982,STATE_COURT,"Virginia District Court Motion for Judgment, (Henrico), plaintiff represented by MARKS & HARRISON, judgment for plaintiff, total 22,046"
Virginia,,2014,Personal Injury,Other,verdict,21046.0,1,9.954513311139172,STATE_COURT,"Virginia District Court Motion for Judgment, plaintiff represented by MARKS & HARRISON, judgment for plaintiff, total 21,046"
Virginia,,2014,Personal Injury,Other,verdict,18046.0,1,9.800734744961298,STATE_COURT,"Virginia District Court Motion for Judgment, plaintiff represented by TRONFELD, WEST, judgment for plaintiff, total 18,046"
Virginia,,2014,Personal Injury,Other,verdict,15546.0,1,9.65162297294974,STATE_COURT,"Virginia District Court Motion for Judgment, plaintiff represented by MARKS & HARRISON, judgment for plaintiff, total 15,546"
Virginia,,2014,Personal Injury,Other,verdict,15058.0,1,9.61973109808682,STATE_COURT,"Virginia District Court Motion for Judgment, plaintiff represented by TRONFELD, WEST, judgment for plaintiff, total 15,058"
Louisiana,,2014,Truck Accident,Back Injury,verdict,15000.0,1,9.61587214452889,CourtListener,"Truck Accident jury verdict of $15,000 in Louisiana."
Virginia,,2014,Personal Injury,Other,verdict,13558.0,1,9.51480581246231,STATE_COURT,"Virginia District Court Motion for Judgment, plaintiff represented by MARKS & HARRISON, judgment for plaintiff, total 13,558"
Virginia,,2014,Personal Injury,Other,verdict,13046.0,1,9.476313501265748,STATE_COURT,"Virginia District Court Motion for Judgment, plaintiff represented by MARKS & HARRISON, judgment for plaintiff, total 13,046"
Virginia,,2014,Personal Injury,Other,verdict,12558.0,1,9.438192819018127,STATE_COURT,"Virginia District Court Motion for Judgment, plaintiff represented by TRONFELD, WEST, judgment for plaintiff, total 12,558"
Virginia,,2014,Personal Injury,Other,verdict,12558.0,1,9.438192819018127,STATE_COURT,"Virginia District Court Motion for Judgment, plaintiff represented by TRONFELD, WEST, judgment for plaintiff, total 12,558"
Virginia,,2014,Personal Injury,Other,verdict,12140.0,1,9.404343433543975,STATE_COURT,"Virginia District Court Motion for Judgment, plaintiff represented by MARKS & HARRISON, judgment for defendant, total 12,140"
Virginia,,2014,Personal Injury,Other,verdict,12086.0,1,9.399885773859458,STATE_COURT,"Virginia District Court Motion for Judgment, plaintiff represented by TRONFELD, WEST, judgment for plaintiff, total 12,086"
Virginia,Arlington,2014,Personal Injury,Other,verdict,12071.0,1,9.398644000447685,STATE_COURT,"Virginia District Court Motion for Judgment, (Arlington), plaintiff represented by HUSTON & ANGUS, judgment for plaintiff, total 12,071"
Virginia,Louisa,2014,Personal Injury,Other,verdict,12000.0,1,9.392745258631441,STATE_COURT,"Virginia District Court Motion for Judgment, (Louisa), plaintiff represented by MARKS & HARRISON, judgment for defendant, total 12,000"
Pennsylvania,,2014,Truck Accident,Back Injury,verdict,11800.0,1,9.375939552625749,CourtListener,"Before the court for disposition are motions for summary judgment filed on behalf of the defendants Smith Paving And Construction Company, a/k/a Smith Paving & Construction Company (hereinafter “Smith Paving”) and Grubb & Ellis Management Services, Inc."
Virginia,,2014,Personal Injury,Other,verdict,9558.0,1,9.165238398063762,STATE_COURT,"Virginia District Court Motion for Judgment, plaintiff represented by TRONFELD, WEST, judgment for plaintiff, total 9,558"
Virginia,Chesterfield,2014,Personal Injury,Other,verdict,9556.0,1,9.16502914926618,STATE_COURT,"Virginia District Court Motion for Judgment, (Chesterfield), plaintiff represented by MARKS & HARRISON, judgment for plaintiff, total 9,556, notes: COMPLAINT RCVD"
Virginia,,2014,Personal Injury,Other,verdict,8558.0,1,9.05473863988161,STATE_COURT,"Virginia District Court Motion for Judgment, plaintiff represented by MARKS & HARRISON, judgment for plaintiff, total 8,558"
Virginia,,2014,Personal Injury,Other,verdict,8046.0,1,8.993054630146133,STATE_COURT,"Virginia District Court Motion for Judgment, plaintiff represented by TRONFELD, WEST, judgment for plaintiff, total 8,046"
Virginia,Goochland,2014,Personal Injury,Other,verdict,6639.0,1,8.80086724247048,STATE_COURT,"Virginia District Court Motion for Judgment, (Goochland), plaintiff represented by HUSTON & ANGUS, judgment for plaintiff, total 6,639.2"
Virginia,,2014,Personal Injury,Other,verdict,6058.0,1,8.70930004894499,STATE_COURT,"Virginia District Court Motion for Judgment, plaintiff represented by TRONFELD, WEST, judgment for plaintiff, total 6,058"
Vermont,,2014,Car Accident,Whiplash,verdict,5626.0,1,8.635331719433278,News,Rear-end collision caused whiplash with recurring headaches.
Virginia,Charlottesville,2014,Personal Injury,Other,verdict,4854.0,1,8.487764380725425,STATE_COURT,"Virginia District Court Motion for Judgment, (Charlottesville), plaintiff represented by MARKS & HARRISON, judgment for plaintiff, total 4,854"
Virginia,,2014,Personal Injury,Other,verdict,4058.0,1,8.308691916838898,STATE_COURT,"Virginia District Court Motion for Judgment, plaintiff represented by TRONFELD, WEST, judgment for plaintiff, total 4,058"
Virginia,,2014,Personal Injury,Other,verdict,3308.0,1,8.104401307921613,STATE_COURT,"Virginia District Court Motion for Judgment, plaintiff represented by TRONFELD, WEST, judgment for plaintiff, total 3,308"
Virginia,,2014,Personal Injury,Other,verdict,567.0,1,6.342121418721152,STATE_COURT,"Virginia District Court Motion for Judgment, plaintiff represented by TRONFELD, WEST, judgment for plaintiff, total 567.4"
New York,,2013,Other,Other,verdict,104690000.0,1,18.46651416984755,CourtListener,"On appeal, Exxon challenges the verdict, arguing primarily that the City’s common law claims are preempted by the federal Clean Air Act, which, from the mid-1990s through 2004, required use of gasoline oxygenates, such as MTBE, in New York City."
California,,2013,Premises Liability,Other,verdict,55300000.0,1,17.828283484575746,News,"San Bernardino, California Gary A. Dordick record-setting $55 million verdict for a Rancho Cucamonga man, Antonio Steward, against Stratus Security Services, Inc. Steward lost his legs when a private security guard failed to protect him from a gang member who shot him at his Fontana apartment building. St."
Pennsylvania,,2013,Medical Malpractice,Wrongful Death,verdict,27352195.21,1,17.124307383791194,CourtListener,"The resultant verdict onNovember 17,2008 was in favor of the plaintiff amounting to twenty million, five hundred thousand dollars ($20,500."
Iowa,,2013,Bus Accident,Back Injury,settlement,25250736.19,0,17.04436590890302,CourtListener,"The court entered judgment awarding $25,250."
Pennsylvania,,2013,Medical Malpractice,Back Injury,settlement,13150000.0,0,16.391932392633674,CourtListener,"The Commonwealth Court granted summary judgment in favor of the MCARE Fund, holding that the physician’s failure to diagnose Mother’s infection constituted the single cause of the children’s injuries, and, therefore, there was a single occurrence, limiting MCARE coverage to the statutory limit of."
Indiana,,2013,Medical Malpractice,Wrongful Death,verdict,8500000.0,1,15.955576839107596,CourtListener,"On September 3, 2009 the jury returned a verdict in favor of Plank and awarded damages in the amount of $."
Ohio,,2013,Medical Malpractice,Traumatic Brain Injury,verdict,5250000.0,1,15.473738825043979,News,Delayed emergency C-section resulted in cerebral palsy.
Texas,,2013,Medical Malpractice,Wrongful Death,verdict,4510000.0,1,15.321807933208326,News,Surgeon failed to properly read EKG results. Patient was left unattended in the ER before going into cardiac arrest and dying.
Illinois,,2013,Bus Accident,Back Injury,verdict,4260400.0,1,15.264873845270865,CourtListener,"After a seven-day trial, a jury returned a verdict in Holland’s favor on his retaliatory discharge claim, awarding him a total of $4,260,400 in compensatory and punitive damages."
California,,2013,Car Accident,Knee Injury,verdict,3800000.0,1,15.150511887854474,News,Knee fracture with two lumbar spine surgeries needed.
California,,2013,Medical Malpractice,Wrongful Death,verdict,3000000.0,1,14.914123179965662,CourtListener,"The jury awarded Nevarrez $1,191."
California,,2013,Medical Malpractice,Wrongful Death,verdict,1191007.9,1,13.990311321021522,CourtListener,"The jury awarded Nevarrez $1,191."
California,,2013,Truck Accident,Wrongful Death,verdict,1150000.0,1,13.955273369904273,News,Run over by tractor trailer in parking lot.
Colorado,,2013,Car Accident,Other,settlement,1100000.0,0,13.910821646859095,News,"Settlement Against Driver Who Cause Highway Speed Collision Steve Wahlberg settled a highway speed collision case for $1,100,000 in December 2013. Wahlberg alleged that the defendant veered out of the center lane of C-470 without signaling, causing a high speed collision. Wahlberg the cell phone records of the defendant-which showed that he left the scene of the accident, but."
Missouri,,2013,Medical Malpractice,Traumatic Brain Injury,verdict,1075725.7,1,13.88850699115882,CourtListener,"Should be entitled to entry of judgments in, their favor against each of the defendants for $1,075."
Montana,,2013,Premises Liability,Back Injury,verdict,1000000.0,1,13.815511557963774,CourtListener,"(the Baileys) appeal from an order of the Ninth Judicial District Court, Glacier County, granting summary judgment to State Farm and Mark Olson (Olson) on the Baileys’ claims that State Farm and Olson negligently failed to secure underinsured motorist (UIM) coverage for the Baileys."
Mississippi,,2013,Medical Malpractice,Wrongful Death,verdict,1000000.0,1,13.815511557963774,CourtListener,"The jury returned a verdict of $1,000,000 to Vance."
North Carolina,,2013,Truck Accident,Burns,settlement,1000000.0,0,13.815511557963774,CourtListener,"Instead, on July 2012, Farm Bureau moved for summary judgment, seeking a declaration that Plaintiff was not entitled to UIM coverage because the aggregate amount of Plaintiffs settlements, $900."
Illinois,,2013,Medical Malpractice,Other,settlement,864228.0,0,13.669593058963924,CourtListener,"The settlement included a lump-sum payment of $864,228 and structured periodic payments."
Kentucky,,2013,Bus Accident,Other,settlement,650000.0,0,13.384729180332174,CourtListener,This matter is before the Court on Plaintiffs’ Motion for Summary Judgment on Count I of the Complaint (D.
California,,2013,Car Accident,Back Injury,verdict,550000.0,1,13.217675375388819,News,Rear-ended requiring cervical fusion surgery.
California,,2013,Premises Liability,Burns,verdict,500000.0,1,13.122365377402328,News,Apartment fire causing third-degree burns.
New York,,2013,Premises Liability,Soft Tissue Injury,verdict,500000.0,1,13.122365377402328,CourtListener,"Personal injury verdict of $500,000 against the City of New York in a premises liability case."
Ohio,,2013,Medical Malpractice,Soft Tissue Injury,verdict,400854.0,1,12.90135504488713,News,Surgeon transected the ulnar nerve during a procedure.
Texas,,2013,Truck Accident,Back Injury,verdict,350279.0,1,12.76648811363616,News,Truck struck a parked car which then hit a disabled vehicle. Victim suffered a herniated cervical disc requiring fusion surgery.
Nevada,Clark,2013,Car Accident,Wrongful Death,verdict,250000.0,1,12.429220196836383,Las Vegas Review-Journal,"A police officer driving 58 to 74 mph in a 45 mph zone without lights or siren ran a red light at Sahara Avenue and Fort Apache Road and struck and killed Raymond Yeghiazarian in 2007. A 2011 jury awarded $2.2 million; the district court reduced the award to $50,000 per family member ($250,000 total for five family members) under Nevada's government damages cap, and the Nevada Supreme Court affirmed in November 2013."
Utah,,2013,Bus Accident,Back Injury,verdict,150000.0,1,11.918397239722838,CourtListener,"Lamoreaux’s complaint sought a determination of the amount of the 8% sales commission and a judgment for that amount, less $150,000 already paid, plus attorney fees and prejudgment interest."
Texas,,2013,Premises Liability,Broken Bones,verdict,142144.0,1,11.864602942348668,News,"Off-duty officer injured in a movie theater parking lot when a driver pulled away while being restrained, causing broken ribs and torn rotator cuff."
Illinois,,2013,Bus Accident,Wrongful Death,verdict,130338.51,1,11.777897940480809,CourtListener,"Imeri, IL App (5th) Appellate Court ROY DEAN ROGERS II and TERESA ROGERS, Individually and as Caption Coadministrators of the Estate of Roy Dean Rogers III, and TERESA ROGERS as Mother and Next Friend of Darian Rogers and Haylee Rogers, Plaintiff-Appellees, v."
California,,2013,Medical Malpractice,Back Injury,settlement,126590.93,0,11.748724042584643,CourtListener,"Medical Malpractice settlement of $126,590.93 in California."
Mississippi,,2013,Bus Accident,Wrongful Death,settlement,100000.0,0,11.51293546492023,CourtListener,"The chancery court ultimately awarded Woolbright $2,500 for her work on Lacey’s behalf, and Woolbright appeals from that judgment, contending she should have received more."
Ohio,,2013,Truck Accident,Other,settlement,75000.0,0,11.225256725762893,CourtListener,This civil action is before the Court on defendants’ motion for partial summary judgment (Doc.
New York,,2013,Medical Malpractice,Back Injury,settlement,50000.0,0,10.819798284210286,CourtListener,"Medical Malpractice settlement of $50,000 in New York."
Virginia,,2013,Personal Injury,Other,verdict,25058.0,1,10.128988323424016,STATE_COURT,"Virginia District Court Motion for Judgment, plaintiff represented by TRONFELD, WEST, judgment for plaintiff, total 25,058"
Virginia,,2013,Personal Injury,Other,verdict,25046.0,1,10.128509338862111,STATE_COURT,"Virginia District Court Motion for Judgment, plaintiff represented by TRONFELD, WEST, judgment for transfer/change of venue, total 25,046"
Virginia,,2013,Personal Injury,Other,verdict,25046.0,1,10.128509338862111,STATE_COURT,"Virginia District Court Motion for Judgment, plaintiff represented by TRONFELD, WEST, judgment for transfer/change of venue, total 25,046"
Virginia,,2013,Personal Injury,Other,verdict,25046.0,1,10.128509338862111,STATE_COURT,"Virginia District Court Motion for Judgment, plaintiff represented by TRONFELD, WEST, judgment for transfer/change of venue, total 25,046"
Virginia,,2013,Personal Injury,Other,verdict,25046.0,1,10.128509338862111,STATE_COURT,"Virginia District Court Motion for Judgment, plaintiff represented by TRONFELD, WEST, judgment for transfer/change of venue, total 25,046"
Virginia,,2013,Personal Injury,Other,verdict,25046.0,1,10.128509338862111,STATE_COURT,"Virginia District Court Motion for Judgment, plaintiff represented by TRONFELD, WEST, judgment for transfer/change of venue, total 25,046"
Virginia,,2013,Personal Injury,Other,verdict,25046.0,1,10.128509338862111,STATE_COURT,"Virginia District Court Motion for Judgment, plaintiff represented by TRONFELD, WEST, judgment for transfer/change of venue, total 25,046"
Virginia,,2013,Personal Injury,Other,verdict,25046.0,1,10.128509338862111,STATE_COURT,"Virginia District Court Motion for Judgment, plaintiff represented by TRONFELD, WEST, judgment for transfer/change of venue, total 25,046, notes: TRANSFER TO HENRICO COUNTY GDC"
Virginia,,2013,Personal Injury,Other,verdict,25046.0,1,10.128509338862111,STATE_COURT,"Virginia District Court Motion for Judgment, plaintiff represented by TRONFELD, WEST, judgment for transfer/change of venue, total 25,046, notes: TRANSFER TO CHESTERFIELD COUNTY GDC"
Virginia,,2013,Personal Injury,Other,verdict,25046.0,1,10.128509338862111,STATE_COURT,"Virginia District Court Motion for Judgment, plaintiff represented by TRONFELD, WEST, judgment for transfer/change of venue, total 25,046, notes: TRANSFER TO HENRICO GDC"
Virginia,,2013,Personal Injury,Other,verdict,25046.0,1,10.128509338862111,STATE_COURT,"Virginia District Court Motion for Judgment, plaintiff represented by TRONFELD, WEST, judgment for transfer/change of venue, total 25,046, notes: TRANSFER TO HENRICO COUNTY GDC"
Virginia,,2013,Personal Injury,Other,verdict,25046.0,1,10.128509338862111,STATE_COURT,"Virginia District Court Motion for Judgment, plaintiff represented by TRONFELD, WEST, judgment for transfer/change of venue, total 25,046, notes: TRANSFER TO HENRICO COUNTY GDC"
Virginia,,2013,Personal Injury,Other,verdict,25046.0,1,10.128509338862111,STATE_COURT,"Virginia District Court Motion for Judgment, plaintiff represented by TRONFELD, WEST, judgment for transfer/change of venue, total 25,046, notes: TRANSFER TO HENRICO COUNTY GDC"
Virginia,,2013,Personal Injury,Other,verdict,25046.0,1,10.128509338862111,STATE_COURT,"Virginia District Court Motion for Judgment, plaintiff represented by TRONFELD, WEST, judgment for transfer/change of venue, total 25,046, notes: TRANSFER TO HENRICO COUNTY GDC"
Virginia,,2013,Personal Injury,Other,verdict,25046.0,1,10.128509338862111,STATE_COURT,"Virginia District Court Motion for Judgment, plaintiff represented by TRONFELD, WEST, judgment for transfer/change of venue, total 25,046, notes: TRANSFER TO CHESTERFIELD COUNTY GDC"
Virginia,Prince Edward,2013,Personal Injury,Other,verdict,25044.0,1,10.128429485791717,STATE_COURT,"Virginia District Court Motion for Judgment, (Prince Edward), plaintiff represented by MARKS & HARRISON, judgment for other, total 25,044"
Virginia,,2013,Personal Injury,Other,verdict,23658.0,1,10.071498871212288,STATE_COURT,"Virginia District Court Motion for Judgment, plaintiff represented by MARKS & HARRISON, judgment for plaintiff, total 23,658"
Virginia,,2013,Personal Injury,Other,verdict,22546.0,1,10.023357298386513,STATE_COURT,"Virginia District Court Motion for Judgment, plaintiff represented by TRONFELD, WEST, judgment for transfer/change of venue, total 22,546"
New Mexico,,2013,Medical Malpractice,Other,verdict,22500.0,1,10.021315031649332,CourtListener,THIS MATTER is before the Court on Defendants Dr.
Virginia,,2013,Personal Injury,Other,verdict,22058.0,1,10.001475960864331,STATE_COURT,"Virginia District Court Motion for Judgment, plaintiff represented by TRONFELD, WEST, judgment for plaintiff, total 22,058"
Virginia,,2013,Personal Injury,Other,verdict,16046.0,1,9.68327719519936,STATE_COURT,"Virginia District Court Motion for Judgment, plaintiff represented by TRONFELD, WEST, judgment for plaintiff, total 16,046"
Virginia,,2013,Personal Injury,Other,verdict,15258.0,1,9.632924771891735,STATE_COURT,"Virginia District Court Motion for Judgment, plaintiff represented by TRONFELD, WEST, judgment for plaintiff, total 15,258"
Virginia,,2013,Personal Injury,Other,verdict,14558.0,1,9.585964638073326,STATE_COURT,"Virginia District Court Motion for Judgment, plaintiff represented by MARKS & HARRISON, judgment for plaintiff, total 14,558"
Virginia,,2013,Personal Injury,Other,verdict,13558.0,1,9.51480581246231,STATE_COURT,"Virginia District Court Motion for Judgment, plaintiff represented by TRONFELD, WEST, judgment for plaintiff, total 13,558"
Virginia,,2013,Personal Injury,Other,verdict,13546.0,1,9.513920399580737,STATE_COURT,"Virginia District Court Motion for Judgment, plaintiff represented by TRONFELD, WEST, judgment for plaintiff, total 13,546"
Virginia,,2013,Personal Injury,Other,verdict,12046.0,1,9.396570945266852,STATE_COURT,"Virginia District Court Motion for Judgment, plaintiff represented by TRONFELD, WEST, judgment for plaintiff, total 12,046"
Virginia,,2013,Personal Injury,Other,verdict,11058.0,1,9.31099985507536,STATE_COURT,"Virginia District Court Motion for Judgment, plaintiff represented by TRONFELD, WEST, judgment for plaintiff, total 11,058"
Ohio,,2013,Medical Malpractice,Traumatic Brain Injury,verdict,10968.4,1,9.302864857151775,CourtListener,"Following a jury trial, Guarino-Wong was awarded $10."
Virginia,,2013,Personal Injury,Other,verdict,9558.0,1,9.165238398063762,STATE_COURT,"Virginia District Court Motion for Judgment, plaintiff represented by TRONFELD, WEST, judgment for plaintiff, total 9,558"
Virginia,Henrico,2013,Personal Injury,Other,verdict,8046.0,1,8.993054630146133,STATE_COURT,"Virginia District Court Motion for Judgment, (Henrico), plaintiff represented by MARKS & HARRISON, judgment for plaintiff, total 8,046"
Georgia,,2012,Medical Malpractice,Wrongful Death,verdict,43300000.0,1,17.583663216067407,CourtListener,"After the trial court struck Houser’s answer for discovery violations and granted Terhune a default judgment as to liability, a jury awarded her $2,842."
Missouri,,2012,Truck Accident,Wrongful Death,settlement,13100000.0,0,16.388122864507256,CourtListener,This brought the total settlement amounts the Silva plaintiffs had received from defendants other than CF to nearly $.
Texas,,2012,Medical Malpractice,Back Injury,verdict,9196364.5,1,16.034318909616918,CourtListener,Medical Malpractice jury verdict of $9.2 million in Texas.
Mississippi,,2012,Medical Malpractice,Wrongful Death,settlement,4805800.0,0,15.385334287846161,CourtListener,Medical Malpractice settlement of $4.8 million in Mississippi.
Missouri,,2012,Workplace Injury,Wrongful Death,settlement,4500000.0,0,15.319588176962746,CourtListener,"And Simpson Timber Company appeal from a judgment of the Circuit Court of Clay County entered in favor of Lois, Robin, and Wende Wagner, the wrongful death beneficiaries of Robert Wagner, in the amount $."
Georgia,,2012,Medical Malpractice,Wrongful Death,settlement,2500000.0,0,14.731801689838349,CourtListener,The jury awarded the estate $364.
Maryland,,2012,Medical Malpractice,Wrongful Death,settlement,2186342.5,0,14.597741071696051,CourtListener,"The issue of contribution arises in this matter because the Spences and Mercy entered into a pretrial settlement, by which the Spences agreed to dismiss their claims against Mercy for an undisclosed amount, without exacting an admission of liability; after Mercy was dismissed as a party, the case."
Texas,,2012,Truck Accident,Shoulder Injury,verdict,2000000.0,1,14.508658238524095,CourtListener,Truck Accident jury verdict of $2 million in Texas.
Illinois,,2012,Medical Malpractice,Wrongful Death,verdict,1650547.86,1,14.31661843298778,CourtListener,"It awarded damages in the amount of $1,650."
Mississippi,,2012,Medical Malpractice,Wrongful Death,verdict,1500000.0,1,14.220976332738882,CourtListener,Medical Malpractice jury verdict of $1.5 million in Mississippi.
Kentucky,,2012,Medical Malpractice,Wrongful Death,settlement,1000000.0,0,13.815511557963774,CourtListener,The jury awarded compensatory dam ages totaling $617.
Texas,,2012,Workplace Injury,Broken Bones,verdict,1000000.0,1,13.815511557963774,CourtListener,Workplace Injury jury verdict of $1 million in Texas.
Idaho,,2012,Truck Accident,Wrongful Death,verdict,500000.0,1,13.122365377402328,CourtListener,"FACTUAL AND PROCEDURAL BACKGROUND Farm Bureau sold Patricia Eisenman an insurance policy that provided coverage up to $500,000 for damages caused by an underinsured motorist."
Texas,,2012,Bus Accident,Back Injury,settlement,500000.0,0,13.122365377402328,CourtListener,"Bus Accident settlement of $500,000 in Texas."
Texas,,2012,Medical Malpractice,Soft Tissue Injury,settlement,330000.0,0,12.706850963741102,News,Child misdiagnosed with a viral syndrome in the emergency room. Developed severe septic shock requiring ICU care and suffering organ injury.
Louisiana,,2012,Medical Malpractice,Wrongful Death,verdict,250000.0,1,12.429220196836383,CourtListener,"Jury found the medical center breached the standard of care and awarded $250,000 in survival damages for the patient's treatment."
Kansas,,2012,Medical Malpractice,Wrongful Death,verdict,250000.0,1,12.429220196836383,CourtListener,"A particular doctor could suffer any number of malpractice judgments in any timeframe, thus exposing the malpractice carrier to the possibility of paying multiple $250,000 noneconomic claims."
South Dakota,,2012,Truck Accident,Broken Bones,verdict,250000.0,1,12.429220196836383,CourtListener,"For purposes of this appeal only, it is undisputed that the $100,000 did not fully compensate Megan for her injuries."
Colorado,,2012,Medical Malpractice,Back Injury,settlement,180186.79,0,12.10175486381408,CourtListener,"The court found that the lien forms guaranteeing the Providers a share of settlement proceeds were invalid and unenforceable, 5 but determined the Providers were owed the interpled $180."
Louisiana,,2012,Truck Accident,Back Injury,verdict,175000.0,1,12.07254696717504,CourtListener,"Truck Accident jury verdict of $175,000 in Louisiana."
Texas,,2012,Medical Malpractice,Broken Bones,verdict,170000.0,1,12.04355959836804,CourtListener,"Hilbig, Justice Delivered and Filed: November 21, AFFIRMED In this personal injury case, Corey A."
Maryland,,2012,Workplace Injury,Other,settlement,91025.0,0,11.418900458976148,CourtListener,"In early October 2008, before the Workers’ Compensation Commission held a hearing on the claim, Schaffer entered into a settlement agreement with his employer, or its insurer, to accept a lump sum payment of $91."
Texas,,2012,Medical Malpractice,Back Injury,verdict,89558.52,1,11.402658711162822,CourtListener,"Medical Malpractice jury verdict of $89,558.52 in Texas."
Mississippi,,2012,Bus Accident,Wrongful Death,settlement,57196.25,0,10.95426109928908,CourtListener,"This case arises out of a June 14, 2007 automobile accident in which Brandon Bolden was killed."
Louisiana,,2012,Truck Accident,Spinal Cord Injury,settlement,42496.58,0,10.657202412114827,CourtListener,"The trial court granted the plaintiffs’ motion for judgment notwithstanding the verdict (“JNOV”) and awarded plaintiffs the amount of $17,000 in general damages."
Virginia,,2012,Personal Injury,Other,verdict,25058.0,1,10.128988323424016,STATE_COURT,"Virginia District Court Motion for Judgment, plaintiff represented by MARKS & HARRISON, judgment for plaintiff, total 25,058, notes: JUDGMENT FOR PLTF AGAINST HILDA QUEVARA ONLY"
Virginia,,2012,Personal Injury,Other,verdict,25046.0,1,10.128509338862111,STATE_COURT,"Virginia District Court Motion for Judgment, plaintiff represented by TRONFELD, WEST, judgment for transfer/change of venue, total 25,046"
Virginia,Petersburg,2012,Personal Injury,Other,verdict,25044.0,1,10.128429485791717,STATE_COURT,"Virginia District Court Motion for Judgment, (Petersburg), plaintiff represented by TRONFELD WEST &, judgment for transfer/change of venue, total 25,044, notes: TRANSFER TO HOPEWELL GENERAL DISTRICT"
Virginia,Petersburg,2012,Personal Injury,Other,verdict,25044.0,1,10.128429485791717,STATE_COURT,"Virginia District Court Motion for Judgment, (Petersburg), plaintiff represented by TRONFELD WEST &, judgment for transfer/change of venue, total 25,044, notes: TRANSFERRED TO HOPEWELL GENERAL DISTRICT"
Virginia,,2012,Personal Injury,Other,verdict,25044.0,1,10.128429485791717,STATE_COURT,"Virginia District Court Motion for Judgment, plaintiff represented by TRONFELD, WEST, judgment for transfer/change of venue, total 25,044"
Virginia,,2012,Personal Injury,Other,verdict,25044.0,1,10.128429485791717,STATE_COURT,"Virginia District Court Motion for Judgment, plaintiff represented by TRONFELD, WEST, judgment for transfer/change of venue, total 25,044"
Virginia,,2012,Personal Injury,Other,verdict,25044.0,1,10.128429485791717,STATE_COURT,"Virginia District Court Motion for Judgment, plaintiff represented by TRONFELD, WEST, judgment for transfer/change of venue, total 25,044"
Mississippi,,2012,Premises Liability,Wrongful Death,verdict,25000.0,1,10.12667110305036,CourtListener,"Premises Liability jury verdict of $25,000 in Mississippi."
Virginia,Petersburg,2012,Personal Injury,Other,verdict,21806.0,1,9.989986298152745,STATE_COURT,"Virginia District Court Motion for Judgment, (Petersburg), plaintiff represented by MARKS & HARRISON, judgment for plaintiff, total 21,806"
Virginia,,2012,Personal Injury,Other,verdict,20558.0,1,9.931054080253933,STATE_COURT,"Virginia District Court Motion for Judgment, plaintiff represented by TRONFELD, WEST, judgment for plaintiff, total 20,558"
Mississippi,,2012,Medical Malpractice,Back Injury,verdict,20000.0,1,9.90353755128617,CourtListener,"Medical Malpractice jury verdict of $20,000 in Mississippi."
Virginia,,2012,Personal Injury,Other,verdict,18258.0,1,9.812413388136733,STATE_COURT,"Virginia District Court Motion for Judgment, plaintiff represented by MARKS & HARRISON, judgment for plaintiff, total 18,258"
Virginia,,2012,Personal Injury,Other,verdict,18058.0,1,9.801399454452342,STATE_COURT,"Virginia District Court Motion for Judgment, plaintiff represented by TRONFELD, WEST, judgment for plaintiff, total 18,058"
Virginia,,2012,Personal Injury,Other,verdict,18058.0,1,9.801399454452342,STATE_COURT,"Virginia District Court Motion for Judgment, plaintiff represented by MARKS & HARRISON, judgment for plaintiff, total 18,058"
Virginia,,2012,Personal Injury,Other,verdict,17558.0,1,9.773321917959331,STATE_COURT,"Virginia District Court Motion for Judgment, plaintiff represented by TRONFELD, WEST, judgment for plaintiff, total 17,558"
Virginia,,2012,Personal Injury,Other,verdict,17556.0,1,9.773208009769208,STATE_COURT,"Virginia District Court Motion for Judgment, plaintiff represented by TRONFELD, WEST, judgment for plaintiff, total 17,556"
Virginia,,2012,Personal Injury,Other,verdict,17546.0,1,9.772638274111136,STATE_COURT,"Virginia District Court Motion for Judgment, plaintiff represented by TRONFELD, WEST, judgment for plaintiff, total 17,546"
Virginia,,2012,Personal Injury,Other,verdict,17058.0,1,9.74443320268052,STATE_COURT,"Virginia District Court Motion for Judgment, plaintiff represented by MARKS & HARRISON, judgment for plaintiff, total 17,058"
Virginia,Fairfax,2012,Personal Injury,Other,verdict,13875.0,1,9.53791600808964,STATE_COURT,"Virginia District Court Motion for Judgment, (Fairfax), plaintiff represented by HUSTON & ANGUS, judgment for plaintiff, total 13,875.09"
Virginia,,2012,Personal Injury,Other,verdict,13500.0,1,9.510519035757246,STATE_COURT,"Virginia District Court Motion for Judgment, plaintiff represented by TRONFELD, WEST, judgment for plaintiff, total 13,500"
Virginia,Henrico,2012,Personal Injury,Other,verdict,13421.0,1,9.504650430718184,STATE_COURT,"Virginia District Court Motion for Judgment, (Henrico), plaintiff represented by MARKS & HARRISON, judgment for plaintiff, total 13,421.25"
Virginia,Henrico,2012,Personal Injury,Other,verdict,12546.0,1,9.4372368721597,STATE_COURT,"Virginia District Court Motion for Judgment, (Henrico), plaintiff represented by MARKS & HARRISON, judgment for plaintiff, total 12,546"
Virginia,,2012,Personal Injury,Other,verdict,11858.0,1,9.380842351964795,STATE_COURT,"Virginia District Court Motion for Judgment, plaintiff represented by TRONFELD, WEST, judgment for plaintiff, total 11,858"
Virginia,Fairfax,2012,Personal Injury,Other,verdict,10691.0,1,9.277251077258809,STATE_COURT,"Virginia District Court Motion for Judgment, (Fairfax), plaintiff represented by HUSTON & ANGUS, judgment for plaintiff, total 10,691.12, notes: JUDGMENT VS WAHL ONLY"
Virginia,,2012,Personal Injury,Other,verdict,10153.0,1,9.22562299550734,STATE_COURT,"Virginia District Court Motion for Judgment, plaintiff represented by MARKS & HARRISON, judgment for plaintiff, total 10,153.17"
Virginia,,2012,Personal Injury,Other,verdict,9950.0,1,9.205428327615163,STATE_COURT,"Virginia District Court Motion for Judgment, plaintiff represented by MARKS & HARRISON, judgment for plaintiff, total 9,950.38"
Virginia,,2012,Personal Injury,Other,verdict,8150.0,1,9.005895898094458,STATE_COURT,"Virginia District Court Motion for Judgment, plaintiff represented by TRONFELD, WEST, judgment for plaintiff, total 8,150"
Virginia,,2012,Personal Injury,Other,verdict,7546.0,1,8.928905412284868,STATE_COURT,"Virginia District Court Motion for Judgment, plaintiff represented by TRONFELD, WEST, judgment for plaintiff, total 7,546"
Virginia,,2012,Personal Injury,Other,verdict,6310.0,1,8.75004942158424,STATE_COURT,"Virginia District Court Motion for Judgment, plaintiff represented by TRONFELD, WEST, judgment for defendant, total 6,310, notes: ESCRO MOTORS II, LLC ADDED AS DEF BY MOTION"
Virginia,,2012,Personal Injury,Other,verdict,5915.0,1,8.68541582383069,STATE_COURT,"Virginia District Court Motion for Judgment, plaintiff represented by MARKS & HARRISON, judgment for plaintiff, total 5,915, notes: JUDGMENT FOR PLTF AGAINST HILDA GUEVARA ONLY"
Virginia,,2012,Personal Injury,Other,verdict,4556.0,1,8.424419791263883,STATE_COURT,"Virginia District Court Motion for Judgment, plaintiff represented by MARKS & HARRISON, judgment for plaintiff, total 4,556"
Virginia,,2012,Personal Injury,Other,verdict,3056.0,1,8.025189321890835,STATE_COURT,"Virginia District Court Motion for Judgment, plaintiff represented by TRONFELD, WEST, judgment for other, total 3,056, notes: JUDGMENT IN FAVOR OF DEFENDANT SALEH ELNASSEH"
Mississippi,,2011,Medical Malpractice,Wrongful Death,verdict,4691000.0,1,15.361156550484736,CourtListener,"Jury awarded $4,691,000 in a medical malpractice case against Baptist Medical Center on behalf of the patient and the estate of his wife."
Hawaii,,2011,Car Accident,Back Injury,verdict,4525000.0,1,15.325128356110614,CourtListener,"The circuit court granted judgment as a matter of law in favor of the Rays on their negligent treatment claim, and entered judgment in favor of the Rays for a total of $4,525."
Illinois,,2011,Premises Liability,Burns,settlement,3000000.0,0,14.914123179965662,News,Premises Liability settlement of $3 million in Illinois.
Texas,,2011,Medical Malpractice,Back Injury,verdict,1818606.2,1,14.413581491355522,CourtListener,"BACKGROUND Davila, an in-home nurse employed by Americare, suffered multiple severe injuries on April 13, 2005 when the vehicle she was driving collided head-on with another vehicle on a public road in Palmview, Texas."
Texas,,2011,Medical Malpractice,Back Injury,verdict,1800000.0,1,14.403297778421795,CourtListener,"Background Davila, an in-home nurse employed by Americare, suffered multiple severe injuries on April 13, 2005 when the vehicle she was driving collided head-on with another vehicle on a public road in Palmview, Texas."
New York,,2011,Medical Malpractice,Wrongful Death,verdict,1000000.0,1,13.815511557963774,CourtListener,"The award of $1,000,000 for past pain and suffering does not deviate materially from what would be reasonable compensation (see CPLR 5501 [c])."
New York,,2011,Premises Liability,Back Injury,verdict,941760.0,1,13.75550680586834,CourtListener,"Premises Liability jury verdict of $941,760 in New York."
New York,,2011,Truck Accident,Knee Injury,verdict,850000.0,1,13.652992804936396,CourtListener,The jury returned a verdict in favor of plaintiff and awarded him damages totaling approximately $850.
Illinois,,2011,Truck Accident,Back Injury,verdict,800000.0,1,13.592368256649284,CourtListener,"Truck Accident jury verdict of $800,000 in Illinois."
New York,,2011,Bus Accident,Broken Bones,settlement,782800.0,0,13.570633791968751,CourtListener,The 33-year-old plaintiff sustained a bimalleolar ankle fracture when he slipped and fell on a patch of snow-covered ice while exiting the rear doors of a MABSTOA bus.
Massachusetts,,2011,Truck Accident,Spinal Cord Injury,verdict,728702.0,1,13.499021520570443,CourtListener,"This appeal arises from a personal injury action brought by Cleber Coleta Dos Santos (Dos Santos), his wife, and his son against Jose T."
Tennessee,,2011,Medical Malpractice,Shoulder Injury,settlement,650000.0,0,13.384729180332174,CourtListener,"M2010-01599-COA-R3-CV, Filed April 1, The jury in this personal injury action returned a verdict awarding Plaintiff damages in the amount of “zero."
New York,,2011,Motorcycle Accident,Other,verdict,447640.45,1,13.011747856136797,CourtListener,"), entered February 9, 2010, which, upon a jury verdict, and upon the denial of its motion pursuant to CPLR 4404 (a) to set aside the verdict and for judgment as a matter of law, is in favor of the plaintiff and against it in the principal sum of $447."
Texas,,2011,Workplace Injury,Wrongful Death,verdict,300000.0,1,12.611541086966115,CourtListener,This is a removal action wherein plaintiff seeks payment of accidental death benefits under a policy of insurance.
Michigan,,2011,Workplace Injury,Broken Bones,settlement,200000.0,0,12.206077645517674,News,"Construction worker fell through a roof, causing injuries."
Vermont,,2011,Bus Accident,Wrongful Death,settlement,180500.0,0,12.103491596905931,CourtListener,"He is presently employed Shangraw’s younger sister, Corey Shangraw, recently received approval from this court to transfer a portion of her structured settlement payments to Peachtree in exchange for $94."
Virginia,,2011,Truck Accident,Burns,settlement,150000.0,0,11.918397239722838,CourtListener,"DAVIS, Justice: This is an appeal by Thomas and Alice Loudin, appellants herein and plaintiffs below (hereinafter “the Loudins”), 1 from an order of the Circuit Court of Upshur County that granted su."
Maine,,2011,Medical Malpractice,Wrongful Death,verdict,150000.0,1,11.918397239722838,CourtListener,The jury awarded compensatory damages of $50.
Mississippi,,2011,Bus Accident,Other,settlement,72988.08,0,11.198065119899876,CourtListener,"Bus Accident settlement of $72,988.08 in Mississippi."
Virginia,Petersburg,2011,Personal Injury,Other,verdict,25044.0,1,10.128429485791717,STATE_COURT,"Virginia District Court Motion for Judgment, (Petersburg), plaintiff represented by TRONFELD, WEST &, judgment for transfer/change of venue, total 25,044"
Virginia,,2011,Personal Injury,Other,verdict,25000.0,1,10.12667110305036,STATE_COURT,"Virginia District Court Motion for Judgment, plaintiff represented by TRONFELD, WEST, judgment for transfer/change of venue, total 25,000"
Virginia,,2011,Personal Injury,Other,verdict,25000.0,1,10.12667110305036,STATE_COURT,"Virginia District Court Motion for Judgment, plaintiff represented by TRONFELD, WEST, judgment for transfer/change of venue, total 25,000"
Virginia,,2011,Personal Injury,Other,verdict,25000.0,1,10.12667110305036,STATE_COURT,"Virginia District Court Motion for Judgment, plaintiff represented by TRONFELD, WEST, judgment for transfer/change of venue, total 25,000"
New York,,2011,Car Accident,Shoulder Injury,verdict,25000.0,1,10.12667110305036,CourtListener,"The plaintiff correctly contended that the jury award of 5,000 for past pain and suffering deviated materially from reasonable compensation."
Illinois,,2011,Truck Accident,Back Injury,verdict,21671.75,1,9.98381099003213,CourtListener,"OPINION ¶1 Respondent, the law firm of Kim MacCloskey & Associates, appeals the trial court’s judgment that adjudicated respondent’s attorney’s lien to zero and extinguished respondent’s claim for attorney fees pursuant to case law and the Attorneys Lien Act (the Act)."
Virginia,,2011,Personal Injury,Other,verdict,20056.0,1,9.906333498986047,STATE_COURT,"Virginia District Court Motion for Judgment, plaintiff represented by TRONFELD, WEST, judgment for plaintiff, total 20,056"
Missouri,,2011,Medical Malpractice,Other,settlement,18882.0,0,9.846017325381577,CourtListener,Kathleen Elmore (“Claimant”) sought permanent total disability benefits from the Treasurer of the State of Missouri as Custodian for the Second Injury Fund (“the Fund”) after she incurred a hand injury while working as a hospital nurse.
Virginia,,2011,Personal Injury,Other,verdict,14500.0,1,9.581972891547895,STATE_COURT,"Virginia District Court Motion for Judgment, plaintiff represented by TRONFELD, WEST, judgment for transfer/change of venue, total 14,500"
Virginia,Arlington,2011,Personal Injury,Other,verdict,10474.0,1,9.25674674479034,STATE_COURT,"Virginia District Court Motion for Judgment, (Arlington), plaintiff represented by HUSTON & ANGUS, judgment for plaintiff, total 10,474.2"
Virginia,Chesterfield,2011,Personal Injury,Other,verdict,10181.0,1,9.228376734462282,STATE_COURT,"Virginia District Court Motion for Judgment, (Chesterfield), plaintiff represented by MARKS & HARRISON, judgment for plaintiff, total 10,181"
Virginia,,2011,Personal Injury,Other,verdict,9756.0,1,9.18574025510795,STATE_COURT,"Virginia District Court Motion for Judgment, plaintiff represented by TRONFELD, WEST, judgment for plaintiff, total 9,756"
Virginia,,2011,Personal Injury,Other,verdict,8881.0,1,9.091782035852047,STATE_COURT,"Virginia District Court Motion for Judgment, plaintiff represented by TRONFELD, WEST, judgment for plaintiff, total 8,881"
Virginia,,2011,Personal Injury,Other,verdict,8056.0,1,8.994296557777195,STATE_COURT,"Virginia District Court Motion for Judgment, plaintiff represented by TRONFELD, WEST, judgment for plaintiff, total 8,056"
Virginia,,2011,Personal Injury,Other,verdict,7056.0,1,8.86177531100083,STATE_COURT,"Virginia District Court Motion for Judgment, plaintiff represented by TRONFELD, WEST, judgment for plaintiff, total 7,056"
Virginia,Arlington,2011,Personal Injury,Other,verdict,5354.0,1,8.585785982881848,STATE_COURT,"Virginia District Court Motion for Judgment, (Arlington), plaintiff represented by HUSTON & ANGUS, judgment for plaintiff, total 5,354.22"
Virginia,,2011,Personal Injury,Other,verdict,5158.0,1,8.54849804124465,STATE_COURT,"Virginia District Court Motion for Judgment, plaintiff represented by TRONFELD, WEST, judgment for plaintiff, total 5,158, notes: D. LYNCH,ESQ FOR M RICHNER M. BERRYMAN,ESQ FOR L JONES"
Virginia,Petersburg,2011,Personal Injury,Other,verdict,4306.0,1,8.36799688505411,STATE_COURT,"Virginia District Court Motion for Judgment, (Petersburg), plaintiff represented by MARKS & HARRISON, judgment for plaintiff, total 4,306"
Missouri,,2010,Other,Wrongful Death,settlement,87000000.0,0,18.28141868811311,CourtListener,The trial resulted in a jury verdict of approximately $46 million 3 for the Silva plaintiffs.
California,,2010,Car Accident,Other,verdict,10100000.0,1,16.128046080821385,News,"San Bernadino, California In July of 2010, a jury in San Bernadino County decided that the civil rights of four male wards were violated during their incarceration at now-closed Herman G. Stark Youth Correctional Facility in Chino. Plaintiffs, Guillermo Ruelas, Oscar Miranda, Alejandro Espinoza and Martin Mendoza had claim."
New York,,2010,Medical Malpractice,Back Injury,verdict,8000000.0,1,15.894952224644102,CourtListener,"The contentious re-trial in June 2010 culminated with an $8 million verdict for Plaintiff Shirley Boles (""Plaintiff"" or ""Boles"")."
New York,,2010,Medical Malpractice,Back Injury,settlement,3500000.0,0,15.068273812173887,CourtListener,Medical Malpractice settlement of $3.5 million in New York.
New York,,2010,Bus Accident,Other,verdict,2550000.0,1,14.751604309291395,CourtListener,Bus Accident jury verdict of $2.5 million in New York.
Michigan,,2010,Truck Accident,Wrongful Death,verdict,2500000.0,1,14.731801689838349,CourtListener,A jury agreed and awarded plaintiff roughly $.
New York,,2010,Car Accident,Traumatic Brain Injury,verdict,2000000.0,1,14.508658238524095,CourtListener,Car Accident jury verdict of $2 million in New York.
Kansas,,2010,Medical Malpractice,Wrongful Death,verdict,2000000.0,1,14.508658238524095,CourtListener,"After a lengthy trial, die jury returned a verdict in favor of the plaintiffs that totaled $2,000."
New York,,2010,Truck Accident,Wrongful Death,settlement,1750000.0,0,14.375126917328105,CourtListener,"In an action to recover damages for wrongful death, the defendants appeal from a judgment of the Supreme Court, Queens County (Orlikoff-Flug, J."
Georgia,,2010,Medical Malpractice,Back Injury,verdict,1250000.0,1,14.038654909278163,CourtListener,"A jury awarded the plaintiff $1,250,000 in special and compensatory damages, and the trial court entered judgment accordingly."
New York,,2010,Medical Malpractice,Wrongful Death,verdict,1000000.0,1,13.815511557963774,CourtListener,"The defendants Westchester Medical Center, Richard Moggio, and Ron Smith appeal, as limited by their brief, from so much of a judgment of the Supreme Court, Westchester County (Colabella, J."
Montana,,2010,Bus Accident,Back Injury,verdict,1000000.0,1,13.815511557963774,CourtListener,"May 4 DA 09-0508 IN THE SUPREME COURT OF THE STATE OF MONTANA MT STATE OF MONTANA, Plaintiff and Appellee, v."
Pennsylvania,,2010,Medical Malpractice,Other,verdict,1000000.0,1,13.815511557963774,CourtListener,Medical Malpractice jury verdict of $1.0 million in Pennsylvania.
New York,,2010,Medical Malpractice,Back Injury,settlement,977544.53,0,13.792800147762051,CourtListener,"Medical Malpractice settlement of $977,544.53 in New York."
Texas,,2010,Medical Malpractice,Wrongful Death,verdict,750000.0,1,13.527829818844937,CourtListener,"(capping any punitive damages award at two times any amount of economic damages plus an amount equal to any noneconomic damages not exceeding $750,000)."
Mississippi,,2010,Medical Malpractice,Wrongful Death,verdict,750000.0,1,13.527829818844937,CourtListener,"A Copiah County jury found unanimously for Harris and awarded damages of $750,000, and the trial court entered its judgment consistent with the jury verdict."
New York,,2010,Truck Accident,Back Injury,settlement,350000.0,0,12.765691290604371,CourtListener,"The order granted plaintiffs motion, set aside the verdict and granted a new trial, unless defendants stipulated to increase the award of damages to $350."
South Carolina,,2010,Medical Malpractice,Traumatic Brain Injury,settlement,200000.0,0,12.206077645517674,CourtListener,The State Accident Fund (Carrier) sought reimbursement from the South Carolina Second Injury Fund (the Fund) for monies Carrier paid to Clinton Gaskins for a stroke he suffered during surgery for a work-related back injury.
Ohio,,2010,Medical Malpractice,Soft Tissue Injury,verdict,196000.0,1,12.185875040240456,News,Surgeon removed a portion of the common bile duct during a procedure.
Texas,,2010,Bus Accident,Other,settlement,171863.91,0,12.054464040225195,CourtListener,"Appeals the trial court’s order granting summary judgment in favor of appellee Settlement Funding, LLC d/b/a Peachtree Settlement Funding (hereinafter “Peachtree”) and awarding Peachtree attorney’s fees and costs in the amount of $171."
Washington,,2010,Truck Accident,Knee Injury,settlement,100000.0,0,11.51293546492023,CourtListener,"Truck Accident settlement of $100,000 in Washington."
New York,,2010,Car Accident,Other,verdict,79161.25,1,11.279254822758748,CourtListener,"), entered December 10, 2008, which, upon an order of the same court dated October 29, 2008, granting the plaintiffs motion pursuant to CPLR 4404 (a) to set aside the jury verdict on the issue of liability and to direct judgment in her favor in the amount of damages awarded by the jury, is in fav."
Ohio,,2010,Medical Malpractice,Soft Tissue Injury,verdict,75000.0,1,11.225256725762893,News,Patient was injected with the wrong person's unscreened blood.
New Jersey,,2010,Truck Accident,Other,verdict,55000.0,1,10.915106645867503,CourtListener,"Plaintiff is awarded damages in the sum of $55,000 on a 3:0 vote."
New York,Rockland,2010,Car Accident,Herniated Disc,verdict,50000.0,1,10.819798284210286,News,"Rear-end collision causing a herniated L4-5 disc. A $50,000 pain and suffering verdict under New York's 90/180-day no-fault threshold was upheld on appeal."
Kentucky,,2010,Car Accident,Back Injury,settlement,50000.0,0,10.819798284210286,CourtListener,The jury awarded Holzknecht $25.
Virginia,Waynesboro,2010,Personal Injury,Other,verdict,15044.0,1,9.618800989064146,STATE_COURT,"Virginia District Court Motion for Judgment, (Waynesboro), plaintiff represented by MARKS & HARRISON, judgment for other, total 15,044"
Virginia,Goochland,2010,Personal Injury,Other,verdict,15042.0,1,9.618668045697824,STATE_COURT,"Virginia District Court Motion for Judgment, (Goochland), plaintiff represented by MARKS & HARRISON, judgment for other, total 15,042"
Florida,,2010,Medical Malpractice,Traumatic Brain Injury,verdict,15000.0,1,9.61587214452889,CourtListener,"Appellant, Christopher Corbett [“Cor-bett”], appeals an order granting, in part, Appellees, Elizabeth Wilson and William Wilson’s [“the Wilsons”] motion for new trial after a jury trial in an auto accident case."
Virginia,Petersburg,2010,Personal Injury,Other,verdict,14094.0,1,9.553575403548212,STATE_COURT,"Virginia District Court Motion for Judgment, (Petersburg), plaintiff represented by TRONFELD WEST, judgment for plaintiff, total 14,094"
Virginia,Petersburg,2010,Personal Injury,Other,verdict,13603.0,1,9.518119146127086,STATE_COURT,"Virginia District Court Motion for Judgment, (Petersburg), plaintiff represented by MARKS & HARRISON, judgment for plaintiff, total 13,603"
Virginia,Chesterfield,2010,Personal Injury,Other,verdict,10041.0,1,9.21453157659465,STATE_COURT,"Virginia District Court Motion for Judgment, (Chesterfield), plaintiff represented by MARKS & HARRISON, judgment for plaintiff, total 10,041"
California,,2009,Truck Accident,Wrongful Death,verdict,150750000.0,1,18.83113340020507,News,Family trapped under truck on Freeway after trailer tire blowout; parents and 14-year-old brother died in fire. Largest PI verdict in California history at the time.
Pennsylvania,,2009,Medical Malpractice,Back Injury,settlement,13150000.0,0,16.391932392633674,CourtListener,"When the trial concluded, the jury awarded $."
District of Columbia,,2009,Medical Malpractice,Wrongful Death,verdict,10000000.0,1,16.118095750958314,CourtListener,"Davis seeks $10,000,000 in compensatory damages under Count I, to be assessed jointly and severally against all seven defendants."
New York,,2009,Truck Accident,Traumatic Brain Injury,verdict,3600000.0,1,15.096444681204078,CourtListener,"* A jury rendered a verdict in plaintiffs favor, awarding him $1 million for past pain and suffering and $."
New York,,2009,Bus Accident,Wrongful Death,verdict,1750000.0,1,14.375126917328105,CourtListener,"), entered April 9, 2008, awarding plaintiffs damages, based upon a jury verdict finding defendants-appellants 100% negligent in causing plaintiffs’ decedent’s personal injuries, unanimously affirmed, without costs."
Texas,,2009,Bus Accident,Wrongful Death,settlement,1250000.0,0,14.038654909278163,CourtListener,Bus Accident settlement of $1.3 million in Texas.
New York,,2009,Medical Malpractice,Wrongful Death,verdict,1000000.0,1,13.815511557963774,CourtListener,"Judgment entered March 28, 2007 modified by correcting the judgment to provide that the award in the principal sum of $1,000,000 is in favor of plaintiff Lucia Ferreira, individually, only; as so modified, affirmed without costs."
Illinois,,2009,Car Accident,Knee Injury,verdict,625000.0,1,13.345508528717259,CourtListener,"On June 22, 2009, the jury returned a verdict for Plaintiff Curtis Mason (“Plaintiff’ or “Mason”) in the amount of $625,000 against Defendant."
Kansas,,2009,Medical Malpractice,Wrongful Death,settlement,502100.07,0,13.126556713070118,CourtListener,” The petition sought damages in the amount of $502.
Oklahoma,,2009,Workplace Injury,Other,settlement,500000.0,0,13.122365377402328,CourtListener,"Pri- or to the court hearing on this agreement, the insurer advised OHCA of the settlement and OHCA asserted its intent to enforce its statutory lien against $16."
Texas,,2009,Other,Burns,settlement,250000.0,0,12.429220196836383,CourtListener,"Before the Court are the following motions from the parties: Plaintiff Settlement Capital Corporation, Inc."
Arkansas,,2009,Truck Accident,Other,settlement,250000.0,0,12.429220196836383,CourtListener,"Stamps alleged that she suffered damages beyond the $50,000 she had been paid and demanded that State Farm also pay the policy limits of her policy."
New York,,2009,Car Accident,Wrongful Death,verdict,195000.0,1,12.180759965737863,CourtListener,"Appeal from order, same court and Justice, entered June 4, 2008, which granted the same relief upon condition that defendant’s decedent serve and file a written withdrawal of the disclaimer of coverage by his insurance carrier, unanimo."
Indiana,,2009,Workplace Injury,Other,settlement,165405.43,0,12.016160936269543,CourtListener,"Workplace Injury settlement of $165,405.43 in Indiana."
Texas,,2009,Medical Malpractice,Wrongful Death,verdict,152000.0,1,11.931642378754141,CourtListener,"Medical Malpractice jury verdict of $152,000 in Texas."
Maryland,,2009,Medical Malpractice,Back Injury,verdict,71928.9,1,11.183447312619924,CourtListener,"(hereinafter “FutureCare”), Respondent, sued Beulah Addison, Petitioner, a resident of the nursing home, for $71."
Pennsylvania,,2009,Bus Accident,Back Injury,settlement,32500.3,0,10.38903536751785,CourtListener,"” On August 25, 2004, Rapid Settlements and Ward entered into a “Transfer Agreement” under which he agreed to transfer and assign 192 future monthly payments of $2."
Pennsylvania,,2009,Bus Accident,Back Injury,settlement,32500.0,0,10.389026137075234,CourtListener,"” On August 25, 2004, Rapid Settlements and Ward entered into a “Transfer Agreement” under which he agreed to transfer and assign 192 future monthly payments of $2."
Virginia,Waynesboro,2009,Personal Injury,Other,verdict,15053.0,1,9.619399015594476,STATE_COURT,"Virginia District Court Motion for Judgment, (Waynesboro), plaintiff represented by MARKS & HARRISON, judgment for other, total 15,053"
Virginia,Fairfax,2009,Personal Injury,Other,verdict,14684.0,1,9.59458184363272,STATE_COURT,"Virginia District Court Motion for Judgment, (Fairfax), plaintiff represented by HUSTON & ANGUS, judgment for plaintiff, total 14,683.92"
Hawaii,,2009,Bus Accident,Wrongful Death,verdict,13225.94,1,9.490010937839756,CourtListener,"Defendant-Appellant Fredy Domingo (Domingo) appeals from the Judgment of Conviction and Probation Sentence entered on June 2, 2008 (Judgment) in the Circuit Court of the First Circuit (Circuit Co."
Virginia,Chesterfield,2009,Personal Injury,Other,verdict,13000.0,1,9.472781556562168,STATE_COURT,"Virginia District Court Motion for Judgment, (Chesterfield), plaintiff represented by MARKS & HARRISON PC, judgment for plaintiff, total 13,000"
Virginia,Petersburg,2009,Personal Injury,Other,verdict,10603.0,1,9.268986567408916,STATE_COURT,"Virginia District Court Motion for Judgment, (Petersburg), plaintiff represented by MARKS & HARRISON, judgment for plaintiff, total 10,603"
Virginia,Roanoke City,2009,Personal Injury,Other,verdict,2119.0,1,7.659171367666058,STATE_COURT,"Virginia District Court Motion for Judgment, (Roanoke City), plaintiff represented by GENTRY LOCKE, judgment for plaintiff, total 2,119"
New York,,2008,Other,Back Injury,settlement,422000000.0,0,19.860515874369955,CourtListener,"In addition, they have agreed to pay seventy percent of the cost of treating any of plaintiffs’ non-contaminated wells (“threatened wells”) that become contaminated abov."
New York,,2008,Medical Malpractice,Back Injury,settlement,31575000.0,0,17.267876257871453,CourtListener,"The defendants appeal, as limited by their brief, from so much of a judgment of the Supreme Court, Kings County (Knipel, J."
District of Columbia,,2008,Medical Malpractice,Back Injury,verdict,22000000.0,1,16.906553056777135,CourtListener,Medical Malpractice jury verdict of $22 million in District of Columbia.
New York,,2008,Bus Accident,Traumatic Brain Injury,verdict,20000000.0,1,16.811242881518265,CourtListener,Jury awarded $20 million for traumatic injuries sustained involving the NYC Transit Authority. The court later granted a motion to reduce the verdict.
New York,,2008,Truck Accident,Back Injury,settlement,12500000.0,0,16.341239282272525,CourtListener,Truck Accident settlement of $12.5 million in New York.
Texas,,2008,Premises Liability,Wrongful Death,verdict,10000000.0,1,16.118095750958314,CourtListener,Premises Liability jury verdict of $10 million in Texas.
Mississippi,,2008,Medical Malpractice,Wrongful Death,verdict,2000000.0,1,14.508658238524095,CourtListener,Medical Malpractice jury verdict of $2 million in Mississippi.
New York,,2008,Medical Malpractice,Spinal Cord Injury,settlement,1636000.0,0,14.307765407391587,CourtListener,"The City conceded liability on behalf of its Police Department and defendant John Sanders, the arresting officer, and, after a trial on damages only, the jury awarded plaintiff the sum of $1,636."
New York,,2008,Medical Malpractice,Wrongful Death,verdict,1020733.5,1,13.836033024153476,CourtListener,"In an action, inter alia, to recover damages for medical malpractice and wrongful death, the defendants Village Medical and Adam Semegran appeal from a judgment of the Supreme Court, Westchester County (Bellantoni, J."
New York,,2008,Car Accident,Soft Tissue Injury,verdict,783226.0,1,13.571177843557239,CourtListener,"Jury trial in Jefferson County resulted in a personal injury judgment of $783,225 after a motor vehicle accident."
New York,,2008,Motorcycle Accident,Other,verdict,783225.51,1,13.571177217940203,CourtListener,The judgment awarded plaintiff money damages of $783.
Michigan,,2008,Motorcycle Accident,Other,settlement,650000.0,0,13.384729180332174,News,"Motorcyclist struck by another vehicle, causing injuries."
Louisiana,,2008,Medical Malpractice,Wrongful Death,verdict,500000.0,1,13.122365377402328,CourtListener,"Medical Malpractice jury verdict of $500,000 in Louisiana."
Louisiana,,2008,Medical Malpractice,Back Injury,settlement,329500.0,0,12.70533466782146,CourtListener,"After a trial on damages, the jury awarded Plaintiff a total of $329."
Indiana,,2008,Workplace Injury,Other,settlement,165405.43,0,12.016160936269543,CourtListener,"The parties have agreed that Plaintiffs claims for worker’s compensation disability benefits in coordination with social security benefits are hereby satisfied, and future medical expenses are hereby settled, for the combi."
Indiana,,2008,Workplace Injury,Back Injury,settlement,100000.0,0,11.51293546492023,CourtListener,"Workplace Injury settlement of $100,000 in Indiana."
Nebraska,,2008,Car Accident,Wrongful Death,verdict,100000.0,1,11.51293546492023,CourtListener,"That insurance policy had a bodily injury liability limit of $50,000, which did not cover the amount of Leonard's damages."
Missouri,,2008,Car Accident,Other,verdict,32000.0,1,10.373522431293592,CourtListener,Entered judgment on the jury’s verdict in favor of Plaintiff and awarded damages in the amount of $32.
Virginia,Fairfax,2008,Personal Injury,Other,verdict,13964.0,1,9.544309478379278,STATE_COURT,"Virginia District Court Motion for Judgment, (Fairfax), plaintiff represented by HUSTON & ANGUS, judgment for plaintiff, total 13,964.25"
Virginia,Chesterfield,2008,Personal Injury,Other,verdict,9041.0,1,9.109635667854551,STATE_COURT,"Virginia District Court Motion for Judgment, (Chesterfield), plaintiff represented by MARKS & HARRISON, judgment for plaintiff, total 9,041"
Virginia,Chesterfield,2008,Personal Injury,Other,verdict,7553.0,1,8.929832503272403,STATE_COURT,"Virginia District Court Motion for Judgment, (Chesterfield), plaintiff represented by MARKS & HARRISON, judgment for plaintiff, total 7,553"
Virginia,Fairfax,2008,Personal Injury,Other,verdict,6897.0,1,8.838986793496787,STATE_COURT,"Virginia District Court Motion for Judgment, (Fairfax), plaintiff represented by HUSTON & ANGUS, judgment for plaintiff, total 6,897.42"
Virginia,Fairfax,2008,Personal Injury,Other,verdict,498.0,1,6.212606095751519,STATE_COURT,"Virginia District Court Motion for Judgment, (Fairfax), plaintiff represented by HUSTON & ANGUS, judgment for plaintiff, total 498"
Ohio,,2007,Medical Malpractice,Knee Injury,verdict,30000000.0,1,17.216707972959764,CourtListener,The appeal resulted from a $30 million jury verdict arising out of claimed medical malpractice during the birth of Walter Hollins in.
New York,,2007,Premises Liability,Spinal Cord Injury,verdict,23295000.0,1,16.9637493461607,CourtListener,Premises Liability jury verdict of $23.3 million in New York.
New York,,2007,Bus Accident,Spinal Cord Injury,settlement,10000000.0,0,16.118095750958314,CourtListener,This Court’s affirmance of an order denying plaintiffs motion for partial summary judgment did not preclude the trial court from directing a verdict in plaintiffs favor (see Sorrentino v Ronbet Co.
New York,,2007,Medical Malpractice,Back Injury,settlement,7500000.0,0,15.830413711839864,CourtListener,Medical Malpractice settlement of $7.5 million in New York.
Kentucky,,2007,Car Accident,Knee Injury,settlement,2000000.0,0,14.508658238524095,CourtListener,The jury instructions included that the amount of future medical expenses awarded could not exceed $43.
Georgia,,2007,Medical Malpractice,Wrongful Death,verdict,1000000.0,1,13.815511557963774,CourtListener,"A jury awarded $100,000 for the pain and suffering of Celeste and awarded the full amount of medical expenses incurred for her hospital care on February 3-4."
Nevada,Clark,2007,Pedestrian Accident,Wrongful Death,verdict,1000000.0,1,13.815511557963774,Las Vegas Review-Journal,"A driver lost control of her Ford Explorer and struck a bus stop near Smoke Ranch and Rock Springs roads in Las Vegas in March 2005, killing four people including three teenagers. The November 2007 jury verdict awarded $1 million total, $250,000 per victim, and cleared the City of Las Vegas of liability."
New York,,2007,Medical Malpractice,Back Injury,settlement,900000.0,0,13.710151153416941,CourtListener,"In an action to recover damages for medical malpractice, the defendant Wyckoff Heights Medical Center appeals from a judgment of the Supreme Court, Kings County (Steinhardt, J."
Texas,,2007,Other,Other,verdict,230000.0,1,12.345838935721968,CourtListener,"Other jury verdict of $230,000 in Texas."
Illinois,,2007,Medical Malpractice,Back Injury,verdict,200000.0,1,12.206077645517674,CourtListener,The jury returned a verdict in favor of plaintiff in the amount of $200.
Louisiana,,2007,Medical Malpractice,Wrongful Death,verdict,150000.0,1,11.918397239722838,CourtListener,"After a jury trial, the plaintiff was awarded $150."
Indiana,,2007,Workplace Injury,Back Injury,settlement,100000.0,0,11.51293546492023,CourtListener,"The Guaranty Fund awarded Mayes the $100,000 statutory maximum."
Wisconsin,,2007,Truck Accident,Burns,verdict,74942.0,1,11.22448310357204,CourtListener,"In this civil action for monetary relief, plaintiffs Ken Begalke and Sandra Begalke bring claims under the Wisconsin Lemon Law, Wis."
Louisiana,,2007,Premises Liability,Burns,verdict,35000.0,1,10.463131911491967,CourtListener,The trial court awarded Becker $2.
Texas,,2007,Bus Accident,Back Injury,settlement,32500.0,0,10.389026137075234,CourtListener,"Bus Accident settlement of $32,500 in Texas."
Ohio,,2007,Medical Malpractice,Back Injury,verdict,25000.0,1,10.12667110305036,CourtListener,"The trial court took the matter under advisement, and on October 27, 2006, the court filed its judgment entry ordering $25,000 in damages to Flatt."
District of Columbia,,2007,Medical Malpractice,Back Injury,settlement,21573.0,0,9.979244164935375,CourtListener,"Conley’s injury, it awarded $0 for pain and suffering."
Ohio,,2006,Medical Malpractice,Knee Injury,verdict,30000000.0,1,17.216707972959764,CourtListener,Medical Malpractice jury verdict of $30.0 million in Ohio.
New York,,2006,Premises Liability,Traumatic Brain Injury,verdict,9000000.0,1,16.012735246411598,CourtListener,Plaintiff suffered a devastating traumatic brain injury resulting in multiple cognitive impairments. Jury awarded $9 million for future pain and suffering.
Pennsylvania,,2006,Medical Malpractice,Other,settlement,5000000.0,0,15.424948670398354,CourtListener,"The verdict was subsequently molded to $4,846."
Colorado,,2006,Medical Malpractice,Traumatic Brain Injury,verdict,3900000.0,1,15.176487367510099,News,"Largest Verdict in Fort Collins, for a Woman Paralyzed Due to Misdiagnosis David Woodruff helped his client receive a $3.9 million verdict, the largest ever in Fort Collins, in a case where a woman was paralyzed on her right side due to a misdiagnosis in the Emergency Room in 2006. The woman was treated for a migraine and discharged from the ER when in fact she had a bleed on her brai."
Louisiana,,2006,Bus Accident,Wrongful Death,verdict,1568871.24,1,14.265867600738828,CourtListener,Should the judgment be amended to reflect survival damages in the amount of $34.
Pennsylvania,,2006,Premises Liability,Back Injury,settlement,1000000.0,0,13.815511557963774,CourtListener,"The jury found in Pozzi's favor and awarded Pozzi $500,000 in punitive damages on the bad faith claim."
Louisiana,,2006,Medical Malpractice,Wrongful Death,settlement,432000.0,0,12.976183182038383,CourtListener,The jury awarded a total of $50.
Texas,,2006,Workplace Injury,Other,settlement,395954.7,0,12.88905761529198,CourtListener,"Based on an Affidavit of General Counsel for Settlement Funding, as of February 15, 2006, Settlement Funding is due $395."
New York,,2006,Medical Malpractice,Other,verdict,300000.0,1,12.611541086966115,CourtListener,The jury verdict as to damages for future pain and suffering was contrary to a fair interpretation of the evidence and was reduced on appeal.
Louisiana,,2006,Medical Malpractice,Back Injury,verdict,250000.0,1,12.429220196836383,CourtListener,"Medical Malpractice jury verdict of $250,000 in Louisiana."
California,,2006,Premises Liability,Wrongful Death,verdict,200000.0,1,12.206077645517674,CourtListener,"The limitation of liability clause provides, in relevant part, as follows: In respect of coverages A [bodily injury] and B [property damage], the liability of the Company for all damages, including damages for care and loss of services, arising out of bodily injury t."
New York,,2005,Car Accident,Spinal Cord Injury,verdict,24552000.0,1,17.016303916011587,CourtListener,Car Accident jury verdict of $24.6 million in New York.
Pennsylvania,,2005,Truck Accident,Broken Bones,verdict,10000000.0,1,16.118095750958314,CourtListener,Truck Accident jury verdict of $10.0 million in Pennsylvania.
Montana,,2005,Truck Accident,Wrongful Death,verdict,6655200.0,1,15.710909212210248,CourtListener,"> CALLAHAN, Circuit Judge: This is an appeal from a jury verdict awarding the plaintiff in a wrongful-death and survivorship action $6,655,200 in compensatory and punitive damages."
Missouri,,2005,Truck Accident,Wrongful Death,settlement,5775000.0,0,15.56904898753229,CourtListener,Truck Accident settlement of $5.8 million in Missouri.
Ohio,,2005,Medical Malpractice,Wrongful Death,verdict,5000000.0,1,15.424948670398354,CourtListener,"Following a trial, the jury found in favor of Plaintiff and awarded $35."
New York,,2005,Workplace Injury,Spinal Cord Injury,settlement,2900000.0,0,14.88022163978423,CourtListener,"), entered on or about April 8, 2004, which, after a jury verdict in plaintiffs’ favor, denied that portion of defendant Regional’s posttrial motion to set aside the verdict on liability and granted that portion seeking to set aside the damage awards as excessive only to the extent of ordering a."
Maryland,,2005,Other,Other,verdict,2350000.0,1,14.669926311652166,CourtListener,"The appellees claimed that additional post- judgment interest on the judgment had become due during the litigation and, what’s more, has remained unpaid."
Indiana,,2005,Truck Accident,Wrongful Death,settlement,2250000.0,0,14.626441218624949,CourtListener,Truck Accident settlement of $2.3 million in Indiana.
New York,,2005,Medical Malpractice,Other,settlement,1500000.0,0,14.220976332738882,CourtListener,"In response to question IV, the jury awarded Chanel $."
New York,,2005,Medical Malpractice,Other,settlement,1000000.0,0,13.815511557963774,CourtListener,Medical Malpractice settlement of $1 million in New York.
Texas,,2005,Other,Back Injury,verdict,825000.0,1,13.623139877437296,CourtListener,The claims of every Plaintiff in each of the 90 cases listed in “Appendix A” (attached hereto) will be REMANDED for lack of subject-matter jurisdiction.
New York,,2005,Car Accident,Soft Tissue Injury,verdict,450000.0,1,13.017005083966255,CourtListener,"Car Accident jury verdict of $450,000 in New York."
New York,,2005,Truck Accident,Shoulder Injury,verdict,300000.0,1,12.611541086966115,CourtListener,"The jury apportioned liability 45% to defendant and 55% to plaintiff and judgment for plaintiffs in the amount of $300,000 was entered."
Louisiana,,2005,Truck Accident,Wrongful Death,verdict,250000.0,1,12.429220196836383,CourtListener,The jury rendered a verdict awarding the sum of $75.
New York,,2005,Truck Accident,Other,verdict,180600.0,1,12.104045457048253,CourtListener,"Truck Accident jury verdict of $180,600 in New York."
Massachusetts,,2005,Medical Malpractice,Soft Tissue Injury,settlement,100000.0,0,11.51293546492023,CourtListener,"In addition to those damages, Brittany and her family have had a direct financial loss of $."
Florida,,2005,Car Accident,Soft Tissue Injury,verdict,70000.0,1,11.156264806643742,CourtListener,"Jury awarded $70,000 in a rental car accident case. The verdict was reduced by 50% for comparative negligence."
Louisiana,,2005,Medical Malpractice,Back Injury,verdict,12500.0,1,9.433563920090563,CourtListener,"Medical Malpractice jury verdict of $12,500 in Louisiana."
New York,,2004,Car Accident,Spinal Cord Injury,settlement,23368209.0,0,16.966887109657744,CourtListener,"The judgment awarded plaintiff money damages upon a jury verdict in the amount of $23,218."
Tennessee,,2004,Medical Malpractice,Wrongful Death,settlement,22500000.0,0,16.929025911619092,CourtListener,Medical Malpractice settlement of $22.5 million in Tennessee.
California,,2004,Truck Accident,Other,settlement,12500000.0,0,16.341239282272525,News,Los Angeles/San Bernardino Gary A. Dordick and his colleagues $12.5 million settlement representing numerous family members in a single-vehicle crash that occurred on Interstate15. The driver of the motor home drifted off the roadway and struck a concrete culvert causing extensive damage to the vehicle.
Arizona,,2004,Bus Accident,Wrongful Death,verdict,9539838.0,1,16.07098716697179,CourtListener,"” ¶6 After a seven-day trial, the jury awarded $9,539,838 in compensatory damages to the Naranjos."
Michigan,,2004,Workplace Injury,Other,settlement,5500000.0,0,15.520258832020865,News,Construction worker suffered catastrophic injuries on the job.
New York,,2004,Truck Accident,Spinal Cord Injury,verdict,4945793.0,1,15.414048076378085,CourtListener,Truck Accident jury verdict of $4.9 million in New York.
Mississippi,,2004,Truck Accident,Wrongful Death,verdict,1413304.0,1,14.161441491169272,CourtListener,"The jury assessed damages of $270,000, but found the defendants only thirty percent liable."
Michigan,,2004,Bus Accident,Wrongful Death,settlement,1000000.0,0,13.815511557963774,News,Pedestrian struck and killed by a bus.
New York,,2004,Car Accident,Broken Bones,verdict,979000.0,1,13.794287942962585,CourtListener,"Car Accident jury verdict of $979,000 in New York."
New York,,2004,Motorcycle Accident,Shoulder Injury,verdict,879968.46,1,13.687642481306717,CourtListener,"Following a trial, plaintiff was awarded $879."
Mississippi,,2004,Truck Accident,Wrongful Death,settlement,670000.0,0,13.415034483903348,CourtListener,"Alfa Insurance Corporation appeals from a final judgment of the Circuit Court of Forrest County for the plaintiff, Kenneth Wayne Ryals, as administrator on behalf of the wrongful death beneficiaries of Kenneth Ryals and Georgia Ryals, and an award of $210,000 for each of the deaths."
California,,2004,Bus Accident,Wrongful Death,verdict,600000.0,1,13.304686600863562,CourtListener,The verdict awarded the Morohoshis economic damages of $5.
Mississippi,,2004,Car Accident,Wrongful Death,verdict,210000.0,1,12.25486757159303,CourtListener,"Wrongful death verdict of $210,000 awarded to the administrator on behalf of the beneficiaries in a motor vehicle negligence case in Forrest County."
Florida,,2004,Workplace Injury,Other,verdict,75000.0,1,11.225256725762893,CourtListener,"Workplace Injury jury verdict of $75,000 in Florida."
Massachusetts,,2003,Bus Accident,Wrongful Death,settlement,2100000.0,0,14.557448378884015,CourtListener,Introduction These consolidated cases were brought in response to a default judgment for $.
Massachusetts,,2003,Medical Malpractice,Back Injury,settlement,2000000.0,0,14.508658238524095,CourtListener,"Prior to trial, the plaintiffs’ settlement demand was $2 million."
Ohio,,2003,Medical Malpractice,Wrongful Death,verdict,1000000.0,1,13.815511557963774,CourtListener,"§ 1983 , naming as defendants, among others, the Corrections Corporation of America (CCA), Kevin Myers, the warden of CCA’s South Central Facility, and Dr."
New York,,2003,Premises Liability,Back Injury,settlement,450000.0,0,13.017005083966255,CourtListener,"In an action to recover damages for personal injuries, etc."
New York,,2003,Bus Accident,Back Injury,settlement,225000.0,0,12.323860125621126,CourtListener,"Pursuant to the terms of a settlement agreement and annuity, Ballos became entitled to receive monthly lifetime payments and a series of deferred lump-sum payments pursuant to the following payment schedul."
Rhode Island,,2003,Medical Malpractice,Wrongful Death,verdict,50001.0,1,10.819818283610305,CourtListener,"Although the jury awarded him no compensatory damages, it found defendants hable for $50,001 in punitive damages on Jalowy’s claim for intentional infliction of emotional distress."
Florida,,2003,Medical Malpractice,Wrongful Death,verdict,32650.5,1,10.39364607545633,CourtListener,Count I went to trial and a verdict was entered in favor of the Personal Representative in the amount of $32.
Alabama,,2002,Truck Accident,Back Injury,verdict,2000000.0,1,14.508658238524095,CourtListener,Truck Accident jury verdict of $2 million in Alabama.
Louisiana,,2002,Medical Malpractice,Knee Injury,verdict,451230.24,1,13.019735214357828,CourtListener,"Medical Malpractice jury verdict of $451,230.24 in Louisiana."
Texas,,2002,Truck Accident,Wrongful Death,verdict,110912.0,1,11.616501389191585,CourtListener,"Truck Accident jury verdict of $110,912 in Texas."
Louisiana,,2002,Medical Malpractice,Knee Injury,verdict,76930.0,1,11.2506641951986,CourtListener,"In an automobile/pedestrian accident case, the Defendants, Jaime Oscar Baron (Baron) and National Car Rental System, Inc."
Louisiana,,2002,Medical Malpractice,Wrongful Death,verdict,75000.0,1,11.225256725762893,CourtListener,"After a trial on the merits, the trial court awarded Virginia $11."
Louisiana,,2002,Truck Accident,Back Injury,verdict,32000.0,1,10.373522431293592,CourtListener,"This appeal arises from a judgment of the trial court awarding Plaintiff, Johnny Jones, damages in the amounts of $1,474 as compensation for."
Mississippi,,2001,Truck Accident,Back Injury,verdict,1693831.12,1,14.342504046567672,CourtListener,"On August 5, 1992, a jury awarded Thomas $1,693."
Washington,,2001,Truck Accident,Other,settlement,1000000.0,0,13.815511557963774,CourtListener,"In August 1991, Woodley wrote to Hartford notifying it of a settlement between the Ellweins and Allstate for Gleason’s policy limits of $100,000, and made an Underinsured Motorist (UIM) policy limit demand."
New York,,2001,Car Accident,Soft Tissue Injury,verdict,1000000.0,1,13.815511557963774,CourtListener,"Jury awarded $1,000,000 for past pain and suffering in a personal injury case involving a Federal Express vehicle. No future damages were awarded."
New York,,2001,Car Accident,Back Injury,settlement,225000.0,0,12.323860125621126,CourtListener,A default judgment was entered against the defendant in the principal sum of $225.
Hawaii,,2001,Bus Accident,Back Injury,verdict,200000.0,1,12.206077645517674,CourtListener,"The jury returned a verdict for Plaintiff, finding that she was entitled to $200,000 in damages and that Defendant was responsible for 60 percent of Plaintiffs damages."
Oklahoma,,2001,Workplace Injury,Other,settlement,181000.0,0,12.10625783509458,CourtListener,"THAT once benefits commence, [the Fund] is ordered to pay compensation to claimant at the rate of $."
Louisiana,,2001,Truck Accident,Back Injury,verdict,170000.0,1,12.04355959836804,CourtListener,"> RULING ON PLAINTIFFS’ MOTION FOR PRELIMINARY INJUNCTION BRADY, District Judge."
Mississippi,,2001,Medical Malpractice,Back Injury,verdict,100000.0,1,11.51293546492023,CourtListener,"-5- In addition to policy benefits, the jury awarded $100,000 in damages for mental anguish and emotional distress to Hollis for Provident’s bad faith denial of disability benefits."
Kansas,,2001,Truck Accident,Knee Injury,settlement,100000.0,0,11.51293546492023,CourtListener,"Truck Accident settlement of $100,000 in Kansas."
New Jersey,,2001,Medical Malpractice,Back Injury,verdict,10000.0,1,9.210440366976517,CourtListener,"We conclude that because a mistrial should have been declared, plaintiffs are entitled to a new trial."
California,,2000,Truck Accident,Back Injury,settlement,16811200.0,0,16.6375559484008,CourtListener,Truck Accident settlement of $16.8 million in California.
New York,,2000,Medical Malpractice,Back Injury,settlement,13000000.0,0,16.380459992348886,CourtListener,Medical Malpractice settlement of $13 million in New York.
California,,2000,Bus Accident,Other,settlement,5500000.0,0,15.520258832020865,News,"Los Angeles, California Video player MTA Bus Investigation; KCBS Gary A. Dordick $5.5 Million settlement for plaintiffs Meiqun Zhu-Wong, a 41-year-old factory worker, her husband David Wong, and their baby daughter Lili Wong, against the Los Angeles County Metropolitan Transportation Authority (LACMTA). At the time of the."
Missouri,,2000,Medical Malpractice,Spinal Cord Injury,settlement,5212455.0,0,15.466561703806564,CourtListener,Carr reached a settlement with the Plaintiffs for $950.
Illinois,,2000,Workplace Injury,Other,verdict,1700000.0,1,14.346139397261565,CourtListener,"§§ 12111-17 , a jury disagreed with Schepel’s assessment and awarded Pals $1,050,000 in damages."
Mississippi,,2000,Truck Accident,Wrongful Death,verdict,1057580.0,1,13.871494782713947,CourtListener,"After a jury trial in the Circuit Court of Hinds County, Mississippi, the jury returned a verdict in favor of O’Neal, awarding her $5."
Florida,,2000,Car Accident,Other,verdict,613074.12,1,13.326242752271678,CourtListener,"After a nine-day jury trial, the jury returned a verdict in favor of the Castellanos for compensatory damages ($613."
Louisiana,,2000,Medical Malpractice,Other,settlement,165000.0,0,12.013706813470414,CourtListener,The PCF filed a motion to amend judgment or in the alternative for new trial for reargument only on the issue of whether the PCF was entitled to $100.
Florida,,2000,Car Accident,Back Injury,verdict,46000.0,1,10.736418414365376,CourtListener,"$46,000 The jury should have entered the total amount of damages incurred for the twenty year period on the line marked “(a)” and reduced it to a lower amount on line “(c)” to reflect the present value of the amount on line (a)."
Illinois,,2000,Truck Accident,Back Injury,settlement,38213.0,0,10.55095721959942,CourtListener,"Nadler then moved for costs under Rule 68, reasoning that since Tidemann had turned down an offer of $5,000 in 1994 and had ended up with a less favorable result after trial, it was entitled to the costs incurred in obtaining judgment."
Pennsylvania,,1999,Medical Malpractice,Traumatic Brain Injury,settlement,6000000.0,0,15.607270193858982,CourtListener,"Furthermore, she advised that the jury verdict could range from one million, two hundred and fifty thousand dollars ($1,250."
Florida,,1999,Car Accident,Other,verdict,613074.12,1,13.326242752271678,CourtListener,"After a nine-day jury trial, the jury returned a verdict in favor of the Castellanos for compensatory damages ($613."
New York,,1999,Car Accident,Soft Tissue Injury,verdict,375000.0,1,12.834683971615659,CourtListener,"Car Accident jury verdict of $375,000 in New York."
Oklahoma,,1999,Medical Malpractice,Back Injury,verdict,50000.0,1,10.819798284210286,CourtListener,"Patel (""Patel"" or ""plaintiff""), an anesthesiologist, entered into a contract in June 1992 with OMH Medical Center, Inc."
New Jersey,,1998,Medical Malpractice,Back Injury,settlement,2500000.0,0,14.731801689838349,CourtListener,"However, in accordance with the settlement agreement, plaintiffs recovered $500,000 from Dr."
California,,1998,Medical Malpractice,Traumatic Brain Injury,verdict,2300000.0,1,14.648420115681892,CourtListener,Medical Malpractice jury verdict of $2.3 million in California.
Massachusetts,,1998,Medical Malpractice,Traumatic Brain Injury,settlement,2000000.0,0,14.508658238524095,CourtListener,"Upon receiving notice through a newspaper story of the judgment Elizabeth had obtained, the division filed a lien of $334."
California,,1998,Premises Liability,Back Injury,settlement,1491000.0,0,14.214958264437461,CourtListener,The issue in this case is whether an express provision for attorney fees in the contract between the general contractor and the subcontractor (the injured worker’s employer) applies to permit recovery of fees in the action between the insurance carrier and the general contractor.
New York,,1998,Truck Accident,Traumatic Brain Injury,settlement,1100000.0,0,13.910821646859095,CourtListener,"On the damages phase of the trial, the jury returned a verdict of $."
Louisiana,,1998,Medical Malpractice,Back Injury,verdict,1000000.0,1,13.815511557963774,CourtListener,"Barnes, Houma, for Plaintiffs-Appellees Deborah Batson, et al."
Connecticut,,1998,Car Accident,Other,settlement,200000.0,0,12.206077645517674,CourtListener,"Appeals from the judgment of the trial court rendered in favor of the plaintiff, General Accident Insurance Company of America (General Accident), in the amount of $105."
New York,,1998,Car Accident,Soft Tissue Injury,verdict,100060.0,1,11.513535278995855,CourtListener,The jury awarded plaintiff damages in the amount of $100.
Louisiana,,1998,Medical Malpractice,Burns,settlement,100000.0,0,11.51293546492023,CourtListener,"However, prior to trial, they settled with BMC, its insurer, and its employees for significantly less than $100,000, reserving all rights against the Louisiana Patients Compensation Fund (""PCF""), the hospital remaining as the nominal defendant."
Ohio,,1998,Truck Accident,Back Injury,verdict,63000.0,1,11.050905878263567,CourtListener,"Defendant-appellant LaPine Truck Sales & Equipment Company (“LaPine”) appeals from a summary judgment, jury verdict and treble damage judgment of $30,000 plus attorney fees and costs in favor of plaintiff-appellee Stephen Zemcik, d."
Kansas,,1998,Medical Malpractice,Shoulder Injury,verdict,39076.0,1,10.573289337601082,CourtListener,"Medical Malpractice jury verdict of $39,076 in Kansas."
Florida,,1998,Medical Malpractice,Spinal Cord Injury,verdict,26981.0,1,10.202925255998762,CourtListener,"Medical Malpractice jury verdict of $26,981 in Florida."
Massachusetts,,1998,Bus Accident,Back Injury,verdict,26941.72,1,10.201468409975368,CourtListener,"Bus Accident jury verdict of $26,941.72 in Massachusetts."
Louisiana,,1998,Bus Accident,Back Injury,settlement,25000.0,0,10.12667110305036,CourtListener,"On May 16, 1996, Howard executed a settlement and release with defendants Hood and State Farm for $25,000, which represented Hood’s policy limit."
Massachusetts,,1998,Workplace Injury,Back Injury,settlement,12000.0,0,9.392745258631441,CourtListener,"At trial, a jury found the City of Fall River (the City) and two municipal officials liable under section 1983 for the passage of a facially neutral ordinance that abolished the plaintiffs job."
Nevada,,1998,Premises Liability,Other,verdict,10000.0,1,9.210440366976517,CourtListener,"Following a jury verdict on the remaining causes of action, a judgment was entered awarding the Maduikes $10."
New York,,1997,Truck Accident,Back Injury,settlement,25000000.0,0,17.034386422832473,CourtListener,"In the Tobar action, the plaintiffs therein were awarded over $20 million in damages as a result of a vehicle accident between the Tobars’ car and a truck owned by American President Lines (“APL”)."
Texas,,1997,Truck Accident,Wrongful Death,verdict,15000000.0,1,16.52356082573315,CourtListener,Truck Accident jury verdict of $15.0 million in Texas.
California,,1997,Truck Accident,Spinal Cord Injury,settlement,12000000.0,0,16.300417291085605,CourtListener,"The Be case went to trial against the other defendants, and the jury awarded Be just over $12 million."
Massachusetts,,1997,Medical Malpractice,Burns,settlement,3000000.0,0,14.914123179965662,CourtListener,Medical Malpractice settlement of $3 million in Massachusetts.
Florida,,1997,Truck Accident,Wrongful Death,settlement,1195697.48,0,13.994241074684984,CourtListener,"Defendants, Penske Truck Leasing Co."
Florida,,1997,Car Accident,Broken Bones,verdict,1000000.0,1,13.815511557963774,CourtListener,Car Accident jury verdict of $1 million in Florida.
Massachusetts,,1997,Bus Accident,Spinal Cord Injury,settlement,500000.0,0,13.122365377402328,CourtListener,"In Count I, Catholic Relief seeks a declaratory judgment that the LLJUA was obligated to contribute to the settlement of the tort action brought by Brenda Tighe against the Diocese, and is obligated to reimburse Catholic Relief in the amount of $500."
New Jersey,,1997,Medical Malpractice,Knee Injury,verdict,500000.0,1,13.122365377402328,CourtListener,"The jury apportioned the negligence equally between defendants Del Rosario, Doyle Archer, and DeJonghe Bruno and awarded $500,000 in compensatory damages."
Florida,,1997,Pedestrian Accident,Broken Bones,verdict,300000.0,1,12.611541086966115,CourtListener,The jury returned a verdict in favor of appellee and awarded her $300.
California,,1997,Truck Accident,Other,verdict,232582.0,1,12.35700242955136,CourtListener,"Truck Accident jury verdict of $232,582 in California."
Virginia,,1997,Bus Accident,Other,settlement,87000.0,0,11.373674891823535,CourtListener,The order of summary judgment awarded Provident its subrogation claim against Mr.
Minnesota,,1997,Medical Malpractice,Back Injury,settlement,20000.0,0,9.90353755128617,CourtListener,"This matter is before the Court upon the Motion for Summary Judgment of Defendants Eagle Nursing Home, Inc."
Massachusetts,,1996,Medical Malpractice,Wrongful Death,settlement,2000000.0,0,14.508658238524095,CourtListener,Medical Malpractice settlement of $2 million in Massachusetts.
New York,,1996,Medical Malpractice,Other,settlement,1000000.0,0,13.815511557963774,CourtListener,"The trial court found the award inadequate, however, and ordered that if plaintiff would not stipulate to an additur of $90,000, a new trial would be had on the issue of damages."
New Jersey,,1996,Premises Liability,Other,settlement,1000000.0,0,13.815511557963774,CourtListener,"The critical issue posed by this appeal is whether plaintiffs damages verdict against a third-party tortfeasor, awarded after a jury trial, collaterally estops General Accident Insurance Company (General Accident) from enforcing the arbitration clause included in the un."
Missouri,,1996,Truck Accident,Broken Bones,settlement,750000.0,0,13.527829818844937,CourtListener,The jury awarded plaintiff $750.
Maryland,,1996,Truck Accident,Other,verdict,500000.0,1,13.122365377402328,CourtListener,"Truck Accident jury verdict of $500,000 in Maryland."
Louisiana,,1996,Truck Accident,Burns,verdict,225000.0,1,12.323860125621126,CourtListener,"Hollie and his now former wife, Vickie Hollie, filed a personal injury suit against the Beauregard Parish Police Jury to recover damages resulting from injuries Mr."
Mississippi,,1996,Bus Accident,Burns,settlement,157913.66,0,11.969810039505917,CourtListener,The special chancellor awarded Moeller $64.
Louisiana,,1996,Medical Malpractice,Whiplash,verdict,85000.0,1,11.350418300109132,CourtListener,"After a two day jury trial, the jury returned a verdict finding Acme 60% at fault, plaintiff 40% at fault, and awarding damages of $85."
Louisiana,,1996,Truck Accident,Burns,verdict,35000.0,1,10.463131911491967,CourtListener,"Truck Accident jury verdict of $35,000 in Louisiana."
New York,,1996,Medical Malpractice,Back Injury,verdict,30000.0,1,10.308985993422082,CourtListener,"The jury also awarded her damages, including $1000 in damages for past and future pain and suffering."
Washington,,1995,Truck Accident,Burns,settlement,6400000.0,0,15.671808704579888,CourtListener,Truck Accident settlement of $6.4 million in Washington.
Massachusetts,,1995,Medical Malpractice,Wrongful Death,settlement,3000000.0,0,14.914123179965662,CourtListener,Medical Malpractice settlement of $3 million in Massachusetts.
Oklahoma,,1995,Car Accident,Wrongful Death,verdict,800000.0,1,13.592368256649284,CourtListener,"The second reason for my dissent is that I find the damages awarded to the mother of $4,200, reduced by her comparative negligence to an amount barely sufficient to pay the costs of a cheap funeral, statutorily inadequate under the wrongful death statute, O."
Louisiana,,1995,Car Accident,Wrongful Death,settlement,728238.0,0,13.498384570004548,CourtListener,"Car Accident settlement of $728,238 in Louisiana."
Missouri,,1995,Car Accident,Other,settlement,500000.0,0,13.122365377402328,CourtListener,"Car Accident settlement of $500,000 in Missouri."
Connecticut,,1995,Car Accident,Back Injury,settlement,200000.0,0,12.206077645517674,CourtListener,"The plaintiff claimed damages of $105,530, the amount by which the plaintiffs payment to Sliwka exceeded the intended coverage under the policy."
Louisiana,,1995,Medical Malpractice,Back Injury,verdict,95000.0,1,11.461642696843066,CourtListener,The jury awarded general damages in the amount of $95.
Massachusetts,,1995,Bus Accident,Burns,settlement,90000.0,0,11.407576060361786,CourtListener,The O’Brien action was tried to a jury resulting in a verdict for O’Brien against Lamplighter in the amount of $80.
Arkansas,,1995,Truck Accident,Broken Bones,verdict,73000.0,1,11.19822841866684,CourtListener,Quality Truck Equipment Company has appealed from a judgment in the amount of $54.
Louisiana,,1995,Truck Accident,Shoulder Injury,settlement,60000.0,0,11.002116507732017,CourtListener,"Truck Accident settlement of $60,000 in Louisiana."
Louisiana,,1995,Workplace Injury,Wrongful Death,settlement,31587.53,0,10.360549359000204,CourtListener,"This appeal involves the claims of the father of one victim, 15-year-old Michael Hill, against the police jury."
New York,,1994,Other,Back Injury,settlement,279000000.0,0,19.44672234336987,CourtListener,"The total amount of the underlying judgments is $63,010."
Ohio,,1994,Bus Accident,Back Injury,settlement,7500000.0,0,15.830413711839864,CourtListener,"PSIC had insured Parma in a lawsuit in Cuyahoga County, Ohio, which lawsuit has resulted in a jury verdict of over $1 million against the city."
Ohio,,1994,Medical Malpractice,Wrongful Death,verdict,3045688.72,1,14.929237942508037,CourtListener,"Both parties appeal following a jury verdict in the Court of Common Pleas of Stark County in favor of Betz in the total amount of $3,045."
Iowa,,1994,Bus Accident,Other,verdict,650000.0,1,13.384729180332174,CourtListener,The jury found that Used Car had consented to Bayles’ use at the time of the accident and awarded Drinkall $650.
Colorado,,1994,Bus Accident,Other,verdict,400000.0,1,12.899222326086994,CourtListener,(Thrifty) dismissing appellants’ counterclaims and affirmative defenses and a judgment in favor of Thrifty in accordance with a jury verdict.
Texas,,1994,Medical Malpractice,Back Injury,verdict,366396.0,1,12.811472723975667,CourtListener,"After a bench trial, the trial court awarded Tindle $366."
New Hampshire,,1994,Truck Accident,Burns,settlement,250000.0,0,12.429220196836383,CourtListener,") requiring it to pay more than $48,000 in prejudgment interest to its insureds, Joyce K."
Vermont,,1994,Medical Malpractice,Back Injury,verdict,230000.0,1,12.345838935721968,CourtListener,"Medical Malpractice jury verdict of $230,000 in Vermont."
Wisconsin,,1994,Workplace Injury,Back Injury,settlement,100000.0,0,11.51293546492023,CourtListener,"The trial court agreed; it granted the motion to reopen and, ruling that the coverage provided for the two automobiles listed on the policy could be stacked, awarded Konicki an additional $100,000, together with prejudgment interest."
Louisiana,,1994,Car Accident,Soft Tissue Injury,verdict,60000.0,1,11.002116507732017,CourtListener,"Pickup truck struck potholes on a parish road, went out of control, and flipped over. Trial court found the parish 75% at fault for the road condition and the driver 25% at fault."
Georgia,,1994,Truck Accident,Back Injury,verdict,17466.0,1,9.768068665428393,CourtListener,"The case was tried without a jury, and the trial judge entered a judgment in favor of Budget for $10."
Kentucky,,1993,Medical Malpractice,Knee Injury,settlement,5000000.0,0,15.424948670398354,CourtListener,"In a post-judgment proceeding, the court also awarded an attorney fee of $68."
Colorado,,1993,Car Accident,Other,verdict,1460000.0,1,14.19394767861579,CourtListener,"The jury also found that Budget committed the tort of bad faith breach of insurance contract, and that as a result the plaintiffs suffered damages in the total amount of $1,460."
New York,,1993,Car Accident,Soft Tissue Injury,verdict,800000.0,1,13.592368256649284,CourtListener,"Jury awarded $800,000 in a personal injury case arising out of a collision between the plaintiff's vehicle and a rental car in New York County."
Missouri,,1993,Truck Accident,Back Injury,settlement,775000.0,0,13.560619598657233,CourtListener,"We affirm the judgment of the trial court, entered in accordance with a jury verdict for $775,000 in favor of plaintiff, Mansel Carter."
Alabama,,1993,Medical Malpractice,Wrongful Death,settlement,600000.0,0,13.304686600863562,CourtListener,"The defendant, Baptist Medical Center Montclair (the ""Hospital""), appeals from a $600,000 judgment based on a jury verdict against it, and from a denial of a motion for a judgment notwithstanding the verdict, or, in the alternative, for a new trial or remittitur, in a medical malpracti."
Louisiana,,1993,Medical Malpractice,Wrongful Death,settlement,600000.0,0,13.304686600863562,CourtListener,"Serrano, who performed the delivery, tendered $100,000 in settlement."
Georgia,,1993,Truck Accident,Wrongful Death,verdict,100000.0,1,11.51293546492023,CourtListener,"Upon retrial, a jury awarded plaintiff $100."
New York,,1993,Medical Malpractice,Back Injury,verdict,75000.0,1,11.225256725762893,CourtListener,"Medical Malpractice jury verdict of $75,000 in New York."
Illinois,,1993,Medical Malpractice,Back Injury,verdict,25000.0,1,10.12667110305036,CourtListener,Defendant appeals from a jury verdict and judgment entered in favor of plaintiff in the amount of $25.
Florida,,1993,Car Accident,Other,verdict,20000.0,1,9.90353755128617,CourtListener,"Thus, the trial court twice reduced the damages to an ultimate award of only $."
North Carolina,,1992,Truck Accident,Wrongful Death,settlement,4200000.0,0,15.250595321348806,CourtListener,Truck Accident settlement of $4.2 million in North Carolina.
Maryland,,1992,Medical Malpractice,Other,settlement,2500000.0,0,14.731801689838349,CourtListener,"Beverly’s claim, for less than the unpaid part of the verdict (plus interest and costs), she would pay Beverly $50,000 in satisfaction of his retained claim; and if she settled for more than the unpaid part of the verdict (plus interest and costs), Bever."
Louisiana,,1992,Truck Accident,Shoulder Injury,settlement,1005269.5,0,13.820767217488667,CourtListener,"One suit was filed against William Fisher, who was alleged to be vicariously liable for the negligent acts of his daughter, Angela Fisher, a minor at the time of the accident; Angela Fisher; and the insurer of the Fisher vehicle, Motors Insurance Corporation (MIC)."
South Carolina,,1992,Premises Liability,Burns,verdict,805000.0,1,13.598598798635953,CourtListener,"The jury returned a general verdict of $805,000 against Club Car and Lester Electrical."
Louisiana,,1992,Medical Malpractice,Knee Injury,verdict,733000.0,1,13.504902345124338,CourtListener,"Medical Malpractice jury verdict of $733,000 in Louisiana."
Florida,,1992,Medical Malpractice,Back Injury,verdict,241500.0,1,12.394628892852941,CourtListener,"Medical Malpractice jury verdict of $241,500 in Florida."
Mississippi,,1992,Bus Accident,Burns,settlement,157913.66,0,11.969810039505917,CourtListener,The special chancellor awarded Moeller $64.
Virginia,,1992,Truck Accident,Other,verdict,13679.85,1,9.523752323749196,CourtListener,"At trial of the personal injury claims, the jury determined that the appellant was forty percent negligent in causing the accident and rendered a verdict in the amount of $11."
Illinois,,1991,Medical Malpractice,Spinal Cord Injury,verdict,15261000.0,1,16.540811177999515,CourtListener,"In actions for negligence against Ryder and A&H, a directed verdict was entered against A&H, and a jury awarded damages of $15,261."
Rhode Island,,1991,Bus Accident,Other,verdict,1000000.0,1,13.815511557963774,CourtListener,She later filed a lawsuit claiming $1 million in damages against Allendale Leasing and defendants.
Florida,,1991,Truck Accident,Back Injury,verdict,800000.0,1,13.592368256649284,CourtListener,"After a five day trial, the jury found appellants seventy-five percent negligent and awarded appellee $112."
North Carolina,,1991,Truck Accident,Wrongful Death,verdict,326485.14,1,12.696142776567877,CourtListener,"Brown, the personal representative of his estate, brought suit against Terri Tripp and obtained a jury verdict in the amount of $326."
Tennessee,,1991,Truck Accident,Back Injury,verdict,255000.0,1,12.449022745701502,CourtListener,The jury returned a verdict in the amount of $255.
South Carolina,,1991,Medical Malpractice,Back Injury,verdict,80000.0,1,11.289794413577894,CourtListener,"Medical Malpractice jury verdict of $80,000 in South Carolina."
New York,,1990,Medical Malpractice,Traumatic Brain Injury,settlement,2000000.0,0,14.508658238524095,CourtListener,"Total damages for pain and suffering were reduced from ,500,000 to ,500,000 on appeal."
Illinois,,1990,Workplace Injury,Wrongful Death,settlement,800000.0,0,13.592368256649284,CourtListener,"On April 18, 1988, plaintiff and Chevron submitted to the court a proposed settlement agreement which stated in part: “a) Defendant Chevron Chemical Company shall pay to plaintiff, Mathias Brown, the sum of $800."
Michigan,,1990,Truck Accident,Back Injury,verdict,500000.0,1,13.122365377402328,CourtListener,"After a jury returned a verdict awarding plaintiffs $500,000 in damages, the trial court granted judgment notwithstanding the verdict in favor of defendant and third-party plaintiff Fontaine Truck Equipment Company."
Massachusetts,,1989,Bus Accident,Burns,settlement,13355200.0,0,16.407416454955808,CourtListener,The Commitment Letter executed by Saint Louis Federal and Commonwealth contained several representations which served as the basis for Saint Louis Federal's breach of warranty claims at trial.
Michigan,,1989,Car Accident,Knee Injury,verdict,390739.0,1,12.875797656145627,CourtListener,The trial court thereafter conducted a hearing on the issue of damages and determined that plaintiff was entitled to benefits totalling $390.
Alabama,,1989,Truck Accident,Back Injury,verdict,80296.0,1,11.293487539336581,CourtListener,"(""Liberty""), appeals a judgment on a jury verdict in the amount of $80,296 in favor of plaintiff Lynn Kimbrel."
Kansas,,1988,Medical Malpractice,Other,settlement,27000000.0,0,17.11134746100564,CourtListener,"More than $27,000,000 in settlements and awards were incurred during this time period."
Nevada,,1988,Medical Malpractice,Back Injury,verdict,1149262.48,1,13.954631842988418,CourtListener,"The jury awarded McNally $1,149."
New Hampshire,,1988,Medical Malpractice,Back Injury,settlement,220000.0,0,12.301387370778713,CourtListener,"Medical Malpractice settlement of $220,000 in New Hampshire."
Louisiana,,1988,Truck Accident,Wrongful Death,verdict,128495.0,1,11.763653054428243,CourtListener,Judgment was awarded in favor of the plaintiff and the children totaling $128.
Mississippi,,1987,Medical Malpractice,Wrongful Death,verdict,4000000.0,1,15.201805169084134,CourtListener,"This suit was filed by the decedent's daughter individually and in her capacity as administratrix of the estate seeking a total of $4,000,000 in actual and punitive damages."
New Jersey,,1987,Car Accident,Back Injury,verdict,875000.0,1,13.681980308196241,CourtListener,"The jury returned a verdict in the amount of $875,000 against Columbia."
Indiana,,1987,Truck Accident,Wrongful Death,settlement,500000.0,0,13.122365377402328,CourtListener,"It assessed damages of $250,000, which the defendants have paid."
Ohio,,1987,Bus Accident,Back Injury,settlement,200000.0,0,12.206077645517674,CourtListener,"After the parties had settled appellants’ uninsured motorist claim for $200,000, appellants moved for prejudgment interest on that amount."
Louisiana,,1987,Truck Accident,Burns,settlement,129586.41,0,11.772110913119695,CourtListener,The trial judge calculated Jerrel Lognion's damages at $129.
Louisiana,,1987,Truck Accident,Wrongful Death,verdict,125000.0,1,11.736077016252437,CourtListener,"Terrance Hoychick, Eunice, for plaintiffs-appellees."
Louisiana,,1986,Truck Accident,Traumatic Brain Injury,settlement,1000000.0,0,13.815511557963774,CourtListener,"This case was tried before a jury which found Budd liable and awarded plaintiff the sum of $1,000."
New York,,1986,Pedestrian Accident,Other,verdict,800000.0,1,13.592368256649284,CourtListener,"Pedestrian Accident jury verdict of $800,000 in New York."
Michigan,,1986,Medical Malpractice,Knee Injury,settlement,250000.0,0,12.429220196836383,CourtListener,"On March 14, 1984, the Hilderbrant estate offered to settle the malpractice case for the policy limit of $100,000 plus interest at twelve percent, conditioned upon the entry of an offer of judgment."
Louisiana,,1986,Truck Accident,Soft Tissue Injury,verdict,123146.78,1,11.72114037658961,CourtListener,The jury further found that Curley Rogers' own fault contributed to his injuries in the amount of 75% and assessed damages at $5.
Georgia,,1986,Car Accident,Other,verdict,43495.0,1,10.680424258825756,CourtListener,"After deliberations, the jury returned a verdict in favor of the plaintiff and against all of the defendants in the amount of $12."
South Carolina,,1986,Truck Accident,Burns,settlement,15000.0,0,9.61587214452889,CourtListener,[Hite] was awarded a jury verdict against Martin of Fifteen Thousand ($15.
Louisiana,,1985,Medical Malpractice,Spinal Cord Injury,settlement,499757.76,0,13.121880780973402,CourtListener,Judgment was rendered in favor of Boudreaux and against the Police Jury in the amount of $499.
Florida,,1985,Medical Malpractice,Other,verdict,220000.0,1,12.301387370778713,CourtListener,"Medical Malpractice jury verdict of $220,000 in Florida."
Florida,,1985,Bus Accident,Other,verdict,100000.0,1,11.51293546492023,CourtListener,"For example, assume that defendant was found 80% negligent, claimant 20% negligent and claimant’s total damages are $100."
New York,,1985,Truck Accident,Traumatic Brain Injury,verdict,50000.0,1,10.819798284210286,CourtListener,"The jury, in answer to interrogatories requiring an assessment of damages, awarded plaintiff $50,000 for pain and suffering but denied recovery for lost earnings and diminished future earning capacity."
California,,1984,Bus Accident,Wrongful Death,settlement,150000.0,0,11.918397239722838,CourtListener,"Duchess Pettigrew appeals from an order made after judgment correcting the amount of the judgment by reducing the award of damages to $15,000 to conform to the limit fixed by Vehicle Code section."
Michigan,,1982,Medical Malpractice,Wrongful Death,verdict,250000.0,1,12.429220196836383,CourtListener,"This is an appeal from a wrongful death action resulting in a jury verdict for the plaintiff, Jo Anne Neal, for $250."
Louisiana,,1982,Car Accident,Soft Tissue Injury,verdict,109549.0,1,11.604136345023612,CourtListener,Plaintiff suffered personal injuries from a road condition accident. The parish police jury was found liable for negligent road maintenance.
Louisiana,,1982,Medical Malpractice,Burns,verdict,100000.0,1,11.51293546492023,CourtListener,"Defendant, Vernon Parish Police Jury, appeals from a judgment awarding $109,-."
Florida,,1981,Truck Accident,Wrongful Death,verdict,600000.0,1,13.304686600863562,CourtListener,") The jury awarded damages in the following amounts: Total damages of Estate of John Douglas Marson, $17."
Alabama,,1981,Medical Malpractice,Wrongful Death,settlement,225000.0,0,12.323860125621126,CourtListener,"The trial was before a jury, which returned a verdict in favor of the plaintiff in the sum of $225,000 The primary issues determinative of the appeal involve evidentiary questions, viz."
Arizona,,1980,Medical Malpractice,Wrongful Death,verdict,56000.0,1,10.933124826700707,CourtListener,The remaining issues were submitted to the jury and resulted in a verdict in favor of plaintiff for $7.
Texas,,1979,Bus Accident,Other,settlement,61280.0,0,11.023225122819186,CourtListener,"Each motion was overruled, and judgment was entered on the jury verdict awarding appellee damages in the total amount of $61."
New York,,1979,Medical Malpractice,Soft Tissue Injury,settlement,50000.0,0,10.819798284210286,CourtListener,"Judgment, Supreme Court, Bronx County, entered September 28, 1978, awarding plaintiff Sandra Lopato $50,000 and apportioning liability at 51% to defendant Popkin and 49% to plaintiff Harold Lopato, unanimously reversed, on the law, with costs to abide the e."
Louisiana,,1974,Slip and Fall,Back Injury,verdict,35000.0,1,10.463131911491967,CourtListener,"Plaintiff, Linda Revon, a tenant, was awarded $35,000 by a jury for a back injury she sustained in a slip and fall accident at the Wood Oak Apartments."
Minnesota,,1973,Medical Malpractice,Back Injury,verdict,45000.0,1,10.714439990727769,CourtListener,"The jury, upon a five-sixths verdict, found negligence on the part of defendant only and awarded $45,000 to Jeffrey and $."
